applicant_id,platform_type,monthly_inflow_avg,monthly_outflow_avg,inflow_volatility,inflow_outflow_ratio,active_days_ratio,utility_punctuality_score,recharge_regularity_index,avg_transaction_value,peak_daily_inflow,emergency_drawdown_count,zero_balance_days,platform_diversity,tenure_months,gender,city_tier,default_label,is_synthetic
UPI_GIG_01001,delivery,12145.06,8474.17,0.3086,1.4332,0.8444,0.5,0.8333,67.6,832.87,0,0,1,6,Male,Tier-2,1,True
UPI_GIG_01002,ride,21385.63,8258.38,0.1339,2.5896,0.8056,0.4167,0.8333,169.28,1340.34,0,0,1,6,Male,Tier-1,0,True
UPI_GIG_01003,ride,22176.09,8655.65,0.1116,2.562,0.8444,0.5833,1.0,175.31,1335.48,0,0,1,6,Male,Tier-1,0,True
UPI_GIG_01004,ride,23149.02,8988.41,0.0728,2.5754,0.9056,0.75,0.8333,160.57,1281.09,0,0,1,6,Male,Tier-3,0,True
UPI_GIG_01005,delivery,13735.95,9476.12,0.2513,1.4495,0.9056,0.8333,0.8333,70.02,924.88,0,0,1,6,Male,Tier-2,0,True
UPI_GIG_01006,delivery,15615.08,9200.03,0.0932,1.6973,0.8444,0.75,0.8333,83.35,900.61,0,0,1,6,Female,Tier-1,0,True
UPI_GIG_01007,delivery,11710.45,8993.85,0.4084,1.3021,0.8778,0.6667,1.0,62.12,901.55,0,0,1,6,Male,Tier-2,1,True
UPI_GIG_01008,ride,20595.52,9582.89,0.1476,2.1492,0.8222,0.9167,0.5,165.2,1220.03,0,0,1,6,Male,Tier-1,0,True
UPI_GIG_01009,ride,21837.35,9092.45,0.0997,2.4017,0.8611,0.5833,0.6667,162.97,1297.9,0,0,1,6,Female,Tier-2,0,True
UPI_GIG_01010,delivery,13447.75,9130.97,0.1099,1.4728,0.8556,0.6667,0.8333,72.56,783.15,0,0,1,6,Female,Tier-1,0,True
UPI_GIG_01011,vendor,27660.08,9171.26,0.1505,3.016,0.8556,0.6667,0.6667,106.66,1622.95,0,0,2,6,Female,Tier-3,0,True
UPI_GIG_01012,delivery,15502.34,8693.95,0.0588,1.7831,0.8333,0.6667,0.6667,87.09,830.29,0,0,1,6,Male,Tier-3,0,True
UPI_GIG_01013,freelance,39363.62,9650.85,0.0888,4.0788,0.8944,1.0,1.0,1205.01,2166.4,0,0,2,6,Male,Tier-3,0,True
UPI_GIG_01014,delivery,16038.7,9455.05,0.0517,1.6963,0.9,0.9167,1.0,85.01,878.84,0,2,1,6,Male,Tier-1,0,True
UPI_GIG_01015,ride,20999.71,8820.07,0.078,2.3809,0.8222,0.5833,0.6667,159.29,1160.17,0,0,1,6,Male,Tier-3,0,True
UPI_GIG_01016,ride,20062.67,9318.63,0.0722,2.153,0.8778,0.8333,0.8333,143.3,1084.23,0,0,1,6,Female,Tier-3,0,True
UPI_GIG_01017,vendor,26236.45,8938.0,0.1046,2.9354,0.8,0.5833,0.5,109.24,1492.34,0,0,2,6,Female,Tier-2,0,True
UPI_GIG_01018,ride,22068.92,9458.61,0.0721,2.3332,0.8833,0.9167,0.8333,160.11,1179.9,0,0,1,6,Male,Tier-2,0,True
UPI_GIG_01019,ride,22591.58,9278.74,0.0822,2.4348,0.9167,0.9167,0.8333,159.47,1222.57,0,0,1,6,Female,Tier-2,0,True
UPI_GIG_01020,freelance,39495.63,9596.03,0.1378,4.1158,0.8667,1.0,1.0,1178.97,2341.21,0,0,2,6,Male,Tier-2,0,True
UPI_GIG_01021,ride,23763.01,9477.29,0.0885,2.5074,0.9333,0.8333,0.8333,156.34,1350.9,0,0,1,6,Female,Tier-2,0,True
UPI_GIG_01022,freelance,30872.65,9453.13,0.1847,3.2659,0.9278,1.0,0.5,845.83,2028.99,0,0,2,6,Male,Tier-3,0,True
UPI_GIG_01023,ride,21603.23,8990.09,0.0822,2.403,0.8444,0.75,0.3333,154.49,1183.89,0,0,1,6,Male,Tier-1,0,True
UPI_GIG_01024,vendor,23654.62,8539.5,0.1774,2.77,0.8278,0.5833,0.8333,92.7,1528.34,0,0,2,6,Male,Tier-2,0,True
UPI_GIG_01025,freelance,36429.42,8647.49,0.134,4.2127,0.85,0.6667,0.5,1207.6,2191.98,0,0,2,6,Female,Tier-2,0,True
UPI_GIG_01026,delivery,16688.92,8953.37,0.0513,1.864,0.9333,0.75,0.8333,85.51,899.68,0,0,1,6,Female,Tier-2,0,True
UPI_GIG_01027,delivery,16378.24,9613.07,0.0375,1.7037,0.8889,0.9167,1.0,87.98,875.86,0,0,1,6,Male,Tier-2,0,True
UPI_GIG_01028,delivery,12400.8,8821.19,0.2902,1.4058,0.8833,0.6667,0.6667,68.7,822.7,0,0,1,6,Male,Tier-1,0,True
UPI_GIG_01029,ride,21294.16,9515.25,0.0737,2.2379,0.8778,0.6667,1.0,149.08,1199.67,0,0,1,6,Female,Tier-1,0,True
UPI_GIG_01030,delivery,10486.75,9169.29,0.4066,1.1437,0.8167,0.6667,0.6667,59.42,784.4,0,0,1,6,Female,Tier-3,1,True
UPI_GIG_01031,ride,20669.11,8993.74,0.0783,2.2982,0.8389,0.5,1.0,160.64,1139.31,0,0,1,6,Female,Tier-2,0,True
UPI_GIG_01032,ride,22366.09,9174.31,0.066,2.4379,0.8778,0.8333,0.6667,172.05,1263.84,0,0,1,6,Male,Tier-2,0,True
UPI_GIG_01033,delivery,14918.14,8864.54,0.0751,1.6829,0.8556,0.75,0.6667,81.08,829.45,0,0,1,6,Female,Tier-1,0,True
UPI_GIG_01034,delivery,16846.47,9303.32,0.0693,1.8108,0.9111,1.0,1.0,90.49,929.0,0,0,1,6,Male,Tier-2,0,True
UPI_GIG_01035,vendor,29362.19,8873.36,0.0975,3.309,0.9,0.75,1.0,113.29,1645.39,0,0,2,6,Male,Tier-1,0,True
UPI_GIG_01036,delivery,12542.57,9003.46,0.3264,1.3931,0.8556,0.75,0.8333,70.33,896.92,0,0,1,6,Male,Tier-2,1,True
UPI_GIG_01037,ride,21428.26,8857.4,0.07,2.4192,0.8556,0.5833,0.8333,172.81,1181.59,0,0,1,6,Male,Tier-2,0,True
UPI_GIG_01038,ride,20829.14,9147.96,0.1022,2.2769,0.8333,0.6667,0.8333,167.75,1172.56,0,0,1,6,Male,Tier-2,0,True
UPI_GIG_01039,freelance,37943.78,9084.57,0.1038,4.1767,0.8833,0.9167,0.6667,1198.22,2252.23,0,0,2,6,Female,Tier-3,0,True
UPI_GIG_01040,freelance,33157.63,9152.72,0.1041,3.6227,0.8389,0.75,0.8333,1058.22,1923.14,0,0,2,6,Female,Tier-3,0,True
UPI_GIG_01041,vendor,30084.94,9439.39,0.0528,3.1872,0.9111,0.8333,1.0,109.0,1664.75,0,0,2,6,Female,Tier-2,0,True
UPI_GIG_01042,ride,21072.83,8987.32,0.0683,2.3447,0.8556,0.9167,0.8333,159.84,1174.37,0,0,1,6,Female,Tier-1,0,True
UPI_GIG_01043,delivery,15666.57,9694.39,0.071,1.616,0.8611,0.8333,1.0,81.88,851.19,0,0,1,6,Female,Tier-1,0,True
UPI_GIG_01044,freelance,33542.41,9399.36,0.1415,3.5686,0.9222,1.0,0.8333,976.96,2028.82,0,0,2,6,Male,Tier-3,0,True
UPI_GIG_01045,ride,18803.16,9436.66,0.2949,1.9926,0.9056,0.9167,0.8333,135.44,1303.83,0,0,1,6,Male,Tier-2,0,True
UPI_GIG_01046,delivery,15291.21,9069.78,0.0667,1.686,0.8389,0.5,1.0,82.43,822.81,0,0,1,6,Female,Tier-2,0,True
UPI_GIG_01047,delivery,13997.37,8547.35,0.0454,1.6376,0.8,0.4167,1.0,81.94,755.88,0,0,1,6,Male,Tier-1,0,True
UPI_GIG_01048,ride,14648.96,9017.88,0.4034,1.6244,0.8278,0.8333,0.8333,111.26,1129.7,0,0,1,6,Male,Tier-2,0,True
UPI_GIG_01049,delivery,17235.1,9673.81,0.0321,1.7816,0.9389,0.9167,0.8333,82.93,892.56,0,0,1,6,Female,Tier-2,0,True
UPI_GIG_01050,freelance,26209.83,9326.09,0.3828,2.8104,0.9222,0.8333,1.0,763.39,1847.35,0,0,2,6,Male,Tier-2,0,True
UPI_GIG_01051,ride,21551.57,9327.47,0.0884,2.3105,0.8444,0.75,0.8333,164.73,1199.48,0,0,1,6,Female,Tier-1,0,True
UPI_GIG_01052,ride,21488.42,9024.03,0.1056,2.3812,0.8444,0.5833,0.5,174.0,1237.58,0,0,1,6,Male,Tier-1,0,True
UPI_GIG_01053,ride,22494.88,9234.05,0.0895,2.4361,0.9056,0.8333,0.8333,159.35,1247.35,0,0,1,6,Female,Tier-2,0,True
UPI_GIG_01054,ride,22433.16,9411.6,0.0407,2.3836,0.9167,0.9167,0.8333,169.73,1185.36,0,0,1,6,Female,Tier-1,0,True
UPI_GIG_01055,ride,21096.45,8768.65,0.1124,2.4059,0.8611,0.75,0.6667,154.36,1229.51,0,0,1,6,Male,Tier-1,0,True
UPI_GIG_01056,delivery,12151.86,9508.88,0.2964,1.2779,0.9222,0.9167,1.0,60.16,837.02,0,0,1,6,Male,Tier-3,0,True
UPI_GIG_01057,ride,20422.87,9167.48,0.1681,2.2278,0.8222,0.75,0.8333,161.66,1372.04,0,0,1,6,Female,Tier-1,0,True
UPI_GIG_01058,ride,23144.04,9563.49,0.0848,2.42,0.9111,0.9167,0.8333,177.35,1315.26,0,0,1,6,Female,Tier-2,0,True
UPI_GIG_01059,ride,21188.05,8934.86,0.1101,2.3714,0.8333,0.5,0.6667,179.31,1235.19,0,0,1,6,Female,Tier-3,0,True
UPI_GIG_01060,ride,18683.07,8995.06,0.2342,2.077,0.8833,0.6667,0.8333,149.86,1195.43,0,0,1,6,Male,Tier-1,1,True
UPI_GIG_01061,vendor,28130.96,8873.08,0.056,3.1704,0.8611,0.75,1.0,111.93,1501.86,0,0,2,6,Male,Tier-3,0,True
UPI_GIG_01062,delivery,15638.44,8655.66,0.0808,1.8067,0.8833,0.6667,0.5,85.3,909.74,0,1,1,6,Female,Tier-2,0,True
UPI_GIG_01063,vendor,28253.3,8714.47,0.0654,3.2421,0.8444,0.4167,1.0,108.74,1570.23,0,0,2,6,Male,Tier-2,0,True
UPI_GIG_01064,delivery,13336.12,9519.88,0.2432,1.4009,0.9389,1.0,1.0,65.11,858.79,0,0,1,6,Female,Tier-3,0,True
UPI_GIG_01065,vendor,29460.37,9728.11,0.0711,3.0284,0.9,1.0,1.0,111.1,1629.25,0,0,2,6,Male,Tier-1,0,True
UPI_GIG_01066,ride,23871.7,9706.23,0.0453,2.4594,0.9167,1.0,1.0,171.53,1253.66,0,0,1,6,Female,Tier-1,0,True
UPI_GIG_01067,ride,23335.62,9278.26,0.0737,2.5151,0.8944,0.9167,1.0,173.93,1275.03,0,0,1,6,Male,Tier-1,0,True
UPI_GIG_01068,delivery,14461.42,9410.52,0.0879,1.5367,0.9056,0.8333,1.0,76.25,827.03,0,0,1,6,Male,Tier-3,0,True
UPI_GIG_01069,freelance,37724.53,9083.89,0.1237,4.1529,0.8833,0.75,0.3333,1166.74,2222.47,0,0,2,6,Male,Tier-3,0,True
UPI_GIG_01070,delivery,16096.89,9344.77,0.0816,1.7226,0.9111,0.75,1.0,83.48,918.19,0,0,1,6,Female,Tier-3,0,True
UPI_GIG_01071,delivery,17244.46,9523.57,0.0479,1.8107,0.9444,0.8333,1.0,86.66,920.87,0,1,1,6,Male,Tier-1,0,True
UPI_GIG_01072,freelance,34130.54,9167.92,0.1558,3.7228,0.9389,0.6667,0.6667,1008.78,2040.81,0,0,2,6,Male,Tier-1,0,True
UPI_GIG_01073,delivery,10951.86,8931.93,0.3812,1.2261,0.8611,0.6667,0.8333,59.52,803.09,0,0,1,6,Male,Tier-2,0,True
UPI_GIG_01074,delivery,15273.31,9171.5,0.0778,1.6653,0.8611,0.75,0.5,82.63,894.51,0,0,1,6,Female,Tier-2,0,True
UPI_GIG_01075,vendor,28337.17,9727.04,0.0701,2.9132,0.8667,0.9167,1.0,110.19,1572.54,0,0,2,6,Male,Tier-2,0,True
UPI_GIG_01076,ride,18042.57,9456.08,0.2003,1.908,0.8889,0.8333,1.0,142.25,1077.17,0,0,1,6,Female,Tier-1,0,True
UPI_GIG_01077,freelance,32705.47,9612.74,0.0926,3.4023,0.8278,1.0,0.6667,1032.8,1900.08,0,0,2,6,Female,Tier-2,0,True
UPI_GIG_01078,freelance,27353.7,9570.27,0.272,2.8582,0.8667,0.9167,0.8333,800.6,1789.61,0,0,2,6,Female,Tier-2,0,True
UPI_GIG_01079,ride,18086.12,8932.62,0.1216,2.0247,0.8222,0.75,0.6667,148.65,1052.75,0,0,1,6,Male,Tier-1,0,True
UPI_GIG_01080,delivery,13068.19,9951.33,0.2576,1.3132,0.9167,1.0,1.0,65.61,831.84,0,0,1,6,Male,Tier-2,0,True
UPI_GIG_01081,delivery,15237.05,9614.21,0.0811,1.5848,0.8667,0.8333,0.6667,81.99,865.6,0,0,1,6,Male,Tier-2,0,True
UPI_GIG_01082,delivery,12447.29,9463.56,0.1475,1.3153,0.8444,0.75,1.0,70.66,730.58,0,0,1,6,Male,Tier-2,0,True
UPI_GIG_01083,delivery,16322.97,9497.78,0.0418,1.7186,0.9222,1.0,0.8333,82.16,872.48,0,0,1,6,Female,Tier-2,0,True
UPI_GIG_01084,delivery,15584.0,9050.38,0.109,1.7219,0.8833,0.75,0.8333,83.49,868.04,0,0,1,6,Male,Tier-1,0,True
UPI_GIG_01085,vendor,20616.21,9162.22,0.3879,2.2501,0.85,0.6667,0.6667,81.92,1486.5,0,0,2,6,Male,Tier-1,1,True
UPI_GIG_01086,ride,18514.79,8511.02,0.1202,2.1754,0.7833,0.5,0.6667,150.53,1141.72,0,0,1,6,Male,Tier-1,1,True
UPI_GIG_01087,vendor,21073.68,8668.08,0.3632,2.4312,0.8667,0.5,0.6667,79.42,1482.85,0,0,2,6,Male,Tier-1,1,True
UPI_GIG_01088,freelance,24762.45,8575.13,0.4016,2.8877,0.8444,0.4167,0.6667,816.34,1978.09,0,0,2,6,Male,Tier-2,1,True
UPI_GIG_01089,delivery,11262.48,9757.7,0.4113,1.1542,0.8667,1.0,1.0,59.28,834.75,0,0,1,6,Female,Tier-3,0,True
UPI_GIG_01090,delivery,15756.04,9403.72,0.0471,1.6755,0.8944,0.8333,1.0,86.73,850.34,0,0,1,6,Female,Tier-2,0,True
UPI_GIG_01091,ride,24881.1,9459.31,0.0585,2.6303,0.9444,0.8333,1.0,174.81,1346.01,0,0,1,6,Male,Tier-1,0,True
UPI_GIG_01092,delivery,12999.28,9724.27,0.2901,1.3368,0.8833,0.9167,0.5,66.1,865.76,0,0,1,6,Male,Tier-2,1,True
UPI_GIG_01093,freelance,32205.2,9286.06,0.1449,3.4681,0.7944,0.8333,0.8333,1033.32,1864.22,0,0,2,6,Male,Tier-2,0,True
UPI_GIG_01094,delivery,15418.13,9380.18,0.0604,1.6437,0.8667,0.9167,0.8333,83.04,822.94,0,0,1,6,Male,Tier-2,0,True
UPI_GIG_01095,delivery,16883.45,9729.78,0.0671,1.7352,0.9278,1.0,0.8333,80.72,934.94,0,0,1,6,Male,Tier-1,0,True
UPI_GIG_01096,vendor,28221.25,8682.75,0.047,3.2503,0.8611,0.5,0.8333,108.47,1497.01,0,0,2,6,Male,Tier-3,0,True
UPI_GIG_01097,delivery,13080.82,9101.83,0.1672,1.4372,0.8722,0.6667,0.8333,73.42,817.88,0,0,1,6,Female,Tier-1,0,True
UPI_GIG_01098,freelance,40010.1,8757.73,0.1053,4.5685,0.9167,0.75,1.0,1165.34,2274.51,0,0,2,6,Female,Tier-3,0,True
UPI_GIG_01099,delivery,16131.82,8582.41,0.0471,1.8796,0.8889,0.4167,0.8333,84.31,853.19,0,0,1,6,Female,Tier-2,0,True
UPI_GIG_01100,freelance,38235.47,9036.58,0.1157,4.2312,0.9,0.6667,0.8333,1082.14,2307.65,0,0,2,6,Male,Tier-3,0,True
UPI_GIG_01101,delivery,11851.7,9208.7,0.2768,1.287,0.85,0.6667,0.6667,67.09,872.72,0,0,1,6,Female,Tier-2,1,True
UPI_GIG_01102,ride,18053.33,8697.85,0.2182,2.0756,0.8389,0.6667,0.6667,144.04,1210.34,0,0,1,6,Female,Tier-2,1,True
UPI_GIG_01103,vendor,24794.07,9015.72,0.2035,2.7501,0.8611,0.5833,0.8333,97.04,1614.45,0,0,2,6,Male,Tier-1,0,True
UPI_GIG_01104,delivery,16562.65,9315.52,0.0397,1.778,0.9167,0.9167,1.0,86.64,870.07,0,0,1,6,Female,Tier-3,0,True
UPI_GIG_01105,delivery,16247.52,8858.56,0.0717,1.8341,0.8944,0.6667,0.6667,85.81,887.53,0,0,1,6,Male,Tier-2,0,True
UPI_GIG_01106,vendor,28493.18,9418.35,0.0798,3.0253,0.8889,0.8333,0.8333,106.38,1582.2,0,0,2,6,Male,Tier-2,0,True
UPI_GIG_01107,delivery,10587.78,9720.53,0.3775,1.0892,0.8833,1.0,1.0,57.13,783.24,0,0,1,6,Female,Tier-2,0,True
UPI_GIG_01108,delivery,15858.92,9376.95,0.0389,1.6913,0.8722,0.8333,0.5,87.14,821.09,0,0,1,6,Female,Tier-2,0,True
UPI_GIG_01109,vendor,26456.51,9219.94,0.0827,2.8695,0.8167,0.75,0.5,108.5,1508.39,0,0,2,6,Female,Tier-1,0,True
UPI_GIG_01110,ride,23110.06,8938.92,0.0677,2.5853,0.8667,0.6667,0.8333,176.64,1256.0,0,0,1,6,Female,Tier-2,0,True
UPI_GIG_01111,ride,19160.43,9453.87,0.2178,2.0267,0.9333,0.9167,1.0,131.69,1220.74,0,0,1,6,Female,Tier-1,0,True
UPI_GIG_01112,delivery,16641.23,9733.66,0.0466,1.7097,0.9278,0.9167,1.0,87.13,887.35,0,0,1,6,Male,Tier-3,0,True
UPI_GIG_01113,ride,21091.78,8400.98,0.1349,2.5106,0.8167,0.4167,0.5,177.74,1327.92,0,0,1,6,Male,Tier-2,0,True
UPI_GIG_01114,freelance,30183.17,9331.78,0.1254,3.2345,0.85,0.75,0.6667,919.28,1757.18,0,0,2,6,Male,Tier-3,1,True
UPI_GIG_01115,delivery,15167.03,9298.38,0.048,1.6311,0.8833,0.8333,1.0,82.58,809.18,0,0,1,6,Male,Tier-2,0,True
UPI_GIG_01116,delivery,15699.53,9104.68,0.0648,1.7243,0.8667,0.6667,1.0,81.42,841.55,0,0,1,6,Male,Tier-2,0,True
UPI_GIG_01117,freelance,30088.93,8995.39,0.3184,3.3449,0.8722,0.5833,0.8333,955.2,2152.78,0,0,2,6,Female,Tier-1,1,True
UPI_GIG_01118,delivery,15301.06,9019.46,0.0422,1.6965,0.8444,0.75,1.0,88.19,807.73,0,0,1,6,Male,Tier-1,0,True
UPI_GIG_01119,freelance,37821.07,9418.65,0.1711,4.0155,0.9111,0.8333,0.8333,1140.33,2275.84,0,0,2,6,Female,Tier-2,0,True
UPI_GIG_01120,vendor,31546.12,9289.22,0.0725,3.396,0.9278,0.9167,1.0,113.54,1746.49,0,0,2,6,Female,Tier-2,0,True
UPI_GIG_01121,delivery,15733.16,9175.32,0.046,1.7147,0.8778,0.8333,0.8333,80.2,835.44,0,0,1,6,Female,Tier-2,0,True
UPI_GIG_01122,vendor,30244.4,8511.24,0.093,3.5535,0.8944,0.5833,1.0,108.92,1646.3,0,0,2,6,Male,Tier-3,0,True
UPI_GIG_01123,delivery,14641.2,8132.3,0.1341,1.8004,0.8056,0.3333,0.8333,84.96,845.5,0,0,1,6,Male,Tier-2,0,True
UPI_GIG_01124,freelance,37534.58,8908.63,0.0989,4.2133,0.9278,0.75,0.8333,1154.91,2126.71,0,0,2,6,Male,Tier-3,0,True
UPI_GIG_01125,delivery,15673.71,8835.1,0.0665,1.774,0.8778,0.6667,0.5,85.65,867.95,0,0,1,6,Female,Tier-3,0,True
UPI_GIG_01126,ride,20402.45,8914.28,0.113,2.2887,0.8,0.75,0.5,165.2,1156.24,0,0,1,6,Male,Tier-1,0,True
UPI_GIG_01127,ride,15845.31,8881.39,0.2766,1.7841,0.8,0.5,1.0,122.36,1113.39,0,0,1,6,Male,Tier-2,1,True
UPI_GIG_01128,freelance,34318.42,8525.12,0.1043,4.0256,0.8556,0.5,0.5,1095.27,1946.08,0,0,2,6,Female,Tier-1,0,True
UPI_GIG_01129,delivery,14978.72,9037.58,0.1381,1.6574,0.8167,0.5833,0.5,85.27,882.24,0,0,1,6,Male,Tier-3,0,True
UPI_GIG_01130,freelance,38980.86,9680.07,0.0521,4.0269,0.9056,0.9167,0.6667,1157.85,2043.59,0,0,2,6,Male,Tier-3,0,True
UPI_GIG_01131,delivery,18048.91,9951.94,0.0424,1.8136,0.9667,1.0,1.0,89.65,948.41,0,0,1,6,Male,Tier-1,0,True
UPI_GIG_01132,delivery,14293.12,9659.54,0.2185,1.4797,0.9444,1.0,0.8333,70.93,909.91,0,0,1,6,Male,Tier-2,0,True
UPI_GIG_01133,ride,22228.64,8646.24,0.0707,2.5709,0.8556,0.5,0.6667,167.76,1254.69,0,0,1,6,Male,Tier-3,0,True
UPI_GIG_01134,freelance,33096.0,8120.14,0.0388,4.0758,0.8389,0.25,0.8333,1109.36,1747.66,0,0,2,6,Male,Tier-3,0,True
UPI_GIG_01135,delivery,15554.56,9105.18,0.0765,1.7083,0.8611,0.6667,0.8333,85.15,865.2,0,0,1,6,Female,Tier-3,0,True
UPI_GIG_01136,vendor,24544.37,8999.02,0.2352,2.7274,0.8333,0.5833,0.6667,99.3,1670.73,0,0,2,6,Female,Tier-1,1,True
UPI_GIG_01137,ride,19852.77,8983.63,0.2821,2.2099,0.9167,0.8333,0.8333,136.6,1310.83,0,0,1,6,Male,Tier-3,0,True
UPI_GIG_01138,ride,16880.48,9338.06,0.3547,1.8077,0.9111,0.8333,0.6667,127.08,1210.7,0,0,1,6,Female,Tier-2,0,True
UPI_GIG_01139,ride,23394.95,9280.01,0.1102,2.521,0.9167,0.9167,0.8333,163.79,1364.08,0,0,1,6,Female,Tier-2,0,True
UPI_GIG_01140,delivery,13273.51,9375.28,0.2179,1.4158,0.8611,0.9167,0.6667,69.98,828.18,0,0,1,6,Female,Tier-1,0,True
UPI_GIG_01141,delivery,12415.06,8402.66,0.1671,1.4775,0.8111,0.4167,0.8333,74.05,762.26,0,0,1,6,Male,Tier-3,1,True
UPI_GIG_01142,vendor,26238.34,8902.53,0.0783,2.9473,0.8111,0.5833,0.5,107.02,1440.48,0,0,2,6,Female,Tier-2,0,True
UPI_GIG_01143,freelance,36916.57,8932.16,0.1521,4.133,0.9056,0.6667,0.6667,1141.75,2226.76,0,0,2,6,Female,Tier-2,0,True
UPI_GIG_01144,freelance,28153.5,9096.88,0.2558,3.0949,0.8778,0.8333,0.8333,844.6,1863.16,0,0,2,6,Male,Tier-3,0,True
UPI_GIG_01145,delivery,13613.61,9463.99,0.2154,1.4385,0.9056,0.8333,1.0,71.4,873.73,0,0,1,6,Male,Tier-3,0,True
UPI_GIG_01146,freelance,31790.45,9369.81,0.28,3.3929,0.95,1.0,0.6667,908.3,2354.33,0,0,2,6,Female,Tier-1,0,True
UPI_GIG_01147,ride,17524.6,9521.58,0.3187,1.8405,0.9111,1.0,1.0,120.03,1184.63,0,0,1,6,Male,Tier-2,0,True
UPI_GIG_01148,freelance,36824.29,9124.66,0.0718,4.0357,0.9333,0.9167,0.8333,1067.37,2024.21,0,0,2,6,Female,Tier-3,0,True
UPI_GIG_01149,delivery,17134.45,9527.76,0.0488,1.7984,0.9444,0.9167,0.8333,83.58,943.16,0,0,1,6,Male,Tier-3,0,True
UPI_GIG_01150,ride,18205.08,8793.66,0.1675,2.0703,0.8333,0.6667,0.6667,143.72,1111.87,0,0,1,6,Male,Tier-1,1,True
UPI_GIG_01151,delivery,14872.77,9369.81,0.0439,1.5873,0.8222,0.8333,0.6667,84.83,790.57,0,0,1,6,Male,Tier-2,0,True
UPI_GIG_01152,vendor,26085.93,9212.55,0.118,2.8316,0.8778,0.8333,0.8333,96.26,1491.57,0,0,2,6,Female,Tier-3,0,True
UPI_GIG_01153,vendor,29935.09,9631.86,0.0665,3.1079,0.9111,0.8333,1.0,109.39,1648.38,0,0,2,6,Male,Tier-2,0,True
UPI_GIG_01154,delivery,16081.59,8945.37,0.0795,1.7978,0.8833,0.75,0.8333,83.69,919.53,0,0,1,6,Female,Tier-2,0,True
UPI_GIG_01155,delivery,15208.3,8928.63,0.1092,1.7033,0.8556,0.8333,0.6667,79.69,865.46,0,0,1,6,Female,Tier-1,0,True
UPI_GIG_01156,delivery,14741.03,8457.8,0.1004,1.7429,0.8222,0.5,0.8333,90.25,833.74,0,0,1,6,Female,Tier-2,0,True
UPI_GIG_01157,freelance,37016.59,9528.77,0.1398,3.8847,0.8611,1.0,0.5,1110.5,2146.15,0,0,2,6,Female,Tier-1,0,True
UPI_GIG_01158,freelance,31434.02,9037.14,0.2212,3.4783,0.8556,0.75,1.0,952.55,1990.99,0,0,2,6,Male,Tier-2,0,True
UPI_GIG_01159,ride,16440.05,9538.3,0.4045,1.7236,0.8556,0.8333,0.8333,122.53,1226.18,0,0,1,6,Male,Tier-2,1,True
UPI_GIG_01160,vendor,30724.66,9015.31,0.0619,3.4081,0.9278,0.6667,0.6667,108.12,1635.87,0,0,2,6,Female,Tier-2,0,True
UPI_GIG_01161,ride,21567.34,8972.68,0.0862,2.4037,0.8667,0.6667,1.0,154.6,1210.85,0,0,1,6,Female,Tier-2,0,True
UPI_GIG_01162,vendor,24852.32,8984.38,0.1739,2.7662,0.85,0.6667,0.8333,95.89,1511.49,0,0,2,6,Male,Tier-2,0,True
UPI_GIG_01163,delivery,15435.94,8890.68,0.094,1.7362,0.85,0.75,0.5,88.54,865.23,0,0,1,6,Male,Tier-2,0,True
UPI_GIG_01164,ride,16849.31,8208.74,0.3472,2.0526,0.85,0.4167,0.6667,136.8,1222.5,0,0,1,6,Male,Tier-2,1,True
UPI_GIG_01165,delivery,14472.84,8682.09,0.0674,1.667,0.7944,0.4167,0.6667,84.64,806.91,0,0,1,6,Male,Tier-1,0,True
UPI_GIG_01166,delivery,15470.64,9649.85,0.0793,1.6032,0.8556,0.8333,0.5,86.91,895.93,0,0,1,6,Male,Tier-2,0,True
UPI_GIG_01167,delivery,16131.29,9860.17,0.1111,1.636,0.9,1.0,0.8333,83.44,898.3,0,0,1,6,Male,Tier-1,0,True
UPI_GIG_01168,vendor,27766.24,8429.9,0.0514,3.2938,0.8333,0.5,0.5,110.62,1469.72,0,0,2,6,Male,Tier-2,0,True
UPI_GIG_01169,freelance,36223.68,9271.23,0.1393,3.9071,0.8778,0.8333,0.8333,1060.21,2186.75,0,0,2,6,Male,Tier-2,0,True
UPI_GIG_01170,delivery,15909.61,9542.16,0.0744,1.6673,0.9111,0.75,1.0,81.52,897.75,0,0,1,6,Female,Tier-2,0,True
UPI_GIG_01171,delivery,16522.2,8910.83,0.0783,1.8542,0.8889,0.5833,0.8333,88.12,915.71,0,0,1,6,Female,Tier-2,0,True
UPI_GIG_01172,freelance,28638.3,8611.1,0.403,3.3257,0.8889,0.6667,0.6667,894.95,2178.66,0,0,2,6,Male,Tier-2,0,True
UPI_GIG_01173,ride,22040.7,9330.7,0.086,2.3622,0.8556,0.8333,0.8333,162.06,1219.04,0,0,1,6,Male,Tier-2,0,True
UPI_GIG_01174,ride,22839.64,9332.9,0.0535,2.4472,0.8778,0.8333,1.0,167.94,1226.51,0,0,1,6,Male,Tier-2,0,True
UPI_GIG_01175,ride,23111.39,8521.49,0.0859,2.7121,0.8889,0.5,0.6667,165.28,1318.47,0,0,1,6,Female,Tier-1,0,True
UPI_GIG_01176,ride,22269.74,9296.54,0.0372,2.3955,0.8833,0.8333,0.8333,171.31,1164.01,0,0,1,6,Female,Tier-2,0,True
UPI_GIG_01177,vendor,27051.58,9117.42,0.0541,2.967,0.8278,0.75,0.8333,106.64,1491.07,0,0,2,6,Male,Tier-3,0,True
UPI_GIG_01178,vendor,22866.62,9217.68,0.3237,2.4807,0.8889,0.6667,0.3333,88.06,1553.04,0,0,2,6,Female,Tier-2,1,True
UPI_GIG_01179,delivery,12190.94,9906.67,0.4316,1.2306,0.9444,1.0,0.8333,60.75,928.17,0,0,1,6,Female,Tier-2,0,True
UPI_GIG_01180,freelance,26730.03,8499.11,0.3037,3.145,0.8,0.5833,0.8333,895.98,2024.53,0,0,2,6,Male,Tier-1,1,True
UPI_GIG_01181,vendor,29373.96,9249.06,0.0374,3.1759,0.9,1.0,1.0,106.49,1524.6,0,0,2,6,Male,Tier-2,0,True
UPI_GIG_01182,delivery,11340.69,8861.32,0.333,1.2798,0.8778,0.5833,1.0,62.31,795.23,0,0,1,6,Male,Tier-2,0,True
UPI_GIG_01183,delivery,11693.11,9152.7,0.3704,1.2776,0.9056,0.75,0.6667,59.41,830.74,0,0,1,6,Female,Tier-1,0,True
UPI_GIG_01184,delivery,14110.52,8278.46,0.1195,1.7045,0.7889,0.3333,0.6667,80.79,795.29,0,0,1,6,Male,Tier-1,0,True
UPI_GIG_01185,ride,15917.93,8890.94,0.3791,1.7904,0.8611,0.6667,0.6667,121.05,1202.76,0,0,1,6,Female,Tier-1,1,True
UPI_GIG_01186,delivery,16136.05,9343.37,0.1241,1.727,0.9111,0.9167,0.6667,88.26,927.58,0,0,1,6,Female,Tier-1,0,True
UPI_GIG_01187,delivery,10699.44,9026.08,0.4172,1.1854,0.8833,0.6667,1.0,58.9,815.24,0,0,1,6,Male,Tier-1,0,True
UPI_GIG_01188,delivery,15881.2,9049.53,0.0801,1.7549,0.8833,0.9167,1.0,82.0,901.11,0,0,1,6,Male,Tier-2,0,True
UPI_GIG_01189,freelance,26294.94,9532.64,0.3901,2.7584,0.9,0.9167,1.0,751.28,1978.54,0,0,2,6,Female,Tier-2,0,True
UPI_GIG_01190,freelance,39333.21,8994.15,0.0601,4.3732,0.9056,0.8333,0.5,1151.22,2184.19,0,0,2,6,Male,Tier-3,0,True
UPI_GIG_01191,freelance,26105.26,8858.39,0.3563,2.947,0.8111,0.5,0.8333,860.61,1961.66,0,1,2,6,Female,Tier-3,1,True
UPI_GIG_01192,delivery,16097.91,8840.22,0.0733,1.821,0.8889,0.75,0.8333,84.5,914.82,0,0,1,6,Male,Tier-2,0,True
UPI_GIG_01193,delivery,13646.97,8901.29,0.183,1.5331,0.9167,0.5833,0.6667,72.46,871.7,0,0,1,6,Female,Tier-2,0,True
UPI_GIG_01194,delivery,14111.44,8674.75,0.0855,1.6267,0.7667,0.5833,0.3333,86.93,782.5,0,1,1,6,Male,Tier-1,0,True
UPI_GIG_01195,delivery,12765.69,9122.25,0.335,1.3994,0.9056,0.9167,0.5,68.76,915.49,0,0,1,6,Female,Tier-3,0,True
UPI_GIG_01196,ride,20848.52,8217.8,0.0775,2.537,0.8222,0.3333,0.8333,163.3,1115.28,0,0,1,6,Male,Tier-3,0,True
UPI_GIG_01197,delivery,13483.77,8983.59,0.097,1.5009,0.7722,0.5833,0.8333,80.58,738.77,0,0,1,6,Female,Tier-3,0,True
UPI_GIG_01198,ride,24016.99,9105.92,0.0449,2.6375,0.8833,0.75,0.8333,179.01,1295.91,0,0,1,6,Male,Tier-2,0,True
UPI_GIG_01199,freelance,38307.54,8745.65,0.1126,4.3802,0.9056,0.6667,0.5,1155.0,2245.33,0,0,2,6,Male,Tier-1,0,True
UPI_GIG_01200,delivery,12538.54,9125.49,0.3579,1.374,0.9222,0.9167,0.8333,63.27,942.28,0,0,1,6,Male,Tier-3,0,True
UPI_GIG_01201,vendor,21455.62,9441.98,0.3989,2.2724,0.8833,0.8333,0.8333,79.27,1579.58,0,0,2,6,Female,Tier-1,0,True
UPI_GIG_01202,vendor,26546.02,9375.56,0.1456,2.8314,0.9222,0.75,0.8333,96.88,1573.91,0,0,2,6,Male,Tier-2,0,True
UPI_GIG_01203,ride,23123.77,8745.98,0.0789,2.6439,0.8778,0.5833,1.0,170.66,1273.99,0,0,1,6,Male,Tier-2,0,True
UPI_GIG_01204,delivery,16351.51,9004.41,0.0617,1.8159,0.8944,0.6667,1.0,86.52,917.71,0,0,1,6,Male,Tier-2,0,True
UPI_GIG_01205,freelance,26013.22,8878.24,0.3594,2.93,0.8333,0.5,1.0,821.47,1882.12,0,0,2,6,Male,Tier-2,1,True
UPI_GIG_01206,ride,16059.6,8846.41,0.285,1.8154,0.8167,0.75,0.1667,124.82,1173.41,0,0,1,6,Female,Tier-1,1,True
UPI_GIG_01207,vendor,25601.13,9380.02,0.2487,2.7293,0.9556,0.9167,0.8333,86.3,1650.52,0,0,2,6,Female,Tier-2,0,True
UPI_GIG_01208,freelance,26885.25,8954.83,0.4074,3.0023,0.8611,0.5833,1.0,814.7,2108.18,0,0,2,6,Male,Tier-3,1,True
UPI_GIG_01209,freelance,27194.1,8184.78,0.176,3.3225,0.8556,0.3333,0.3333,896.51,1685.51,0,0,2,6,Male,Tier-1,1,True
UPI_GIG_01210,delivery,10329.51,8716.29,0.411,1.1851,0.8056,0.5833,0.6667,59.31,769.32,0,0,1,6,Female,Tier-2,1,True
UPI_GIG_01211,delivery,14305.01,8764.16,0.1225,1.6322,0.8,0.5,1.0,81.98,834.74,0,0,1,6,Male,Tier-1,0,True
UPI_GIG_01212,vendor,31592.73,9691.1,0.0193,3.26,0.9444,1.0,1.0,108.57,1620.98,0,0,2,6,Female,Tier-3,0,True
UPI_GIG_01213,ride,24071.42,9284.66,0.1097,2.5926,0.9167,0.9167,1.0,178.53,1399.35,0,0,1,6,Male,Tier-3,0,True
UPI_GIG_01214,freelance,35834.6,9239.08,0.1258,3.8786,0.8778,0.8333,0.8333,1075.04,2180.87,0,0,2,6,Female,Tier-2,0,True
UPI_GIG_01215,delivery,15330.22,8945.64,0.0895,1.7137,0.8444,0.5,1.0,80.26,905.79,0,1,1,6,Female,Tier-3,0,True
UPI_GIG_01216,ride,21265.85,9335.89,0.0693,2.2779,0.8556,0.8333,0.8333,164.43,1153.5,0,0,1,6,Female,Tier-2,0,True
UPI_GIG_01217,ride,16627.92,9022.6,0.3254,1.8429,0.9056,0.6667,0.6667,120.35,1185.09,0,0,1,6,Female,Tier-2,1,True
UPI_GIG_01218,delivery,12442.64,8998.27,0.3506,1.3828,0.8722,0.9167,0.5,66.9,878.77,0,0,1,6,Male,Tier-2,1,True
UPI_GIG_01219,ride,21251.72,8948.72,0.0555,2.3748,0.85,0.75,0.8333,168.66,1144.97,0,0,1,6,Female,Tier-2,0,True
UPI_GIG_01220,ride,24006.06,9562.34,0.0791,2.5105,0.9556,0.9167,0.8333,157.93,1302.81,0,0,1,6,Male,Tier-2,0,True
UPI_GIG_01221,vendor,28772.42,9097.56,0.0349,3.1627,0.8667,0.75,1.0,110.03,1497.82,0,0,2,6,Male,Tier-1,0,True
UPI_GIG_01222,freelance,34540.46,8888.42,0.0812,3.886,0.85,0.75,0.5,1041.42,1985.05,0,0,2,6,Male,Tier-1,0,True
UPI_GIG_01223,ride,24215.11,9179.88,0.0809,2.6378,0.9278,0.8333,0.6667,171.13,1340.48,0,0,1,6,Female,Tier-3,0,True
UPI_GIG_01224,freelance,35771.18,9082.58,0.0729,3.9384,0.8222,0.75,0.5,1212.58,1891.03,0,0,2,6,Female,Tier-2,0,True
UPI_GIG_01225,delivery,11809.41,8832.16,0.312,1.3371,0.8556,0.5833,0.6667,65.31,865.47,0,2,1,6,Male,Tier-1,1,True
UPI_GIG_01226,delivery,16316.01,9075.6,0.0678,1.7978,0.9,0.8333,0.8333,88.51,891.35,0,0,1,6,Male,Tier-1,0,True
UPI_GIG_01227,ride,22271.72,8902.68,0.0755,2.5017,0.8611,0.75,0.6667,160.61,1209.82,0,0,1,6,Female,Tier-2,0,True
UPI_GIG_01228,ride,19154.52,9147.73,0.2514,2.0939,0.9056,0.8333,0.8333,141.54,1380.76,0,0,1,6,Male,Tier-2,0,True
UPI_GIG_01229,delivery,15946.31,8522.77,0.0486,1.871,0.9,0.5,0.8333,82.41,848.79,0,0,1,6,Male,Tier-1,0,True
UPI_GIG_01230,ride,18433.09,9735.6,0.2848,1.8934,0.9056,0.9167,1.0,131.66,1309.78,0,0,1,6,Female,Tier-1,0,True
UPI_GIG_01231,vendor,22272.39,8667.55,0.3121,2.5696,0.8167,0.75,0.5,90.35,1588.51,0,0,2,6,Female,Tier-1,1,True
UPI_GIG_01232,freelance,30984.81,9495.71,0.4259,3.263,0.9222,1.0,0.6667,889.52,2339.2,0,0,2,6,Male,Tier-3,0,True
UPI_GIG_01233,freelance,24941.43,9743.11,0.3649,2.5599,0.85,0.9167,0.5,775.38,1840.55,0,0,2,6,Female,Tier-1,1,True
UPI_GIG_01234,delivery,15247.73,9483.66,0.1092,1.6078,0.8722,0.8333,0.6667,73.13,858.17,0,0,1,6,Female,Tier-3,0,True
UPI_GIG_01235,ride,15818.25,8901.04,0.3431,1.7771,0.8944,0.6667,1.0,113.39,1115.1,0,0,1,6,Female,Tier-2,0,True
UPI_GIG_01236,freelance,30719.8,8661.07,0.3386,3.5469,0.9278,0.75,0.6667,845.5,2238.77,0,0,2,6,Male,Tier-2,0,True
UPI_GIG_01237,freelance,36868.17,9646.62,0.0696,3.8219,0.8889,0.8333,0.8333,1146.16,2004.68,0,0,2,6,Male,Tier-2,0,True
UPI_GIG_01238,vendor,28647.22,9302.1,0.0494,3.0797,0.8667,0.6667,1.0,107.16,1511.66,0,0,2,6,Male,Tier-2,0,True
UPI_GIG_01239,ride,23573.23,9033.61,0.0949,2.6095,0.9111,0.9167,0.6667,177.24,1333.51,0,0,1,6,Female,Tier-2,0,True
UPI_GIG_01240,delivery,11022.78,9351.11,0.3693,1.1788,0.9111,0.8333,0.8333,53.38,789.35,0,1,1,6,Male,Tier-2,0,True
UPI_GIG_01241,vendor,24887.64,9788.71,0.1232,2.5425,0.8722,0.9167,0.8333,91.39,1454.34,0,0,2,6,Male,Tier-3,0,True
UPI_GIG_01242,delivery,12229.42,9487.72,0.3375,1.289,0.9056,0.8333,0.6667,61.1,845.28,0,0,1,6,Female,Tier-1,0,True
UPI_GIG_01243,ride,22208.41,9316.62,0.0582,2.3837,0.8889,0.75,1.0,162.3,1221.58,0,1,1,6,Female,Tier-2,0,True
UPI_GIG_01244,delivery,15319.79,8737.27,0.0978,1.7534,0.85,0.5833,1.0,83.49,845.57,0,0,1,6,Female,Tier-2,0,True
UPI_GIG_01245,ride,15463.94,9684.9,0.3392,1.5967,0.8333,0.8333,0.8333,116.71,1286.19,1,2,1,6,Female,Tier-3,1,True
UPI_GIG_01246,vendor,31314.96,9242.68,0.0742,3.3881,0.9278,0.9167,0.8333,110.91,1688.96,0,0,2,6,Female,Tier-3,0,True
UPI_GIG_01247,delivery,15929.86,8767.84,0.0837,1.8169,0.8722,0.6667,1.0,87.13,863.98,0,0,1,6,Female,Tier-1,0,True
UPI_GIG_01248,ride,19872.84,8837.64,0.1674,2.2487,0.8833,0.5,1.0,157.72,1198.14,0,0,1,6,Female,Tier-2,0,True
UPI_GIG_01249,ride,23574.26,9106.11,0.1143,2.5888,0.9167,0.6667,0.6667,171.87,1330.34,0,0,1,6,Male,Tier-3,0,True
UPI_GIG_01250,vendor,29593.8,9058.61,0.054,3.2669,0.9056,0.75,1.0,111.19,1573.94,0,0,2,6,Female,Tier-1,0,True
UPI_GIG_01251,vendor,27319.54,8961.69,0.0313,3.0485,0.8333,0.6667,0.8333,113.83,1454.74,0,0,2,6,Female,Tier-1,0,True
UPI_GIG_01252,vendor,30467.69,9469.35,0.0661,3.2175,0.9222,1.0,0.6667,104.34,1661.58,0,0,2,6,Male,Tier-2,0,True
UPI_GIG_01253,vendor,24935.84,8913.23,0.2413,2.7976,0.8889,0.6667,1.0,88.79,1602.36,0,0,2,6,Female,Tier-2,0,True
UPI_GIG_01254,vendor,29514.47,9429.88,0.0613,3.1299,0.8889,0.8333,1.0,108.11,1572.16,0,0,2,6,Female,Tier-2,0,True
UPI_GIG_01255,freelance,28984.44,9491.14,0.3879,3.0538,0.8833,0.8333,1.0,852.48,2330.08,0,0,2,6,Male,Tier-1,0,True
UPI_GIG_01256,ride,16162.74,9537.76,0.4053,1.6946,0.8722,0.9167,0.8333,119.58,1198.88,0,0,1,6,Female,Tier-2,0,True
UPI_GIG_01257,delivery,14301.68,9298.16,0.1698,1.5381,0.9389,0.8333,1.0,74.04,888.1,0,0,1,6,Male,Tier-1,0,True
UPI_GIG_01258,delivery,16651.49,9256.06,0.0762,1.799,0.9111,0.75,0.8333,82.57,946.06,0,0,1,6,Male,Tier-2,0,True
UPI_GIG_01259,delivery,15054.09,9660.17,0.119,1.5584,0.8111,0.8333,1.0,82.79,889.7,0,0,1,6,Male,Tier-2,0,True
UPI_GIG_01260,ride,21138.73,9828.91,0.1645,2.1507,0.9722,0.9167,1.0,138.61,1303.18,0,0,1,6,Male,Tier-2,0,True
UPI_GIG_01261,vendor,26677.04,8536.35,0.077,3.1251,0.8167,0.5,0.5,105.58,1495.38,0,0,2,6,Female,Tier-1,0,True
UPI_GIG_01262,ride,19496.44,9256.9,0.2049,2.1062,0.9167,0.8333,0.8333,135.71,1215.95,0,0,1,6,Female,Tier-1,0,True
UPI_GIG_01263,delivery,16210.25,8801.2,0.0697,1.8418,0.8944,0.75,0.6667,84.8,894.26,0,0,1,6,Female,Tier-2,0,True
UPI_GIG_01264,ride,20564.15,8783.24,0.1337,2.3413,0.8222,0.5833,0.8333,165.4,1247.29,0,0,1,6,Male,Tier-3,0,True
UPI_GIG_01265,vendor,29827.13,8775.8,0.0425,3.3988,0.9167,0.6667,0.6667,109.59,1599.08,0,0,2,6,Female,Tier-3,0,True
UPI_GIG_01266,freelance,28775.51,9584.29,0.3282,3.0024,0.9333,1.0,1.0,846.34,2072.49,0,0,2,6,Male,Tier-2,0,True
UPI_GIG_01267,ride,18679.8,9248.65,0.388,2.0197,0.9722,0.9167,1.0,124.26,1389.31,0,0,1,6,Female,Tier-2,0,True
UPI_GIG_01268,delivery,16342.63,9675.13,0.0723,1.6891,0.9056,0.8333,0.8333,88.9,883.58,0,2,1,6,Male,Tier-2,0,True
UPI_GIG_01269,vendor,26065.3,8805.54,0.0973,2.9601,0.7722,0.5833,1.0,106.82,1427.8,0,0,2,6,Female,Tier-1,0,True
UPI_GIG_01270,delivery,14546.34,8733.79,0.0821,1.6655,0.8222,0.6667,0.5,80.89,793.44,0,1,1,6,Male,Tier-1,0,True
UPI_GIG_01271,delivery,14599.05,8596.16,0.1171,1.6983,0.8111,0.5833,0.5,88.39,862.21,0,0,1,6,Male,Tier-1,0,True
UPI_GIG_01272,delivery,15279.12,8761.52,0.0896,1.7439,0.8556,0.75,0.1667,83.64,835.98,0,0,1,6,Female,Tier-2,0,True
UPI_GIG_01273,vendor,27479.05,9243.25,0.0598,2.9729,0.8222,0.8333,0.6667,115.38,1474.04,0,0,2,6,Male,Tier-2,0,True
UPI_GIG_01274,delivery,14231.45,8852.48,0.0668,1.6076,0.8222,0.6667,0.8333,80.56,806.72,0,0,1,6,Female,Tier-2,0,True
UPI_GIG_01275,vendor,27904.64,8553.37,0.0713,3.2624,0.8389,0.6667,0.6667,109.22,1515.13,0,0,2,6,Male,Tier-1,0,True
UPI_GIG_01276,ride,16776.66,9057.87,0.2024,1.8522,0.85,0.75,0.8333,123.66,1079.73,0,0,1,6,Female,Tier-3,0,True
UPI_GIG_01277,delivery,16746.53,9386.8,0.0337,1.7841,0.9056,0.75,0.8333,84.58,885.58,0,0,1,6,Female,Tier-3,0,True
UPI_GIG_01278,delivery,16072.97,9018.17,0.0824,1.7823,0.8778,0.6667,0.8333,87.67,910.57,0,0,1,6,Female,Tier-1,0,True
UPI_GIG_01279,vendor,24942.86,8644.28,0.0992,2.8855,0.8778,0.6667,0.8333,92.9,1377.04,0,0,2,6,Male,Tier-2,0,True
UPI_GIG_01280,delivery,17172.78,9135.0,0.0522,1.8799,0.9111,0.75,0.8333,92.99,918.78,0,0,1,6,Female,Tier-2,0,True
UPI_GIG_01281,delivery,16736.2,8529.25,0.0985,1.9622,0.9,0.5833,0.6667,88.01,974.02,0,0,1,6,Female,Tier-2,0,True
UPI_GIG_01282,ride,14752.31,8978.3,0.4199,1.6431,0.8444,0.6667,0.6667,109.28,1096.06,0,0,1,6,Female,Tier-3,1,True
UPI_GIG_01283,delivery,15332.23,9343.54,0.1004,1.6409,0.8778,0.8333,0.6667,82.28,836.0,0,0,1,6,Male,Tier-2,0,True
UPI_GIG_01284,delivery,15358.85,9525.01,0.0464,1.6125,0.85,0.9167,0.8333,85.41,827.41,0,0,1,6,Male,Tier-2,0,True
UPI_GIG_01285,delivery,12833.8,9289.17,0.1928,1.3816,0.8333,0.6667,1.0,72.37,863.26,0,0,1,6,Female,Tier-2,0,True
UPI_GIG_01286,delivery,15808.77,8653.74,0.0513,1.8268,0.8722,0.6667,0.6667,82.12,846.25,0,0,1,6,Female,Tier-3,0,True
UPI_GIG_01287,freelance,37405.8,9102.28,0.109,4.1095,0.8722,0.75,1.0,1175.05,2088.02,0,0,2,6,Male,Tier-1,0,True
UPI_GIG_01288,delivery,15958.25,9088.84,0.0399,1.7558,0.8944,0.5833,1.0,83.77,858.23,0,0,1,6,Male,Tier-2,0,True
UPI_GIG_01289,delivery,13549.9,9613.44,0.1918,1.4095,0.9167,0.8333,0.8333,73.44,840.78,0,0,1,6,Male,Tier-2,0,True
UPI_GIG_01290,vendor,27908.14,9109.52,0.0999,3.0636,0.85,0.75,0.1667,105.78,1579.05,1,1,2,6,Male,Tier-2,0,True
UPI_GIG_01291,vendor,29449.27,9287.88,0.0788,3.1707,0.8722,0.75,0.8333,110.43,1658.13,0,0,2,6,Female,Tier-2,0,True
UPI_GIG_01292,ride,21955.21,9164.64,0.1736,2.3956,0.8278,0.6667,0.8333,180.45,1408.0,0,0,1,6,Male,Tier-2,0,True
UPI_GIG_01293,ride,16494.92,9230.12,0.2636,1.7871,0.8111,0.8333,0.6667,130.74,1101.53,0,0,1,6,Male,Tier-3,1,True
UPI_GIG_01294,ride,23807.51,8748.47,0.0481,2.7213,0.8944,0.5,0.8333,165.91,1291.49,0,0,1,6,Male,Tier-3,0,True
UPI_GIG_01295,freelance,35900.31,8794.01,0.0916,4.0824,0.8222,0.6667,0.6667,1259.66,1987.29,0,0,2,6,Male,Tier-3,0,True
UPI_GIG_01296,delivery,14371.72,9390.94,0.1534,1.5304,0.9333,0.9167,0.8333,74.46,860.75,0,0,1,6,Male,Tier-2,0,True
UPI_GIG_01297,vendor,28528.49,9312.98,0.0667,3.0633,0.8778,0.8333,0.5,108.06,1559.71,0,0,2,6,Male,Tier-2,0,True
UPI_GIG_01298,delivery,14919.77,9914.52,0.0455,1.5048,0.8222,0.9167,0.8333,88.02,813.69,0,0,1,6,Male,Tier-3,0,True
UPI_GIG_01299,ride,20733.11,8989.65,0.1166,2.3063,0.8111,0.6667,0.6667,162.19,1223.7,0,0,1,6,Male,Tier-1,0,True
UPI_GIG_01300,vendor,20135.44,9129.94,0.3432,2.2054,0.8556,0.75,0.8333,78.35,1484.76,0,0,2,6,Female,Tier-1,1,True
UPI_GIG_01301,ride,17772.31,9264.36,0.2734,1.9184,0.9,0.8333,0.5,128.63,1206.09,0,0,1,6,Male,Tier-2,0,True
UPI_GIG_01302,ride,21641.75,9204.99,0.0724,2.3511,0.8333,0.8333,0.8333,176.67,1222.86,0,0,1,6,Male,Tier-2,0,True
UPI_GIG_01303,delivery,14888.73,8965.77,0.1095,1.6606,0.8389,0.6667,0.6667,82.11,828.44,0,0,1,6,Female,Tier-1,0,True
UPI_GIG_01304,ride,22159.12,9231.79,0.055,2.4003,0.8222,0.5833,0.6667,179.18,1171.82,0,0,1,6,Female,Tier-3,0,True
UPI_GIG_01305,ride,22835.84,9254.85,0.1061,2.4674,0.9167,0.8333,0.6667,157.31,1347.55,0,0,1,6,Male,Tier-2,0,True
UPI_GIG_01306,vendor,28157.6,8766.77,0.072,3.2119,0.85,0.6667,0.5,109.07,1565.58,0,0,2,6,Male,Tier-2,0,True
UPI_GIG_01307,freelance,31209.69,9592.3,0.2964,3.2536,0.8889,0.9167,1.0,936.29,2164.71,0,0,2,6,Female,Tier-3,0,True
UPI_GIG_01308,delivery,15914.52,8951.28,0.0605,1.7779,0.8556,0.5833,0.8333,88.09,863.08,0,0,1,6,Male,Tier-1,0,True
UPI_GIG_01309,vendor,23870.94,9518.92,0.2603,2.5077,0.9,0.8333,1.0,86.12,1638.69,0,0,2,6,Female,Tier-3,0,True
UPI_GIG_01310,delivery,14398.71,8545.09,0.1189,1.685,0.8278,0.5,0.5,80.07,832.27,0,0,1,6,Male,Tier-2,0,True
UPI_GIG_01311,delivery,15893.74,8829.96,0.0675,1.8,0.8667,0.6667,0.6667,87.17,906.73,0,0,1,6,Male,Tier-2,0,True
UPI_GIG_01312,ride,20477.81,8989.6,0.128,2.2779,0.8611,0.6667,0.6667,148.93,1223.74,0,0,1,6,Female,Tier-3,0,True
UPI_GIG_01313,delivery,15915.99,8849.27,0.0872,1.7986,0.8778,0.5833,0.8333,88.34,893.13,0,0,1,6,Female,Tier-2,0,True
UPI_GIG_01314,delivery,11598.92,9153.91,0.4254,1.2671,0.8889,0.6667,1.0,62.53,915.17,0,0,1,6,Female,Tier-1,0,True
UPI_GIG_01315,ride,23160.98,9202.38,0.0541,2.5168,0.9056,0.6667,0.8333,177.25,1290.01,0,0,1,6,Female,Tier-2,0,True
UPI_GIG_01316,ride,22694.48,8709.37,0.0825,2.6058,0.8944,0.5833,1.0,153.86,1309.53,0,0,1,6,Male,Tier-1,0,True
UPI_GIG_01317,freelance,35742.26,8786.85,0.097,4.0677,0.8611,0.5,0.6667,1152.98,2052.9,0,0,2,6,Female,Tier-1,0,True
UPI_GIG_01318,freelance,36008.59,8990.03,0.0441,4.0054,0.9,0.75,1.0,1080.26,1911.4,0,1,2,6,Female,Tier-2,0,True
UPI_GIG_01319,vendor,26183.95,9297.47,0.1632,2.8162,0.9,0.75,1.0,92.14,1588.3,0,0,2,6,Female,Tier-3,0,True
UPI_GIG_01320,vendor,29153.79,9720.33,0.0828,2.9993,0.8889,1.0,0.6667,107.51,1648.87,0,0,2,6,Female,Tier-3,0,True
UPI_GIG_01321,delivery,14598.32,8211.91,0.1042,1.7777,0.7944,0.5,0.6667,85.29,848.46,0,0,1,6,Female,Tier-1,0,True
UPI_GIG_01322,freelance,37285.34,8569.55,0.0689,4.3509,0.8944,0.6667,0.6667,1141.39,2080.04,0,0,2,6,Female,Tier-2,0,True
UPI_GIG_01323,delivery,14846.82,8500.51,0.1037,1.7466,0.7944,0.5,0.5,90.71,881.62,0,0,1,6,Female,Tier-2,0,True
UPI_GIG_01324,delivery,15538.11,9421.45,0.0731,1.6492,0.8556,0.8333,0.6667,87.05,882.02,0,0,1,6,Female,Tier-3,0,True
UPI_GIG_01325,vendor,27654.72,9344.69,0.0745,2.9594,0.8556,0.75,0.8333,110.18,1586.0,0,0,2,6,Male,Tier-1,0,True
UPI_GIG_01326,vendor,23365.03,8851.17,0.2901,2.6398,0.9111,0.9167,1.0,81.93,1634.49,0,0,2,6,Female,Tier-2,0,True
UPI_GIG_01327,delivery,16939.73,9165.68,0.0291,1.8482,0.9444,0.8333,1.0,84.14,887.32,0,0,1,6,Male,Tier-1,0,True
UPI_GIG_01328,vendor,28419.81,8575.53,0.1494,3.3141,0.8444,0.5833,0.3333,110.15,1615.11,0,0,2,6,Male,Tier-2,0,True
UPI_GIG_01329,freelance,39173.11,8944.52,0.0542,4.3796,0.9111,0.75,0.6667,1181.1,2126.54,0,0,2,6,Male,Tier-3,0,True
UPI_GIG_01330,freelance,25762.7,8777.67,0.3171,2.935,0.8333,0.6667,0.6667,868.41,1892.43,0,0,2,6,Female,Tier-2,1,True
UPI_GIG_01331,delivery,15079.15,8867.88,0.1263,1.7004,0.8167,0.5833,0.8333,79.71,903.11,0,0,1,6,Female,Tier-1,0,True
UPI_GIG_01332,delivery,13915.79,9508.62,0.1199,1.4635,0.9167,0.9167,0.8333,69.7,835.18,0,0,1,6,Male,Tier-2,0,True
UPI_GIG_01333,delivery,15226.74,9088.29,0.1093,1.6754,0.8333,0.6667,0.8333,90.37,862.41,0,0,1,6,Male,Tier-1,0,True
UPI_GIG_01334,ride,23658.88,9846.99,0.1473,2.4026,0.9222,1.0,0.6667,162.42,1421.37,0,0,1,6,Female,Tier-3,0,True
UPI_GIG_01335,ride,15907.24,8907.97,0.306,1.7857,0.8611,0.6667,0.5,120.36,1087.87,0,0,1,6,Male,Tier-3,1,True
UPI_GIG_01336,freelance,26276.17,9041.39,0.4419,2.9062,0.8333,0.5833,0.6667,871.03,2146.73,0,0,2,6,Male,Tier-1,1,True
UPI_GIG_01337,ride,24043.03,9370.33,0.0573,2.5659,0.9722,0.9167,0.8333,162.45,1346.41,0,0,1,6,Female,Tier-2,0,True
UPI_GIG_01338,freelance,27614.8,8693.18,0.3748,3.1766,0.8889,0.6667,0.5,872.05,1969.92,0,0,2,6,Male,Tier-2,1,True
UPI_GIG_01339,vendor,21918.46,9304.75,0.3757,2.3556,0.8833,0.75,0.8333,83.98,1623.04,0,0,2,6,Female,Tier-2,0,True
UPI_GIG_01340,delivery,14843.06,9426.22,0.1207,1.5747,0.8333,0.75,1.0,80.82,882.83,0,0,1,6,Male,Tier-3,0,True
UPI_GIG_01341,ride,20211.4,9414.14,0.2504,2.1469,0.9056,0.8333,1.0,143.85,1313.1,0,0,1,6,Female,Tier-1,0,True
UPI_GIG_01342,delivery,16442.22,9583.98,0.0837,1.7156,0.9222,0.8333,0.8333,80.8,907.44,0,1,1,6,Male,Tier-1,0,True
UPI_GIG_01343,delivery,14066.04,9548.22,0.0867,1.4732,0.9056,0.8333,1.0,72.69,810.52,0,0,1,6,Male,Tier-2,0,True
UPI_GIG_01344,ride,21406.02,8710.42,0.0904,2.4575,0.8389,0.5833,0.6667,168.99,1193.12,0,0,1,6,Male,Tier-2,0,True
UPI_GIG_01345,delivery,11073.15,8979.7,0.2757,1.2331,0.8333,0.6667,0.8333,64.25,756.79,0,0,1,6,Female,Tier-1,1,True
UPI_GIG_01346,freelance,25877.28,8675.85,0.4168,2.9827,0.8,0.5,0.5,817.18,2046.29,0,0,2,6,Female,Tier-2,1,True
UPI_GIG_01347,ride,22120.9,8909.76,0.052,2.4828,0.8722,0.8333,0.6667,161.27,1221.27,0,0,1,6,Female,Tier-2,0,True
UPI_GIG_01348,ride,18866.28,8861.31,0.186,2.1291,0.8444,0.5833,0.5,156.78,1205.15,0,0,1,6,Male,Tier-2,1,True
UPI_GIG_01349,delivery,15950.64,9040.5,0.0625,1.7644,0.9,0.8333,0.5,81.38,865.06,0,0,1,6,Female,Tier-2,0,True
UPI_GIG_01350,delivery,11569.93,9552.28,0.3574,1.2112,0.8556,0.8333,0.8333,63.57,827.3,0,1,1,6,Male,Tier-1,1,True
UPI_GIG_01351,delivery,12496.11,10097.17,0.2605,1.2376,0.8778,1.0,1.0,64.75,861.11,0,0,1,6,Male,Tier-1,0,True
UPI_GIG_01352,delivery,11775.64,8826.53,0.2921,1.3341,0.8667,0.6667,0.5,64.11,827.09,0,0,1,6,Male,Tier-1,1,True
UPI_GIG_01353,delivery,14060.83,9562.73,0.2303,1.4704,0.9056,0.9167,0.8333,71.13,887.45,0,0,1,6,Female,Tier-2,0,True
UPI_GIG_01354,delivery,15116.55,8978.16,0.0577,1.6837,0.8611,0.5833,0.8333,83.83,807.2,0,0,1,6,Female,Tier-2,0,True
UPI_GIG_01355,ride,22180.36,8869.28,0.0514,2.5008,0.8556,0.6667,1.0,176.27,1205.81,0,0,1,6,Female,Tier-3,0,True
UPI_GIG_01356,delivery,14679.92,8711.17,0.1349,1.6852,0.8111,0.5,1.0,81.86,856.7,0,0,1,6,Male,Tier-3,0,True
UPI_GIG_01357,freelance,36884.41,8870.03,0.0928,4.1583,0.8389,0.5833,0.5,1189.82,2126.19,0,0,2,6,Female,Tier-2,0,True
UPI_GIG_01358,ride,16914.83,9280.91,0.3665,1.8225,0.85,0.75,1.0,132.84,1324.24,0,0,1,6,Female,Tier-1,0,True
UPI_GIG_01359,freelance,40657.17,9964.54,0.0594,4.0802,0.95,1.0,1.0,1161.63,2242.2,0,0,2,6,Male,Tier-1,0,True
UPI_GIG_01360,freelance,39415.05,9408.12,0.0985,4.1895,0.9444,0.8333,1.0,1084.82,2202.46,0,0,2,6,Male,Tier-2,0,True
UPI_GIG_01361,freelance,29977.82,9033.18,0.3593,3.3186,0.9222,0.9167,0.8333,890.43,2256.71,0,0,2,6,Female,Tier-1,0,True
UPI_GIG_01362,delivery,14790.67,8754.64,0.0911,1.6895,0.8111,0.6667,0.5,83.96,832.36,0,0,1,6,Female,Tier-3,0,True
UPI_GIG_01363,vendor,29197.56,9559.34,0.0663,3.0543,0.8833,0.9167,0.3333,107.21,1542.29,0,0,2,6,Male,Tier-2,0,True
UPI_GIG_01364,delivery,16162.38,8958.84,0.0731,1.8041,0.8889,0.75,0.6667,85.74,850.53,0,0,1,6,Female,Tier-2,0,True
UPI_GIG_01365,vendor,31471.07,9351.76,0.0142,3.3653,0.9444,0.8333,1.0,110.36,1612.73,0,0,2,6,Male,Tier-2,0,True
UPI_GIG_01366,ride,21955.18,9505.42,0.0494,2.3098,0.8611,0.9167,0.8333,160.65,1206.15,0,0,1,6,Female,Tier-3,0,True
UPI_GIG_01367,ride,17418.43,8843.1,0.236,1.9697,0.8556,0.5833,0.6667,127.92,1188.62,0,0,1,6,Female,Tier-2,1,True
UPI_GIG_01368,delivery,13584.23,8895.42,0.1293,1.5271,0.85,0.75,0.6667,71.5,768.68,0,0,1,6,Male,Tier-2,0,True
UPI_GIG_01369,delivery,15492.1,8447.2,0.0548,1.834,0.8333,0.5,0.8333,85.04,842.57,0,0,1,6,Male,Tier-3,0,True
UPI_GIG_01370,ride,22281.5,9143.08,0.0998,2.437,0.9056,0.75,0.6667,165.25,1279.81,0,0,1,6,Male,Tier-1,0,True
UPI_GIG_01371,delivery,16418.3,9393.98,0.1155,1.7477,0.8889,0.6667,0.8333,87.33,938.96,0,0,1,6,Female,Tier-2,0,True
UPI_GIG_01372,delivery,17157.66,9393.0,0.0771,1.8266,0.9278,0.75,1.0,86.36,937.22,0,0,1,6,Female,Tier-3,0,True
UPI_GIG_01373,vendor,29267.96,8896.54,0.0283,3.2898,0.8889,0.5833,0.8333,110.38,1509.17,0,0,2,6,Female,Tier-2,0,True
UPI_GIG_01374,delivery,16929.29,9288.49,0.0746,1.8226,0.9222,0.8333,0.8333,88.1,947.62,0,0,1,6,Female,Tier-1,0,True
UPI_GIG_01375,ride,16137.56,9119.45,0.4404,1.7696,0.85,0.75,0.6667,128.25,1270.36,0,0,1,6,Female,Tier-2,1,True
UPI_GIG_01376,freelance,35723.5,8388.95,0.1253,4.2584,0.8611,0.4167,0.5,1128.11,2121.77,0,0,2,6,Female,Tier-1,0,True
UPI_GIG_01377,ride,18260.22,9440.63,0.3556,1.9342,0.9556,1.0,0.8333,127.1,1292.09,0,0,1,6,Female,Tier-2,0,True
UPI_GIG_01378,freelance,36021.82,9847.77,0.1182,3.6579,0.8722,0.9167,0.8333,1155.78,2192.8,0,0,2,6,Male,Tier-1,0,True
UPI_GIG_01379,delivery,14041.44,9472.13,0.1624,1.4824,0.9333,0.8333,0.6667,72.32,825.46,0,0,1,6,Female,Tier-1,0,True
UPI_GIG_01380,delivery,16864.46,9320.07,0.0524,1.8095,0.9333,0.9167,0.8333,86.56,913.14,0,0,1,6,Male,Tier-2,0,True
UPI_GIG_01381,delivery,14500.47,9262.2,0.1341,1.5656,0.9278,0.8333,1.0,69.77,907.98,0,0,1,6,Female,Tier-1,0,True
UPI_GIG_01382,delivery,15175.44,8746.5,0.0533,1.735,0.8444,0.5,0.3333,84.86,806.26,0,1,1,6,Female,Tier-3,0,True
UPI_GIG_01383,ride,20652.36,9671.85,0.1059,2.1353,0.9222,0.9167,1.0,145.27,1220.0,0,0,1,6,Male,Tier-2,0,True
UPI_GIG_01384,delivery,15383.39,8752.62,0.0655,1.7576,0.8222,0.6667,0.6667,88.24,832.17,0,0,1,6,Male,Tier-3,0,True
UPI_GIG_01385,delivery,11494.62,8436.66,0.2868,1.3625,0.8389,0.5,0.5,64.4,804.62,0,0,1,6,Male,Tier-1,1,True
UPI_GIG_01386,delivery,14474.28,8784.56,0.1061,1.6477,0.8444,0.5,0.8333,80.94,809.32,0,0,1,6,Female,Tier-1,0,True
UPI_GIG_01387,freelance,30449.82,9909.71,0.3658,3.0727,0.9444,1.0,1.0,853.73,2282.2,0,0,2,6,Male,Tier-2,0,True
UPI_GIG_01388,delivery,11907.19,9239.47,0.4489,1.2887,0.8833,0.8333,0.8333,64.65,967.37,0,0,1,6,Male,Tier-2,0,True
UPI_GIG_01389,freelance,33132.98,8567.9,0.0962,3.8671,0.9,0.5833,0.6667,1024.73,2009.07,0,0,2,6,Female,Tier-1,0,True
UPI_GIG_01390,ride,23668.25,9523.84,0.0353,2.4852,0.8889,0.9167,0.8333,172.97,1245.98,0,0,1,6,Female,Tier-2,0,True
UPI_GIG_01391,ride,24744.52,8999.25,0.0421,2.7496,0.9556,0.75,0.8333,159.81,1299.73,0,0,1,6,Female,Tier-1,0,True
UPI_GIG_01392,ride,21523.33,9213.63,0.0812,2.336,0.8611,0.8333,0.8333,160.02,1165.61,0,0,1,6,Male,Tier-1,0,True
UPI_GIG_01393,vendor,26348.71,9072.2,0.1478,2.9043,0.8,0.75,0.3333,110.25,1505.92,0,0,2,6,Female,Tier-3,0,True
UPI_GIG_01394,delivery,10535.23,9264.6,0.3969,1.1371,0.8333,0.8333,0.6667,59.3,785.05,0,0,1,6,Female,Tier-2,1,True
UPI_GIG_01395,delivery,12815.4,9419.46,0.2663,1.3605,0.8833,0.8333,1.0,69.59,865.42,0,0,1,6,Male,Tier-1,0,True
UPI_GIG_01396,delivery,13139.97,9817.05,0.2969,1.3385,0.9167,0.9167,1.0,69.65,920.8,0,0,1,6,Female,Tier-1,0,True
UPI_GIG_01397,ride,21750.13,8888.29,0.0974,2.4471,0.8722,0.5833,1.0,159.54,1250.81,0,0,1,6,Male,Tier-2,0,True
UPI_GIG_01398,freelance,37490.35,9502.42,0.1413,3.9453,0.8722,0.9167,0.6667,1183.91,2264.78,0,0,2,6,Female,Tier-1,0,True
UPI_GIG_01399,vendor,27183.17,9276.77,0.1542,2.9302,0.9222,0.8333,0.8333,97.37,1570.43,0,0,2,6,Male,Tier-2,0,True
UPI_GIG_01400,vendor,28134.0,8844.68,0.1003,3.1809,0.8444,0.6667,0.8333,111.94,1627.59,0,0,2,6,Male,Tier-3,0,True
UPI_GIG_01401,vendor,22635.23,9442.24,0.4236,2.3972,0.9111,0.9167,1.0,83.89,1712.31,0,0,2,6,Male,Tier-2,0,True
UPI_GIG_01402,ride,21379.43,9113.96,0.0944,2.3458,0.8222,0.8333,0.3333,176.93,1238.22,0,0,1,6,Female,Tier-3,0,True
UPI_GIG_01403,freelance,29735.98,9931.99,0.3808,2.994,0.9278,1.0,1.0,849.6,2098.92,0,0,2,6,Female,Tier-2,0,True
UPI_GIG_01404,delivery,15731.59,8652.88,0.1227,1.8181,0.85,0.5833,0.8333,89.05,925.26,0,0,1,6,Female,Tier-2,0,True
UPI_GIG_01405,ride,23353.46,9394.97,0.0866,2.4857,0.8722,0.75,1.0,169.43,1321.32,0,0,1,6,Female,Tier-3,0,True
UPI_GIG_01406,delivery,16035.54,9707.72,0.0883,1.6518,0.9056,0.8333,0.8333,85.52,878.32,0,0,1,6,Female,Tier-2,0,True
UPI_GIG_01407,delivery,15949.9,8898.85,0.1159,1.7924,0.8722,0.75,0.6667,85.98,917.33,0,0,1,6,Female,Tier-2,0,True
UPI_GIG_01408,delivery,15598.91,8877.55,0.0747,1.7571,0.8611,0.5833,0.6667,81.24,868.73,0,0,1,6,Male,Tier-1,0,True
UPI_GIG_01409,delivery,15172.44,7872.92,0.0704,1.9272,0.85,0.25,0.3333,86.7,823.62,0,0,1,6,Female,Tier-1,1,True
UPI_GIG_01410,delivery,16446.46,8527.18,0.0506,1.9287,0.9,0.5833,0.8333,88.5,898.86,0,0,1,6,Female,Tier-2,0,True
UPI_GIG_01411,vendor,27023.59,9121.8,0.0617,2.9625,0.8222,0.75,1.0,107.31,1438.49,0,0,2,6,Male,Tier-2,0,True
UPI_GIG_01412,freelance,38089.04,9775.11,0.167,3.8965,0.8333,1.0,0.6667,1171.97,2300.29,0,0,2,6,Male,Tier-2,0,True
UPI_GIG_01413,delivery,14669.58,9435.28,0.1655,1.5548,0.9389,0.8333,1.0,74.84,863.9,0,0,1,6,Male,Tier-1,0,True
UPI_GIG_01414,ride,17827.51,8831.61,0.2302,2.0186,0.9111,0.5833,0.6667,129.65,1168.13,0,0,1,6,Male,Tier-1,1,True
UPI_GIG_01415,vendor,23931.07,9110.43,0.277,2.6268,0.8611,0.6667,0.8333,88.2,1592.81,0,0,2,6,Female,Tier-3,0,True
UPI_GIG_01416,ride,21464.19,8770.1,0.0972,2.4474,0.8333,0.4167,0.6667,166.39,1225.54,0,0,1,6,Female,Tier-2,0,True
UPI_GIG_01417,delivery,14395.85,9388.4,0.1707,1.5334,0.8611,0.8333,0.8333,81.33,931.8,0,0,1,6,Female,Tier-2,0,True
UPI_GIG_01418,vendor,26801.49,9669.92,0.1656,2.7716,0.9556,1.0,1.0,91.16,1611.4,0,0,2,6,Male,Tier-3,0,True
UPI_GIG_01419,vendor,28884.6,8994.03,0.1042,3.2115,0.85,0.5833,1.0,109.9,1644.3,0,0,2,6,Female,Tier-1,0,True
UPI_GIG_01420,delivery,14311.09,8681.22,0.1257,1.6485,0.7889,0.4167,0.8333,85.44,857.98,0,0,1,6,Male,Tier-3,0,True
UPI_GIG_01421,delivery,15120.7,8960.1,0.064,1.6876,0.85,0.6667,0.6667,81.15,795.29,0,0,1,6,Female,Tier-2,0,True
UPI_GIG_01422,delivery,17136.33,9282.54,0.0577,1.8461,0.9611,1.0,1.0,80.08,900.0,0,0,1,6,Female,Tier-3,0,True
UPI_GIG_01423,delivery,15123.97,8856.5,0.0712,1.7077,0.8444,0.5,0.6667,86.01,816.7,0,0,1,6,Female,Tier-2,0,True
UPI_GIG_01424,ride,18010.29,9000.36,0.2354,2.0011,0.8444,0.75,0.3333,143.32,1184.36,0,0,1,6,Female,Tier-3,1,True
UPI_GIG_01425,delivery,15025.5,8953.32,0.0274,1.6782,0.8333,0.5833,1.0,84.49,795.57,0,0,1,6,Female,Tier-3,0,True
UPI_GIG_01426,freelance,38510.3,8961.15,0.0774,4.2975,0.9,0.75,0.8333,1143.87,2069.85,0,0,2,6,Male,Tier-2,0,True
UPI_GIG_01427,delivery,13155.93,9205.6,0.1547,1.4291,0.8556,0.8333,0.6667,72.89,794.43,0,0,1,6,Male,Tier-3,0,True
UPI_GIG_01428,ride,21277.37,9099.2,0.0889,2.3384,0.8556,0.8333,0.6667,167.54,1220.21,0,0,1,6,Male,Tier-1,0,True
UPI_GIG_01429,delivery,16409.5,9414.73,0.0532,1.743,0.9167,1.0,1.0,81.57,899.93,0,0,1,6,Female,Tier-3,0,True
UPI_GIG_01430,delivery,13059.99,8739.73,0.1704,1.4943,0.8778,0.5833,0.8333,68.2,837.65,0,0,1,6,Female,Tier-3,0,True
UPI_GIG_01431,delivery,12138.93,8620.71,0.2572,1.4081,0.8556,0.5,1.0,63.89,835.05,0,0,1,6,Male,Tier-2,1,True
UPI_GIG_01432,ride,19159.93,9055.12,0.1048,2.1159,0.8389,0.6667,0.8333,152.87,1090.61,0,0,1,6,Male,Tier-2,0,True
UPI_GIG_01433,ride,17822.46,8795.89,0.1908,2.0262,0.8667,0.5,0.8333,134.68,1178.93,0,0,1,6,Male,Tier-1,1,True
UPI_GIG_01434,ride,20972.5,9343.57,0.0942,2.2446,0.8222,0.8333,0.5,162.16,1153.14,0,0,1,6,Male,Tier-2,0,True
UPI_GIG_01435,freelance,36753.84,9410.06,0.0734,3.9058,0.85,1.0,0.6667,1108.16,2055.77,0,0,2,6,Male,Tier-1,0,True
UPI_GIG_01436,ride,22143.47,8444.25,0.0557,2.6223,0.8722,0.5833,0.3333,169.03,1228.27,0,0,1,6,Female,Tier-3,0,True
UPI_GIG_01437,ride,24685.57,9759.49,0.0805,2.5294,0.9444,0.9167,1.0,178.88,1351.74,0,0,1,6,Female,Tier-2,0,True
UPI_GIG_01438,delivery,15499.22,8646.94,0.0761,1.7925,0.8556,0.5,0.6667,89.16,835.64,0,0,1,6,Female,Tier-2,0,True
UPI_GIG_01439,ride,22351.36,9151.8,0.1593,2.4423,0.8944,0.75,1.0,160.8,1309.33,0,0,1,6,Male,Tier-1,0,True
UPI_GIG_01440,delivery,14433.36,8580.61,0.1115,1.6821,0.7889,0.4167,0.8333,90.59,828.16,0,0,1,6,Female,Tier-3,0,True
UPI_GIG_01441,delivery,15242.68,8780.4,0.0845,1.736,0.8611,0.6667,1.0,80.37,840.35,0,0,1,6,Male,Tier-1,0,True
UPI_GIG_01442,delivery,15433.88,9197.31,0.0766,1.6781,0.8778,0.75,1.0,78.68,867.87,0,0,1,6,Male,Tier-2,0,True
UPI_GIG_01443,ride,21583.04,9174.21,0.1112,2.3526,0.8611,0.8333,0.8333,164.13,1208.63,0,0,1,6,Female,Tier-3,0,True
UPI_GIG_01444,delivery,13856.81,9736.98,0.149,1.4231,0.8778,0.75,0.8333,75.51,851.57,0,1,1,6,Female,Tier-1,0,True
UPI_GIG_01445,delivery,15455.68,9032.72,0.0749,1.7111,0.8667,0.5833,0.8333,82.87,841.04,0,0,1,6,Female,Tier-2,0,True
UPI_GIG_01446,delivery,16201.29,9674.07,0.0631,1.6747,0.9111,0.9167,0.8333,81.82,895.14,0,0,1,6,Male,Tier-2,0,True
UPI_GIG_01447,vendor,29925.45,9092.15,0.0879,3.2914,0.9,0.5833,1.0,106.88,1667.59,0,0,2,6,Female,Tier-1,0,True
UPI_GIG_01448,delivery,10712.95,8896.92,0.3824,1.2041,0.8389,0.6667,0.8333,59.74,755.98,0,0,1,6,Female,Tier-2,1,True
UPI_GIG_01449,ride,24223.78,9249.44,0.0659,2.6189,0.9222,0.9167,0.8333,176.82,1333.2,0,0,1,6,Male,Tier-3,0,True
UPI_GIG_01450,ride,23208.15,9283.01,0.0521,2.5001,0.8889,0.8333,0.6667,176.49,1225.96,0,0,1,6,Female,Tier-1,0,True
UPI_GIG_01451,ride,18051.83,9409.48,0.2653,1.9185,0.9556,0.8333,1.0,118.89,1183.0,0,0,1,6,Female,Tier-1,0,True
UPI_GIG_01452,ride,21256.12,9071.59,0.1317,2.3432,0.8444,0.6667,0.6667,161.44,1352.44,0,0,1,6,Male,Tier-2,0,True
UPI_GIG_01453,ride,22550.45,9101.79,0.0286,2.4776,0.8722,0.75,0.6667,175.95,1161.66,0,0,1,6,Female,Tier-1,0,True
UPI_GIG_01454,delivery,11273.46,8731.1,0.3076,1.2912,0.8222,0.4167,0.6667,66.71,793.41,0,0,1,6,Male,Tier-2,1,True
UPI_GIG_01455,delivery,14180.27,9375.36,0.2145,1.5125,0.9333,0.8333,1.0,73.79,877.95,0,0,1,6,Female,Tier-1,0,True
UPI_GIG_01456,delivery,12449.27,8956.76,0.3653,1.3899,0.9278,0.6667,0.8333,65.52,911.02,0,0,1,6,Female,Tier-2,0,True
UPI_GIG_01457,vendor,29332.2,8810.28,0.0638,3.3293,0.8778,0.6667,0.6667,110.34,1558.63,0,0,2,6,Male,Tier-1,0,True
UPI_GIG_01458,vendor,26643.36,9581.24,0.1606,2.7808,0.8833,0.8333,0.6667,103.54,1629.04,0,0,2,6,Male,Tier-2,0,True
UPI_GIG_01459,ride,24046.0,9404.68,0.0377,2.5568,0.9389,0.6667,1.0,163.58,1276.25,0,0,1,6,Male,Tier-1,0,True
UPI_GIG_01460,delivery,16809.94,8939.35,0.0477,1.8804,0.9167,0.6667,0.8333,86.5,900.46,0,0,1,6,Male,Tier-2,0,True
UPI_GIG_01461,ride,23357.47,9767.33,0.0486,2.3914,0.9111,0.8333,0.6667,175.62,1277.88,0,0,1,6,Female,Tier-3,0,True
UPI_GIG_01462,freelance,26918.79,9022.33,0.2969,2.9836,0.7944,0.75,0.6667,882.58,1874.36,0,0,2,6,Female,Tier-1,0,True
UPI_GIG_01463,vendor,23413.49,8713.26,0.2235,2.6871,0.8722,0.8333,0.6667,86.61,1458.62,0,0,2,6,Female,Tier-2,0,True
UPI_GIG_01464,freelance,32290.79,9528.93,0.2799,3.3887,0.9222,0.9167,1.0,959.13,2218.72,0,0,2,6,Female,Tier-3,0,True
UPI_GIG_01465,freelance,31570.88,8650.61,0.1563,3.6496,0.8222,0.4167,1.0,1088.65,1998.58,0,0,2,6,Male,Tier-1,1,True
UPI_GIG_01466,delivery,14412.52,8826.81,0.1197,1.6328,0.7944,0.5833,0.6667,82.59,798.33,0,0,1,6,Male,Tier-2,0,True
UPI_GIG_01467,delivery,14395.84,9397.32,0.1407,1.5319,0.8944,0.9167,0.8333,75.63,824.42,0,0,1,6,Female,Tier-2,0,True
UPI_GIG_01468,delivery,16201.51,9523.47,0.0519,1.7012,0.9056,0.75,1.0,83.23,882.2,0,0,1,6,Female,Tier-1,0,True
UPI_GIG_01469,ride,15502.17,8546.11,0.3733,1.8139,0.8278,0.5,0.3333,123.52,1114.72,0,0,1,6,Female,Tier-1,1,True
UPI_GIG_01470,ride,22254.68,9600.13,0.1064,2.3182,0.8778,0.9167,0.8333,164.44,1279.45,0,0,1,6,Female,Tier-2,0,True
UPI_GIG_01471,delivery,17165.2,9610.71,0.0506,1.786,0.9389,0.9167,0.8333,83.66,906.11,0,0,1,6,Female,Tier-1,0,True
UPI_GIG_01472,ride,14993.32,8840.57,0.4647,1.696,0.8167,0.5833,0.8333,118.37,1248.97,0,0,1,6,Female,Tier-2,1,True
UPI_GIG_01473,delivery,10464.03,8994.28,0.4396,1.1634,0.8278,0.75,0.6667,57.28,787.82,0,0,1,6,Female,Tier-3,1,True
UPI_GIG_01474,freelance,36919.96,8765.84,0.123,4.2118,0.85,0.5833,0.5,1223.87,2064.03,0,0,2,6,Female,Tier-2,0,True
UPI_GIG_01475,ride,22080.69,9507.53,0.0686,2.3224,0.9167,0.8333,1.0,149.87,1234.98,0,0,1,6,Male,Tier-2,0,True
UPI_GIG_01476,delivery,17282.92,9487.63,0.0605,1.8216,0.95,1.0,1.0,84.38,911.57,0,0,1,6,Male,Tier-2,0,True
UPI_GIG_01477,ride,22194.69,9164.02,0.0526,2.4219,0.8722,0.9167,0.8333,167.09,1229.37,0,0,1,6,Female,Tier-2,0,True
UPI_GIG_01478,delivery,16253.74,9308.83,0.069,1.7461,0.8889,0.75,0.8333,88.98,873.47,0,0,1,6,Male,Tier-3,0,True
UPI_GIG_01479,ride,23955.97,8860.13,0.075,2.7038,0.8944,0.5,1.0,188.63,1298.67,0,0,1,6,Female,Tier-1,0,True
UPI_GIG_01480,delivery,14605.21,8644.79,0.0836,1.6895,0.8167,0.5,0.5,82.67,797.69,0,0,1,6,Female,Tier-1,0,True
UPI_GIG_01481,delivery,16321.26,9483.4,0.0556,1.721,0.8778,0.9167,0.8333,94.16,872.29,0,0,1,6,Male,Tier-1,0,True
UPI_GIG_01482,ride,19659.68,9639.17,0.1702,2.0396,0.9278,1.0,1.0,145.99,1202.7,0,0,1,6,Male,Tier-1,0,True
UPI_GIG_01483,freelance,32540.18,8642.46,0.1637,3.7652,0.8556,0.5833,1.0,1049.68,2002.46,0,0,2,6,Female,Tier-1,0,True
UPI_GIG_01484,ride,20872.03,9553.93,0.0451,2.1847,0.8556,0.8333,0.6667,157.13,1117.54,0,0,1,6,Male,Tier-3,0,True
UPI_GIG_01485,ride,22727.38,8925.92,0.0764,2.5462,0.9056,0.6667,0.6667,164.29,1276.01,0,0,1,6,Female,Tier-1,0,True
UPI_GIG_01486,delivery,16503.01,9330.64,0.1104,1.7687,0.8889,0.8333,1.0,87.24,972.0,0,0,1,6,Male,Tier-2,0,True
UPI_GIG_01487,delivery,16352.52,9483.01,0.0841,1.7244,0.9,0.9167,1.0,84.8,925.39,0,0,1,6,Male,Tier-2,0,True
UPI_GIG_01488,vendor,30286.7,9398.91,0.0857,3.2224,0.9056,0.8333,0.8333,109.54,1689.36,0,0,2,6,Female,Tier-3,0,True
UPI_GIG_01489,ride,20125.3,8605.25,0.1654,2.3387,0.9278,0.4167,0.6667,139.92,1266.53,0,0,1,6,Male,Tier-3,1,True
UPI_GIG_01490,delivery,15649.18,9588.07,0.0865,1.6322,0.8667,0.8333,1.0,86.54,924.42,0,1,1,6,Female,Tier-1,0,True
UPI_GIG_01491,vendor,22069.93,9183.51,0.2956,2.4032,0.85,0.9167,0.8333,87.12,1474.6,0,0,2,6,Male,Tier-2,0,True
UPI_GIG_01492,delivery,13270.55,9113.64,0.22,1.4561,0.9222,0.9167,0.8333,66.13,814.02,0,0,1,6,Male,Tier-2,0,True
UPI_GIG_01493,delivery,16632.98,9708.48,0.0887,1.7132,0.9222,0.9167,0.5,83.16,960.76,0,0,1,6,Female,Tier-2,0,True
UPI_GIG_01494,ride,24416.01,8844.69,0.1024,2.7605,0.9389,0.6667,0.8333,165.35,1408.36,0,0,1,6,Male,Tier-1,0,True
UPI_GIG_01495,vendor,26755.06,9555.6,0.198,2.7999,0.9611,0.9167,1.0,91.68,1683.36,0,0,2,6,Male,Tier-1,0,True
UPI_GIG_01496,ride,15886.43,8780.73,0.3656,1.8092,0.8444,0.6667,0.3333,126.92,1182.31,0,0,1,6,Female,Tier-2,1,True
UPI_GIG_01497,delivery,12678.45,9295.96,0.2636,1.3639,0.8611,0.75,0.6667,71.43,888.78,0,0,1,6,Female,Tier-2,0,True
UPI_GIG_01498,ride,23472.3,9415.75,0.0488,2.4929,0.9389,1.0,0.8333,167.86,1227.13,0,0,1,6,Male,Tier-1,0,True
UPI_GIG_01499,delivery,11342.54,8832.58,0.313,1.2842,0.8667,0.5833,0.3333,58.17,759.29,0,0,1,6,Female,Tier-3,1,True
UPI_GIG_01500,freelance,30953.74,8441.13,0.2086,3.667,0.8556,0.5,1.0,1014.88,1960.56,0,0,2,6,Female,Tier-1,0,True
UPI_GIG_01501,delivery,13601.0,9093.85,0.2239,1.4956,0.9111,0.5,1.0,71.58,916.17,0,0,1,6,Female,Tier-3,0,True
UPI_GIG_01502,freelance,40113.68,9380.54,0.105,4.2763,0.9389,0.75,0.8333,1146.11,2251.58,0,0,2,6,Male,Tier-1,0,True
UPI_GIG_01503,delivery,16133.25,9310.42,0.1122,1.7328,0.8833,0.75,0.6667,82.66,938.5,0,0,1,6,Male,Tier-2,0,True
UPI_GIG_01504,vendor,28828.37,9360.8,0.0678,3.0797,0.8722,0.75,0.8333,108.38,1609.83,0,0,2,6,Female,Tier-1,0,True
UPI_GIG_01505,delivery,15758.16,9021.57,0.0533,1.7467,0.8611,0.8333,0.6667,87.71,860.17,0,0,1,6,Female,Tier-1,0,True
UPI_GIG_01506,freelance,36901.44,9557.32,0.1656,3.8611,0.8778,1.0,0.6667,1141.28,2210.6,0,0,2,6,Male,Tier-1,0,True
UPI_GIG_01507,freelance,25260.33,8877.28,0.3929,2.8455,0.8611,0.75,0.5,801.92,2116.44,0,0,2,6,Male,Tier-3,1,True
UPI_GIG_01508,vendor,29154.25,8760.95,0.0754,3.3277,0.8667,0.5833,0.6667,118.43,1636.08,0,0,2,6,Female,Tier-2,0,True
UPI_GIG_01509,delivery,13977.92,8781.26,0.0785,1.5918,0.7889,0.5,0.8333,85.93,790.56,0,0,1,6,Female,Tier-2,0,True
UPI_GIG_01510,delivery,16781.4,9025.19,0.0581,1.8594,0.9111,0.8333,1.0,83.56,912.0,0,0,1,6,Male,Tier-3,0,True
UPI_GIG_01511,ride,24143.26,9311.03,0.0898,2.593,0.9389,0.9167,0.8333,161.67,1383.5,0,0,1,6,Male,Tier-2,0,True
UPI_GIG_01512,delivery,14426.74,9272.43,0.0953,1.5559,0.8056,0.75,1.0,86.39,816.67,0,0,1,6,Female,Tier-2,0,True
UPI_GIG_01513,freelance,41425.94,9454.86,0.0723,4.3814,0.9333,0.9167,0.6667,1172.43,2209.6,0,0,2,6,Male,Tier-2,0,True
UPI_GIG_01514,ride,21637.09,8944.28,0.0834,2.4191,0.85,0.6667,0.8333,163.92,1237.79,0,0,1,6,Female,Tier-2,0,True
UPI_GIG_01515,ride,21530.34,8844.06,0.1722,2.4344,0.8167,0.6667,0.6667,176.0,1317.43,0,0,1,6,Female,Tier-2,0,True
UPI_GIG_01516,ride,23015.31,8829.77,0.0683,2.6066,0.8889,0.6667,0.8333,166.18,1273.31,0,0,1,6,Male,Tier-2,0,True
UPI_GIG_01517,delivery,15212.92,9019.14,0.0486,1.6867,0.8667,0.6667,0.8333,81.94,825.05,0,0,1,6,Female,Tier-2,0,True
UPI_GIG_01518,freelance,37079.36,9371.13,0.2413,3.9568,0.8889,0.75,1.0,1140.9,2437.49,0,0,2,6,Male,Tier-2,0,True
UPI_GIG_01519,freelance,36814.34,9340.96,0.0963,3.9412,0.8833,0.8333,0.6667,1200.47,2087.84,0,0,2,6,Male,Tier-2,0,True
UPI_GIG_01520,freelance,33487.12,9074.36,0.061,3.6903,0.7944,0.8333,0.5,1161.4,1861.11,0,0,2,6,Male,Tier-1,0,True
UPI_GIG_01521,freelance,42353.63,9351.67,0.1092,4.529,0.9111,0.9167,1.0,1193.06,2425.85,0,0,2,6,Male,Tier-2,0,True
UPI_GIG_01522,ride,21978.53,9023.93,0.0727,2.4356,0.85,0.6667,0.6667,168.85,1236.42,0,0,1,6,Female,Tier-1,0,True
UPI_GIG_01523,ride,17696.4,9785.43,0.3564,1.8084,0.9111,1.0,1.0,122.18,1259.83,0,0,1,6,Female,Tier-1,0,True
UPI_GIG_01524,vendor,22906.07,9513.22,0.3064,2.4078,0.8722,0.9167,1.0,86.17,1559.23,0,0,2,6,Female,Tier-2,0,True
UPI_GIG_01525,freelance,34134.02,9174.74,0.0638,3.7204,0.8167,0.75,0.8333,1125.3,1854.26,0,0,2,6,Male,Tier-3,0,True
UPI_GIG_01526,ride,24204.98,9561.52,0.0897,2.5315,0.9111,0.9167,1.0,180.86,1385.03,0,0,1,6,Male,Tier-2,0,True
UPI_GIG_01527,freelance,31627.13,8797.9,0.1877,3.5948,0.8889,0.5833,0.6667,968.18,2109.33,0,0,2,6,Male,Tier-3,0,True
UPI_GIG_01528,delivery,16142.96,9335.43,0.0772,1.7292,0.8889,0.8333,1.0,85.26,902.26,0,0,1,6,Female,Tier-3,0,True
UPI_GIG_01529,delivery,16584.03,9986.58,0.0739,1.6606,0.9444,1.0,1.0,81.49,907.17,0,0,1,6,Male,Tier-1,0,True
UPI_GIG_01530,delivery,15024.75,8638.25,0.0857,1.7393,0.8444,0.75,0.6667,84.41,822.61,0,0,1,6,Female,Tier-3,0,True
UPI_GIG_01531,ride,18990.08,9634.3,0.2868,1.9711,0.95,0.9167,1.0,132.03,1287.79,0,0,1,6,Male,Tier-3,0,True
UPI_GIG_01532,delivery,14746.46,9556.96,0.0396,1.543,0.8444,0.8333,0.8333,84.27,778.99,0,0,1,6,Male,Tier-3,0,True
UPI_GIG_01533,ride,22139.69,9339.64,0.0708,2.3705,0.9,0.75,1.0,157.95,1242.22,0,0,1,6,Female,Tier-3,0,True
UPI_GIG_01534,freelance,39638.55,9236.61,0.0897,4.2915,0.9722,0.8333,1.0,1101.07,2282.85,0,0,2,6,Male,Tier-2,0,True
UPI_GIG_01535,vendor,27205.89,9245.43,0.0598,2.9426,0.8278,0.6667,1.0,110.44,1472.47,0,0,2,6,Female,Tier-3,0,True
UPI_GIG_01536,delivery,15368.45,9073.32,0.0395,1.6938,0.8722,0.8333,0.6667,79.56,815.9,0,0,1,6,Female,Tier-2,0,True
UPI_GIG_01537,delivery,15639.2,9570.6,0.105,1.6341,0.9167,0.8333,1.0,83.93,879.54,0,0,1,6,Male,Tier-1,0,True
UPI_GIG_01538,ride,22111.84,9201.25,0.0744,2.4031,0.8444,0.75,0.5,175.96,1279.45,0,0,1,6,Male,Tier-3,0,True
UPI_GIG_01539,freelance,33141.78,8729.35,0.1206,3.7966,0.8111,0.5,0.8333,1136.29,2007.56,0,0,2,6,Male,Tier-3,0,True
UPI_GIG_01540,ride,15851.63,8960.31,0.373,1.7691,0.8278,0.5833,0.6667,123.52,1140.33,0,0,1,6,Female,Tier-3,1,True
UPI_GIG_01541,delivery,11918.83,9484.98,0.4582,1.2566,0.9111,0.9167,0.8333,63.34,922.97,0,0,1,6,Female,Tier-3,0,True
UPI_GIG_01542,delivery,16001.33,8466.18,0.0394,1.89,0.8944,0.4167,0.5,82.55,842.24,0,0,1,6,Male,Tier-2,0,True
UPI_GIG_01543,vendor,29095.09,9769.2,0.0438,2.9782,0.9,1.0,1.0,103.85,1557.18,0,0,2,6,Male,Tier-2,0,True
UPI_GIG_01544,freelance,34666.8,8403.51,0.146,4.1253,0.8222,0.5,0.5,1124.33,1965.89,0,0,2,6,Female,Tier-1,0,True
UPI_GIG_01545,ride,15438.94,8471.08,0.3742,1.8225,0.8,0.5,0.8333,130.84,1214.54,0,0,1,6,Male,Tier-2,1,True
UPI_GIG_01546,vendor,25193.83,8998.33,0.177,2.7998,0.9111,0.6667,1.0,90.79,1591.75,0,0,2,6,Male,Tier-1,0,True
UPI_GIG_01547,freelance,35187.18,8890.03,0.0437,3.958,0.9056,0.6667,0.8333,972.92,1873.0,0,0,2,6,Male,Tier-2,0,True
UPI_GIG_01548,delivery,16166.18,9458.95,0.0742,1.7091,0.8833,0.9167,1.0,84.57,901.26,0,1,1,6,Female,Tier-2,0,True
UPI_GIG_01549,delivery,15155.64,9622.51,0.0622,1.575,0.8444,1.0,0.6667,83.27,828.56,0,0,1,6,Female,Tier-1,0,True
UPI_GIG_01550,freelance,37606.93,8759.21,0.1059,4.2934,0.8778,0.5,0.8333,1187.59,2074.94,0,0,2,6,Male,Tier-2,0,True
UPI_GIG_01551,vendor,23974.78,9647.95,0.2368,2.485,0.9,0.9167,1.0,88.47,1568.43,0,0,2,6,Male,Tier-3,0,True
UPI_GIG_01552,delivery,15951.59,8773.85,0.032,1.8181,0.9,0.5833,0.8333,82.08,829.22,0,0,1,6,Male,Tier-2,0,True
UPI_GIG_01553,ride,22455.96,9394.98,0.0813,2.3902,0.9,0.75,0.8333,157.96,1254.06,0,0,1,6,Male,Tier-1,0,True
UPI_GIG_01554,vendor,29742.46,9152.94,0.0634,3.2495,0.9,0.6667,1.0,110.91,1609.67,0,0,2,6,Male,Tier-2,0,True
UPI_GIG_01555,ride,17880.56,8763.95,0.1888,2.0402,0.8444,0.6667,0.6667,135.97,1091.22,0,0,1,6,Male,Tier-2,1,True
UPI_GIG_01556,ride,23224.48,8786.8,0.0737,2.6431,0.8833,0.5,0.8333,170.35,1295.05,0,0,1,6,Female,Tier-2,0,True
UPI_GIG_01557,delivery,13567.65,9533.29,0.1435,1.4232,0.8833,0.8333,0.8333,71.72,837.42,0,0,1,6,Male,Tier-1,0,True
UPI_GIG_01558,ride,21833.04,9240.64,0.0462,2.3627,0.8833,0.75,0.8333,157.26,1158.42,0,0,1,6,Male,Tier-2,0,True
UPI_GIG_01559,delivery,17600.5,9640.4,0.0472,1.8257,0.95,1.0,1.0,83.55,937.82,0,0,1,6,Female,Tier-1,0,True
UPI_GIG_01560,delivery,17772.66,9266.02,0.0496,1.918,0.9667,0.8333,0.6667,83.24,966.83,0,0,1,6,Female,Tier-2,0,True
UPI_GIG_01561,ride,22032.11,9129.38,0.1195,2.4133,0.8889,0.9167,1.0,158.5,1252.11,0,0,1,6,Female,Tier-2,0,True
UPI_GIG_01562,ride,21284.32,8779.33,0.1234,2.4244,0.8167,0.5833,0.5,171.42,1232.06,0,0,1,6,Female,Tier-1,0,True
UPI_GIG_01563,vendor,27836.87,9194.96,0.0899,3.0274,0.8333,0.75,0.6667,111.2,1555.49,0,0,2,6,Female,Tier-1,0,True
UPI_GIG_01564,ride,21447.45,9369.23,0.1473,2.2891,0.8667,0.75,0.8333,158.87,1236.51,0,0,1,6,Female,Tier-2,0,True
UPI_GIG_01565,delivery,11325.07,8919.32,0.3569,1.2697,0.8444,0.75,0.8333,59.71,807.6,0,0,1,6,Male,Tier-3,1,True
UPI_GIG_01566,ride,17318.2,8395.71,0.149,2.0627,0.7889,0.5833,0.3333,152.36,1088.82,0,0,1,6,Female,Tier-3,1,True
UPI_GIG_01567,delivery,13664.1,9192.08,0.2393,1.4865,0.9278,0.75,1.0,65.38,871.7,0,0,1,6,Male,Tier-2,0,True
UPI_GIG_01568,freelance,31740.42,9367.76,0.2622,3.3883,0.9111,0.9167,0.0,991.89,2298.89,0,0,2,6,Female,Tier-2,1,True
UPI_GIG_01569,ride,16588.86,9310.63,0.297,1.7817,0.8,0.8333,0.6667,140.58,1214.0,0,1,1,6,Male,Tier-3,1,True
UPI_GIG_01570,delivery,15143.44,8756.22,0.0695,1.7295,0.8556,0.6667,0.6667,84.05,856.17,0,0,1,6,Male,Tier-1,0,True
UPI_GIG_01571,freelance,27588.25,9092.45,0.4094,3.0342,0.8611,0.75,0.8333,894.75,2088.12,0,0,2,6,Female,Tier-3,1,True
UPI_GIG_01572,freelance,29394.47,9888.45,0.2844,2.9726,0.8389,0.9167,0.6667,943.14,2039.91,0,0,2,6,Female,Tier-3,0,True
UPI_GIG_01573,delivery,14385.35,8573.78,0.0979,1.6778,0.8111,0.5,0.6667,82.12,834.13,0,0,1,6,Male,Tier-2,0,True
UPI_GIG_01574,ride,17198.11,9305.88,0.3299,1.8481,0.8833,0.8333,1.0,126.61,1314.99,0,0,1,6,Male,Tier-1,0,True
UPI_GIG_01575,ride,24290.42,9110.3,0.045,2.6663,0.9111,0.8333,0.6667,174.12,1273.39,0,0,1,6,Female,Tier-3,0,True
UPI_GIG_01576,delivery,13769.09,9061.85,0.1798,1.5195,0.8778,0.75,0.5,72.66,836.67,0,0,1,6,Male,Tier-2,0,True
UPI_GIG_01577,ride,19907.01,8905.04,0.1491,2.2355,0.8722,0.6667,0.6667,149.3,1246.32,0,0,1,6,Female,Tier-3,1,True
UPI_GIG_01578,vendor,20893.1,9489.31,0.3577,2.2018,0.8833,0.9167,0.8333,81.99,1442.98,0,0,2,6,Female,Tier-2,0,True
UPI_GIG_01579,vendor,31060.36,9072.62,0.0228,3.4235,0.9389,0.6667,0.8333,108.1,1592.22,0,0,2,6,Male,Tier-2,0,True
UPI_GIG_01580,freelance,33227.71,9031.57,0.1759,3.6791,0.8,0.5833,0.6667,1113.78,2103.34,0,0,2,6,Female,Tier-2,0,True
UPI_GIG_01581,freelance,38395.72,9105.89,0.1225,4.2166,0.8833,0.6667,0.8333,1212.5,2306.14,0,0,2,6,Male,Tier-3,0,True
UPI_GIG_01582,delivery,11352.48,8814.08,0.3225,1.288,0.8778,0.5833,0.8333,58.97,822.08,0,0,1,6,Female,Tier-2,1,True
UPI_GIG_01583,delivery,17563.22,9883.55,0.0792,1.777,0.9611,1.0,1.0,91.16,976.81,0,0,1,6,Male,Tier-3,0,True
UPI_GIG_01584,freelance,34653.57,9203.18,0.1803,3.7654,0.9111,0.75,1.0,999.62,2187.5,0,0,2,6,Female,Tier-2,0,True
UPI_GIG_01585,delivery,10618.25,9241.01,0.4111,1.149,0.7889,0.75,0.6667,66.36,780.76,0,0,1,6,Female,Tier-2,1,True
UPI_GIG_01586,delivery,15122.92,9448.28,0.0714,1.6006,0.8667,0.9167,0.6667,84.09,851.3,0,0,1,6,Female,Tier-1,0,True
UPI_GIG_01587,ride,20941.76,9363.04,0.0919,2.2366,0.85,0.75,0.6667,155.7,1164.55,0,0,1,6,Male,Tier-2,0,True
UPI_GIG_01588,delivery,15576.6,9589.99,0.0659,1.6243,0.8722,0.9167,0.5,80.99,848.63,0,2,1,6,Male,Tier-1,0,True
UPI_GIG_01589,freelance,27291.22,8523.32,0.4155,3.2019,0.8611,0.5833,0.3333,875.65,2256.07,0,0,2,6,Female,Tier-1,1,True
UPI_GIG_01590,freelance,36522.91,9511.72,0.1049,3.8398,0.8889,1.0,1.0,1058.64,2193.3,0,0,2,6,Male,Tier-3,0,True
UPI_GIG_01591,ride,15435.83,9190.21,0.3711,1.6796,0.8611,0.75,0.8333,120.75,1267.0,0,0,1,6,Male,Tier-1,0,True
UPI_GIG_01592,delivery,16366.9,9392.67,0.0638,1.7425,0.9167,0.8333,1.0,83.5,918.31,0,0,1,6,Female,Tier-2,0,True
UPI_GIG_01593,delivery,15597.39,8928.77,0.1097,1.7469,0.8778,0.75,1.0,84.08,866.78,0,0,1,6,Female,Tier-2,0,True
UPI_GIG_01594,delivery,11424.47,9037.71,0.4435,1.2641,0.85,0.6667,0.6667,63.47,869.0,0,0,1,6,Female,Tier-2,1,True
UPI_GIG_01595,vendor,29252.24,9510.32,0.0568,3.0758,0.8889,0.9167,0.6667,113.75,1613.36,1,1,2,6,Male,Tier-2,0,True
UPI_GIG_01596,vendor,28537.83,9488.78,0.0488,3.0075,0.8778,0.8333,0.5,101.92,1551.11,0,0,2,6,Female,Tier-2,0,True
UPI_GIG_01597,ride,22250.83,9025.7,0.1144,2.4653,0.8833,0.75,0.6667,177.77,1241.81,0,0,1,6,Male,Tier-1,0,True
UPI_GIG_01598,delivery,12221.32,9380.91,0.4467,1.3028,0.9,1.0,0.8333,65.01,903.47,0,0,1,6,Male,Tier-1,0,True
UPI_GIG_01599,ride,22574.69,8867.82,0.1138,2.5457,0.8667,0.75,1.0,174.55,1271.52,0,0,1,6,Male,Tier-2,0,True
UPI_GIG_01600,delivery,12430.65,9178.7,0.3111,1.3543,0.9056,0.9167,1.0,66.83,828.72,0,0,1,6,Female,Tier-2,0,True
UPI_GIG_01601,ride,16979.15,8973.37,0.2919,1.8922,0.7833,0.6667,1.0,139.36,1196.87,0,0,1,6,Male,Tier-3,0,True
UPI_GIG_01602,delivery,12044.16,9508.4,0.2766,1.2667,0.8833,0.75,0.6667,64.46,837.41,0,0,1,6,Male,Tier-1,0,True
UPI_GIG_01603,vendor,30961.42,9905.97,0.0349,3.1255,0.9389,1.0,0.8333,108.19,1637.42,0,0,2,6,Female,Tier-3,0,True
UPI_GIG_01604,ride,23743.1,8845.33,0.0461,2.6843,0.9167,0.6667,0.6667,164.31,1278.52,0,0,1,6,Male,Tier-2,0,True
UPI_GIG_01605,delivery,15478.98,9296.18,0.1417,1.6651,0.8667,0.9167,0.8333,83.37,908.06,0,0,1,6,Male,Tier-1,0,True
UPI_GIG_01606,delivery,14709.81,9608.75,0.195,1.5309,0.8944,0.8333,0.8333,81.19,897.27,0,0,1,6,Female,Tier-1,0,True
UPI_GIG_01607,freelance,38023.17,9182.69,0.1453,4.1407,0.9389,0.8333,1.0,1076.13,2061.48,0,0,2,6,Female,Tier-1,0,True
UPI_GIG_01608,freelance,35247.73,9909.44,0.0837,3.557,0.9444,1.0,1.0,1011.9,1985.71,0,0,2,6,Female,Tier-2,0,True
UPI_GIG_01609,vendor,31507.66,9364.21,0.03,3.3647,0.9389,0.8333,0.8333,111.6,1649.18,0,0,2,6,Male,Tier-2,0,True
UPI_GIG_01610,ride,23441.25,9205.95,0.0518,2.5463,0.9222,0.8333,0.8333,176.69,1257.6,0,0,1,6,Male,Tier-3,0,True
UPI_GIG_01611,vendor,21580.77,9379.37,0.1179,2.3009,0.7889,0.75,0.6667,89.73,1343.95,0,0,2,6,Female,Tier-2,0,True
UPI_GIG_01612,vendor,26885.22,8338.82,0.1374,3.2241,0.8167,0.3333,1.0,115.64,1516.94,0,0,2,6,Male,Tier-3,0,True
UPI_GIG_01613,delivery,16105.48,9310.61,0.0648,1.7298,0.8833,1.0,0.8333,82.73,889.82,0,0,1,6,Male,Tier-1,0,True
UPI_GIG_01614,ride,16903.78,9550.14,0.3921,1.77,0.8389,0.9167,0.6667,132.23,1290.45,0,0,1,6,Male,Tier-1,0,True
UPI_GIG_01615,delivery,12020.94,9980.94,0.3384,1.2044,0.8722,0.8333,1.0,61.59,826.35,0,0,1,6,Male,Tier-2,0,True
UPI_GIG_01616,delivery,16263.89,8919.82,0.0739,1.8233,0.9,0.6667,0.6667,85.9,896.72,0,0,1,6,Male,Tier-3,0,True
UPI_GIG_01617,delivery,14585.28,9239.77,0.1933,1.5785,0.9111,0.75,0.8333,73.05,894.13,0,0,1,6,Female,Tier-1,0,True
UPI_GIG_01618,ride,21793.73,8733.51,0.0665,2.4954,0.8778,0.6667,0.8333,159.86,1208.88,0,0,1,6,Female,Tier-2,0,True
UPI_GIG_01619,vendor,23455.77,8676.2,0.2369,2.7035,0.8833,0.6667,0.6667,82.64,1523.65,0,0,2,6,Female,Tier-1,1,True
UPI_GIG_01620,ride,16104.61,8574.76,0.3601,1.8781,0.8167,0.5833,0.3333,131.47,1207.19,0,0,1,6,Male,Tier-3,1,True
UPI_GIG_01621,delivery,14738.13,9097.15,0.0601,1.6201,0.8333,0.75,0.6667,83.42,805.21,0,0,1,6,Female,Tier-2,0,True
UPI_GIG_01622,freelance,34819.32,9132.64,0.1426,3.8126,0.8556,0.8333,0.6667,1076.89,2026.78,0,0,2,6,Female,Tier-2,0,True
UPI_GIG_01623,delivery,16243.55,9452.35,0.0603,1.7185,0.8889,0.75,0.8333,85.64,873.73,0,0,1,6,Female,Tier-1,0,True
UPI_GIG_01624,ride,20810.43,8470.73,0.0755,2.4567,0.8167,0.5,0.5,168.51,1172.47,0,0,1,6,Female,Tier-1,0,True
UPI_GIG_01625,delivery,14739.29,8940.45,0.0819,1.6486,0.8333,0.5833,0.5,83.19,836.74,0,0,1,6,Male,Tier-3,0,True
UPI_GIG_01626,vendor,26070.03,8850.12,0.0954,2.9457,0.8,0.5833,0.5,112.61,1469.69,0,0,2,6,Male,Tier-1,0,True
UPI_GIG_01627,ride,19870.65,9271.13,0.2175,2.1433,0.8889,0.8333,1.0,152.27,1297.99,0,0,1,6,Female,Tier-3,0,True
UPI_GIG_01628,ride,20469.6,8970.16,0.0741,2.282,0.7889,0.5833,0.5,169.4,1133.21,0,0,1,6,Female,Tier-3,0,True
UPI_GIG_01629,delivery,14642.61,9054.02,0.0861,1.6173,0.8111,0.75,0.6667,85.88,797.16,0,0,1,6,Female,Tier-2,0,True
UPI_GIG_01630,delivery,12191.4,8826.34,0.3136,1.3813,0.8389,0.5833,0.8333,64.45,855.67,0,0,1,6,Male,Tier-2,1,True
UPI_GIG_01631,delivery,13287.66,9242.76,0.242,1.4376,0.9222,0.8333,0.6667,68.03,867.26,0,0,1,6,Female,Tier-2,0,True
UPI_GIG_01632,delivery,15188.71,9578.26,0.0515,1.5857,0.8667,0.8333,0.8333,84.7,826.47,0,0,1,6,Female,Tier-1,0,True
UPI_GIG_01633,freelance,38592.84,8876.39,0.1257,4.3478,0.8611,0.5,0.6667,1129.55,2219.19,0,0,2,6,Female,Tier-2,0,True
UPI_GIG_01634,delivery,11102.2,9463.66,0.4239,1.1731,0.8722,0.8333,0.5,57.92,915.32,0,0,1,6,Female,Tier-1,1,True
UPI_GIG_01635,freelance,36177.25,8430.67,0.1314,4.2911,0.8556,0.3333,0.6667,1173.32,2141.17,0,0,2,6,Male,Tier-3,0,True
UPI_GIG_01636,ride,18707.95,9499.36,0.2906,1.9694,0.9611,0.9167,1.0,124.31,1217.59,0,0,1,6,Female,Tier-1,0,True
UPI_GIG_01637,delivery,16397.05,8600.48,0.0894,1.9065,0.9111,0.5,0.8333,82.12,900.66,0,0,1,6,Male,Tier-3,0,True
UPI_GIG_01638,freelance,28731.15,9508.7,0.2658,3.0216,0.9,0.9167,0.6667,820.89,1976.23,0,0,2,6,Female,Tier-3,0,True
UPI_GIG_01639,ride,20525.07,9089.01,0.1356,2.2582,0.8778,0.75,1.0,157.89,1217.4,0,0,1,6,Male,Tier-1,0,True
UPI_GIG_01640,delivery,10330.5,8528.35,0.3761,1.2113,0.8167,0.3333,0.8333,58.53,794.72,0,0,1,6,Male,Tier-2,1,True
UPI_GIG_01641,freelance,31873.92,8797.13,0.0779,3.6232,0.8,0.5,0.8333,1006.54,1767.39,0,0,2,6,Female,Tier-1,0,True
UPI_GIG_01642,ride,25587.97,9856.28,0.0587,2.5961,0.95,1.0,1.0,179.77,1346.38,0,0,1,6,Male,Tier-2,0,True
UPI_GIG_01643,vendor,23872.34,8953.3,0.1873,2.6663,0.8389,0.8333,0.5,97.77,1442.41,0,0,2,6,Male,Tier-3,0,True
UPI_GIG_01644,ride,19489.16,9742.18,0.1816,2.0005,0.9,1.0,1.0,141.06,1223.14,0,0,1,6,Female,Tier-3,0,True
UPI_GIG_01645,delivery,15451.18,9106.71,0.0647,1.6967,0.8389,0.6667,0.5,85.6,841.91,0,1,1,6,Male,Tier-2,0,True
UPI_GIG_01646,ride,18226.54,9606.5,0.2082,1.8973,0.85,0.8333,0.8333,137.56,1297.85,0,0,1,6,Male,Tier-1,0,True
UPI_GIG_01647,delivery,13958.13,9156.71,0.2383,1.5244,0.9,0.75,0.8333,74.58,942.55,0,0,1,6,Male,Tier-2,0,True
UPI_GIG_01648,ride,17791.36,8636.16,0.2333,2.0601,0.8833,0.6667,0.8333,131.63,1147.44,0,0,1,6,Male,Tier-2,0,True
UPI_GIG_01649,delivery,12651.6,8947.37,0.2956,1.414,0.8833,0.6667,0.8333,71.28,835.13,0,0,1,6,Male,Tier-2,0,True
UPI_GIG_01650,freelance,25326.9,9259.41,0.429,2.7353,0.8667,0.75,1.0,799.8,1992.74,0,0,2,6,Male,Tier-3,0,True
UPI_GIG_01651,ride,23753.83,9778.77,0.0826,2.4291,0.95,1.0,1.0,157.66,1314.26,0,0,1,6,Male,Tier-1,0,True
UPI_GIG_01652,ride,23022.43,8725.37,0.135,2.6386,0.8667,0.5833,0.6667,183.69,1272.36,0,0,1,6,Female,Tier-2,0,True
UPI_GIG_01653,delivery,13735.18,8682.39,0.1762,1.582,0.9222,0.5833,1.0,71.72,905.13,0,0,1,6,Male,Tier-3,0,True
UPI_GIG_01654,vendor,22912.17,8822.03,0.3036,2.5972,0.8278,0.5833,0.8333,87.84,1589.43,0,0,2,6,Female,Tier-2,1,True
UPI_GIG_01655,vendor,27559.83,9283.96,0.0614,2.9685,0.8167,0.8333,0.5,114.2,1492.47,0,0,2,6,Male,Tier-1,0,True
UPI_GIG_01656,delivery,14599.96,9967.21,0.1259,1.4648,0.9333,1.0,0.8333,73.12,849.12,0,0,1,6,Female,Tier-1,0,True
UPI_GIG_01657,ride,15575.43,8327.45,0.3432,1.8704,0.8278,0.4167,0.6667,127.84,1138.53,0,0,1,6,Male,Tier-1,1,True
UPI_GIG_01658,ride,17822.11,8445.17,0.146,2.1103,0.8167,0.5,0.3333,139.78,1078.48,0,0,1,6,Female,Tier-1,1,True
UPI_GIG_01659,delivery,13064.46,9158.29,0.175,1.4265,0.9,0.75,0.8333,66.37,807.29,0,0,1,6,Female,Tier-2,0,True
UPI_GIG_01660,delivery,16363.88,9529.88,0.0804,1.7171,0.9167,1.0,0.8333,87.74,892.9,0,0,1,6,Male,Tier-2,0,True
UPI_GIG_01661,freelance,40393.94,9637.84,0.0656,4.1912,0.9389,1.0,0.6667,1143.22,2147.37,0,0,2,6,Female,Tier-1,0,True
UPI_GIG_01662,vendor,29682.35,9222.13,0.1093,3.2186,0.9,0.8333,0.8333,110.14,1705.7,0,0,2,6,Male,Tier-2,0,True
UPI_GIG_01663,freelance,33766.16,8826.22,0.0901,3.8257,0.7833,0.5833,0.6667,1171.08,1901.33,0,0,2,6,Male,Tier-3,0,True
UPI_GIG_01664,delivery,15052.16,8519.07,0.1355,1.7669,0.8222,0.4167,0.3333,85.6,876.15,0,0,1,6,Female,Tier-2,1,True
UPI_GIG_01665,vendor,28182.49,9232.06,0.1182,3.0527,0.8333,0.75,0.6667,112.73,1571.08,2,3,2,6,Female,Tier-2,0,True
UPI_GIG_01666,vendor,20845.18,8806.13,0.3098,2.3671,0.8778,0.5833,0.6667,78.27,1465.01,0,0,2,6,Female,Tier-2,1,True
UPI_GIG_01667,vendor,29546.36,9217.26,0.0925,3.2055,0.9,0.75,1.0,108.29,1661.73,0,0,2,6,Female,Tier-2,0,True
UPI_GIG_01668,freelance,29116.34,9747.86,0.3675,2.9869,0.9333,1.0,1.0,848.05,2125.62,0,1,2,6,Female,Tier-2,0,True
UPI_GIG_01669,freelance,30821.71,9712.89,0.3928,3.1733,0.9722,0.9167,1.0,897.72,2231.51,0,0,2,6,Female,Tier-1,0,True
UPI_GIG_01670,ride,21067.73,8400.98,0.0903,2.5078,0.8389,0.5833,1.0,174.84,1147.52,0,0,1,6,Female,Tier-1,0,True
UPI_GIG_01671,delivery,15225.57,8872.74,0.0703,1.716,0.8611,0.5833,0.8333,85.22,853.69,0,0,1,6,Male,Tier-1,0,True
UPI_GIG_01672,ride,22052.34,9069.57,0.0549,2.4315,0.8444,0.6667,0.8333,174.1,1188.07,0,0,1,6,Male,Tier-2,0,True
UPI_GIG_01673,ride,23278.65,8617.96,0.103,2.7012,0.8889,0.5833,0.6667,164.71,1307.35,0,0,1,6,Male,Tier-1,0,True
UPI_GIG_01674,delivery,16004.65,9715.77,0.0375,1.6473,0.8833,1.0,0.8333,85.43,847.92,0,0,1,6,Male,Tier-3,0,True
UPI_GIG_01675,delivery,12774.46,8987.76,0.2382,1.4213,0.8778,0.6667,1.0,66.88,805.61,0,0,1,6,Female,Tier-1,0,True
UPI_GIG_01676,ride,15942.86,8500.26,0.3452,1.8756,0.8222,0.5,0.3333,130.68,1210.91,0,0,1,6,Female,Tier-2,1,True
UPI_GIG_01677,vendor,27558.14,9383.74,0.0907,2.9368,0.8389,0.75,0.5,107.79,1503.11,0,0,2,6,Male,Tier-2,0,True
UPI_GIG_01678,delivery,15117.97,9116.03,0.0341,1.6584,0.8333,0.6667,0.5,84.93,788.23,0,0,1,6,Male,Tier-2,0,True
UPI_GIG_01679,delivery,15239.89,8989.35,0.1069,1.6953,0.8333,0.6667,0.5,84.98,893.47,0,0,1,6,Male,Tier-2,0,True
UPI_GIG_01680,freelance,34961.61,8591.77,0.1135,4.0692,0.8611,0.5,1.0,1104.05,1940.31,0,0,2,6,Male,Tier-1,0,True
UPI_GIG_01681,ride,20909.3,9005.18,0.06,2.3219,0.8556,0.6667,0.8333,155.27,1115.19,0,0,1,6,Male,Tier-2,0,True
UPI_GIG_01682,delivery,16624.06,9121.56,0.0859,1.8225,0.9222,0.75,0.8333,86.51,930.34,0,0,1,6,Male,Tier-1,0,True
UPI_GIG_01683,delivery,12859.94,9163.65,0.1199,1.4034,0.8278,0.8333,0.5,74.05,784.27,1,1,1,6,Male,Tier-2,1,True
UPI_GIG_01684,ride,20423.75,9674.63,0.1221,2.1111,0.8333,0.75,0.8333,156.11,1210.37,0,1,1,6,Male,Tier-2,0,True
UPI_GIG_01685,ride,18015.15,8771.34,0.2692,2.0539,0.8278,0.6667,0.5,134.44,1184.46,0,0,1,6,Male,Tier-2,1,True
UPI_GIG_01686,delivery,13157.3,8463.98,0.2039,1.5545,0.8778,0.5833,0.5,69.92,839.61,0,0,1,6,Male,Tier-1,1,True
UPI_GIG_01687,ride,21878.17,9164.02,0.0898,2.3874,0.8389,0.5833,0.8333,170.04,1260.39,0,0,1,6,Male,Tier-2,0,True
UPI_GIG_01688,freelance,38370.17,9502.99,0.1174,4.0377,0.9278,0.9167,1.0,1151.11,2160.09,0,0,2,6,Male,Tier-2,0,True
UPI_GIG_01689,freelance,37204.14,9178.33,0.1326,4.0535,0.8778,0.75,0.8333,1121.73,2178.41,0,0,2,6,Female,Tier-2,0,True
UPI_GIG_01690,ride,20925.81,8975.82,0.0737,2.3314,0.8278,0.75,0.6667,163.48,1194.91,0,0,1,6,Female,Tier-1,0,True
UPI_GIG_01691,vendor,29401.85,9274.68,0.0508,3.1701,0.9056,0.9167,0.8333,107.11,1579.67,0,0,2,6,Male,Tier-2,0,True
UPI_GIG_01692,delivery,16944.27,9176.59,0.1091,1.8465,0.9167,0.8333,0.6667,86.75,994.31,0,0,1,6,Female,Tier-2,0,True
UPI_GIG_01693,ride,19614.61,8680.27,0.0845,2.2597,0.7944,0.5833,0.6667,159.9,1065.14,0,0,1,6,Male,Tier-2,0,True
UPI_GIG_01694,freelance,33237.0,9223.51,0.1826,3.6035,0.9222,0.5833,1.0,958.76,2265.35,0,0,2,6,Female,Tier-3,0,True
UPI_GIG_01695,vendor,28260.53,8874.66,0.0911,3.1844,0.85,0.5,0.8333,108.69,1561.95,0,0,2,6,Female,Tier-1,0,True
UPI_GIG_01696,delivery,15711.22,9165.14,0.043,1.7142,0.8778,0.75,1.0,80.92,837.35,0,0,1,6,Male,Tier-2,0,True
UPI_GIG_01697,freelance,38074.01,9620.49,0.113,3.9576,0.9444,1.0,1.0,1062.53,2219.32,0,0,2,6,Female,Tier-2,0,True
UPI_GIG_01698,vendor,29369.9,8695.24,0.0883,3.3777,0.8722,0.5833,0.6667,106.73,1599.36,0,0,2,6,Female,Tier-1,0,True
UPI_GIG_01699,vendor,28345.04,9412.17,0.0704,3.0115,0.8389,0.8333,0.8333,107.84,1562.19,0,0,2,6,Female,Tier-2,0,True
UPI_GIG_01700,delivery,16529.31,9699.79,0.0914,1.7041,0.9389,1.0,1.0,84.98,928.98,0,0,1,6,Male,Tier-3,0,True
UPI_GIG_01701,ride,21510.89,9117.17,0.088,2.3594,0.8389,0.75,0.8333,176.32,1214.67,0,0,1,6,Female,Tier-2,0,True
UPI_GIG_01702,delivery,17132.61,9048.26,0.0706,1.8935,0.9167,0.5833,0.8333,89.31,938.66,0,1,1,6,Female,Tier-2,0,True
UPI_GIG_01703,ride,22056.82,9372.66,0.0862,2.3533,0.8944,0.75,0.8333,157.55,1222.27,0,0,1,6,Female,Tier-1,0,True
UPI_GIG_01704,vendor,30457.82,9157.83,0.1089,3.3259,0.9222,0.8333,0.8333,105.15,1728.03,0,0,2,6,Male,Tier-2,0,True
UPI_GIG_01705,ride,16718.25,8731.59,0.299,1.9147,0.8389,0.5833,0.6667,130.61,1121.62,0,0,1,6,Male,Tier-2,1,True
UPI_GIG_01706,delivery,15824.63,8891.32,0.0471,1.7798,0.8611,0.6667,0.8333,86.08,850.92,0,0,1,6,Female,Tier-2,0,True
UPI_GIG_01707,vendor,23575.0,9385.28,0.3052,2.5119,0.9111,0.9167,0.8333,84.8,1613.74,0,0,2,6,Male,Tier-1,0,True
UPI_GIG_01708,freelance,34018.94,9385.44,0.1344,3.6247,0.8389,0.9167,0.3333,1140.3,2009.0,0,0,2,6,Male,Tier-3,0,True
UPI_GIG_01709,delivery,16346.23,8762.1,0.0376,1.8656,0.8944,0.5833,0.8333,86.79,875.25,0,0,1,6,Female,Tier-2,0,True
UPI_GIG_01710,delivery,11782.6,9172.38,0.3812,1.2846,0.8389,0.75,0.6667,65.76,895.06,0,0,1,6,Male,Tier-2,1,True
UPI_GIG_01711,freelance,33133.64,9305.97,0.2575,3.5605,0.9111,0.8333,1.0,946.68,2358.87,0,0,2,6,Female,Tier-3,0,True
UPI_GIG_01712,delivery,16166.17,9216.85,0.052,1.754,0.9167,0.9167,0.8333,84.05,886.58,0,0,1,6,Female,Tier-2,0,True
UPI_GIG_01713,vendor,28346.74,8976.27,0.1291,3.158,0.9333,0.9167,1.0,103.58,1699.21,0,0,2,6,Female,Tier-3,0,True
UPI_GIG_01714,vendor,27531.17,9359.74,0.0234,2.9414,0.85,0.75,0.6667,102.98,1426.81,0,0,2,6,Male,Tier-2,0,True
UPI_GIG_01715,delivery,14934.62,8999.36,0.0577,1.6595,0.8389,0.6667,0.8333,84.62,821.99,0,0,1,6,Female,Tier-1,0,True
UPI_GIG_01716,delivery,15966.12,9322.68,0.1093,1.7126,0.8722,0.8333,0.8333,88.21,951.1,0,0,1,6,Male,Tier-1,0,True
UPI_GIG_01717,vendor,26905.24,8543.77,0.119,3.1491,0.8167,0.25,1.0,105.44,1681.19,0,1,2,6,Male,Tier-1,0,True
UPI_GIG_01718,ride,16319.13,9065.55,0.4147,1.8001,0.9056,0.8333,0.3333,120.88,1196.85,0,0,1,6,Male,Tier-1,1,True
UPI_GIG_01719,delivery,17106.39,9892.75,0.0733,1.7292,0.9278,1.0,0.8333,83.38,954.02,0,0,1,6,Male,Tier-1,0,True
UPI_GIG_01720,ride,22948.84,9323.01,0.0663,2.4615,0.8889,0.75,0.8333,161.23,1279.52,0,0,1,6,Male,Tier-1,0,True
UPI_GIG_01721,delivery,16476.56,9471.28,0.0596,1.7396,0.9222,0.8333,1.0,80.11,887.63,0,0,1,6,Male,Tier-3,0,True
UPI_GIG_01722,ride,22930.9,9115.5,0.0714,2.5156,0.8833,0.75,0.8333,163.79,1297.58,0,0,1,6,Male,Tier-2,0,True
UPI_GIG_01723,delivery,16369.54,8625.57,0.0422,1.8978,0.8944,0.5833,0.8333,86.92,851.28,0,0,1,6,Male,Tier-1,0,True
UPI_GIG_01724,delivery,16973.05,8809.68,0.0501,1.9266,0.9167,0.75,0.6667,85.58,906.35,0,0,1,6,Female,Tier-1,0,True
UPI_GIG_01725,delivery,13682.72,9475.61,0.1784,1.444,0.8722,0.9167,0.6667,73.3,862.31,0,0,1,6,Male,Tier-1,0,True
UPI_GIG_01726,delivery,14047.75,9566.74,0.1887,1.4684,0.95,0.9167,1.0,69.31,884.05,0,0,1,6,Female,Tier-1,0,True
UPI_GIG_01727,ride,16642.67,8888.33,0.3948,1.8724,0.8611,0.6667,0.3333,122.22,1191.11,0,0,1,6,Male,Tier-2,1,True
UPI_GIG_01728,vendor,30467.77,8963.68,0.081,3.399,0.9222,0.5833,1.0,111.6,1735.6,0,0,2,6,Male,Tier-1,0,True
UPI_GIG_01729,ride,23395.23,9018.71,0.0836,2.5941,0.9111,0.6667,0.8333,159.33,1292.83,0,0,1,6,Male,Tier-3,0,True
UPI_GIG_01730,ride,22933.82,8652.59,0.0891,2.6505,0.9056,0.6667,0.5,163.62,1287.64,0,0,1,6,Male,Tier-2,0,True
UPI_GIG_01731,delivery,11625.13,9519.02,0.4248,1.2213,0.8722,0.8333,0.6667,65.01,905.38,0,0,1,6,Female,Tier-2,1,True
UPI_GIG_01732,delivery,17207.54,8798.78,0.0475,1.9557,0.9167,0.75,0.3333,86.54,919.29,0,0,1,6,Male,Tier-2,0,True
UPI_GIG_01733,vendor,29895.66,9151.05,0.0762,3.2669,0.8944,0.75,0.6667,112.88,1654.49,0,0,2,6,Female,Tier-2,0,True
UPI_GIG_01734,ride,21868.24,8677.27,0.0606,2.5202,0.8722,0.4167,0.5,181.73,1193.36,0,0,1,6,Male,Tier-3,0,True
UPI_GIG_01735,vendor,28190.27,9352.42,0.0494,3.0142,0.8222,0.75,0.8333,115.06,1502.44,0,0,2,6,Male,Tier-3,0,True
UPI_GIG_01736,delivery,14829.5,9543.65,0.1012,1.5539,0.8444,0.8333,0.6667,81.41,824.53,0,2,1,6,Male,Tier-1,0,True
UPI_GIG_01737,ride,24982.45,9624.77,0.104,2.5956,0.9333,1.0,1.0,175.93,1425.45,0,0,1,6,Male,Tier-2,0,True
UPI_GIG_01738,ride,17292.59,9863.05,0.3406,1.7533,0.9222,0.9167,1.0,131.34,1222.18,0,0,1,6,Female,Tier-2,0,True
UPI_GIG_01739,vendor,23145.74,8632.17,0.2159,2.6813,0.8167,0.5,0.6667,99.62,1529.55,0,0,2,6,Female,Tier-2,1,True
UPI_GIG_01740,delivery,14984.43,9192.87,0.0972,1.63,0.8333,0.8333,0.8333,82.11,837.89,0,0,1,6,Male,Tier-3,0,True
UPI_GIG_01741,ride,23200.37,9350.17,0.0435,2.4813,0.8944,0.9167,0.8333,163.19,1224.42,0,0,1,6,Male,Tier-3,0,True
UPI_GIG_01742,ride,22268.62,9154.35,0.1021,2.4326,0.8833,0.6667,1.0,157.38,1235.39,0,0,1,6,Female,Tier-1,0,True
UPI_GIG_01743,delivery,15427.66,9255.87,0.0441,1.6668,0.85,0.75,0.6667,84.15,808.76,0,0,1,6,Female,Tier-2,0,True
UPI_GIG_01744,ride,23592.62,9173.86,0.085,2.5717,0.9167,0.8333,0.8333,171.58,1310.13,0,0,1,6,Male,Tier-2,0,True
UPI_GIG_01745,vendor,30852.31,9104.87,0.0269,3.3886,0.9278,0.9167,0.8333,113.22,1601.31,0,0,2,6,Female,Tier-3,0,True
UPI_GIG_01746,delivery,16079.99,9223.85,0.0821,1.7433,0.8889,0.6667,0.8333,79.87,913.28,0,0,1,6,Male,Tier-2,0,True
UPI_GIG_01747,ride,21352.39,8620.09,0.0927,2.4771,0.8444,0.5833,0.5,175.26,1264.54,0,0,1,6,Female,Tier-2,0,True
UPI_GIG_01748,delivery,12243.01,9817.3,0.3712,1.2471,0.9333,0.9167,0.8333,60.16,884.73,0,0,1,6,Male,Tier-3,0,True
UPI_GIG_01749,vendor,28753.45,8922.52,0.078,3.2226,0.8667,0.6667,0.8333,109.33,1612.87,0,0,2,6,Male,Tier-1,0,True
UPI_GIG_01750,vendor,23412.24,9289.37,0.3512,2.5203,0.9444,0.9167,0.8333,79.32,1620.41,0,0,2,6,Male,Tier-3,0,True
UPI_GIG_01751,delivery,11259.63,9257.97,0.4298,1.2162,0.8778,0.6667,0.8333,59.73,851.46,0,0,1,6,Male,Tier-2,0,True
UPI_GIG_01752,delivery,12555.31,9462.04,0.2883,1.3269,0.8722,0.9167,0.8333,69.75,863.36,0,0,1,6,Female,Tier-2,0,True
UPI_GIG_01753,delivery,16672.6,9432.46,0.0679,1.7676,0.9056,0.8333,0.8333,85.79,918.0,0,0,1,6,Male,Tier-2,0,True
UPI_GIG_01754,freelance,35652.64,9124.51,0.0544,3.9073,0.9167,0.8333,0.8333,1033.41,1915.75,0,0,2,6,Female,Tier-2,0,True
UPI_GIG_01755,ride,24353.76,10031.62,0.063,2.4277,0.9333,1.0,1.0,165.67,1314.47,0,0,1,6,Male,Tier-2,0,True
UPI_GIG_01756,ride,20252.25,9120.74,0.2001,2.2205,0.9,0.75,1.0,154.01,1302.43,0,0,1,6,Female,Tier-1,0,True
UPI_GIG_01757,delivery,14257.73,9180.51,0.0897,1.553,0.8056,0.8333,1.0,83.38,789.18,0,0,1,6,Male,Tier-2,0,True
UPI_GIG_01758,delivery,15380.53,8802.63,0.0395,1.7473,0.8556,0.5833,1.0,85.29,810.96,0,1,1,6,Male,Tier-1,0,True
UPI_GIG_01759,vendor,28537.86,8748.39,0.0765,3.2621,0.8444,0.6667,0.6667,113.55,1604.62,0,0,2,6,Female,Tier-1,0,True
UPI_GIG_01760,delivery,16492.49,9112.69,0.071,1.8098,0.9111,0.8333,0.6667,81.38,901.29,0,0,1,6,Male,Tier-1,0,True
UPI_GIG_01761,ride,20899.23,10100.83,0.1192,2.0691,0.8444,1.0,1.0,156.94,1189.38,0,0,1,6,Male,Tier-3,0,True
UPI_GIG_01762,ride,17317.54,9108.07,0.2731,1.9013,0.8611,0.6667,0.6667,132.53,1232.81,0,0,1,6,Female,Tier-2,1,True
UPI_GIG_01763,ride,21959.46,9339.66,0.0675,2.3512,0.8611,0.75,0.8333,174.51,1211.72,0,0,1,6,Male,Tier-2,0,True
UPI_GIG_01764,ride,22455.89,8800.96,0.0926,2.5515,0.8444,0.6667,0.8333,189.24,1322.38,0,0,1,6,Female,Tier-2,0,True
UPI_GIG_01765,vendor,25563.99,9235.3,0.2014,2.7681,0.9,0.75,1.0,93.7,1587.89,0,0,2,6,Male,Tier-2,0,True
UPI_GIG_01766,freelance,35501.09,9137.15,0.103,3.8854,0.8333,0.5833,0.8333,1210.26,1906.17,0,0,2,6,Male,Tier-1,0,True
UPI_GIG_01767,delivery,14929.01,8891.28,0.0901,1.6791,0.8556,0.75,1.0,82.63,821.16,0,0,1,6,Male,Tier-1,0,True
UPI_GIG_01768,delivery,16358.24,8677.17,0.0362,1.8852,0.9111,0.75,1.0,79.28,876.92,0,0,1,6,Female,Tier-1,0,True
UPI_GIG_01769,delivery,15620.31,8960.02,0.145,1.7433,0.9333,0.75,0.6667,80.45,985.84,0,0,1,6,Female,Tier-2,0,True
UPI_GIG_01770,ride,18144.48,8306.62,0.2877,2.1843,0.85,0.3333,1.0,143.43,1338.33,0,0,1,6,Female,Tier-2,1,True
UPI_GIG_01771,ride,19641.44,9573.05,0.1813,2.0517,0.8778,0.9167,0.6667,141.31,1262.36,0,0,1,6,Female,Tier-1,0,True
UPI_GIG_01772,ride,17331.0,9639.28,0.2756,1.798,0.9167,1.0,1.0,122.91,1169.02,0,0,1,6,Male,Tier-2,0,True
UPI_GIG_01773,delivery,15549.1,9614.24,0.0728,1.6173,0.8778,0.75,1.0,85.83,848.92,0,0,1,6,Female,Tier-3,0,True
UPI_GIG_01774,vendor,24982.96,8669.5,0.1595,2.8817,0.8667,0.5833,1.0,95.17,1524.92,0,0,2,6,Male,Tier-2,0,True
UPI_GIG_01775,freelance,25134.23,9092.87,0.4435,2.7642,0.8611,0.6667,1.0,777.35,2085.04,0,0,2,6,Male,Tier-2,1,True
UPI_GIG_01776,ride,21579.29,8552.47,0.0795,2.5232,0.8556,0.5,0.6667,166.85,1232.17,0,0,1,6,Male,Tier-2,0,True
UPI_GIG_01777,ride,24406.72,8957.07,0.0608,2.7249,0.9333,0.6667,0.8333,168.71,1283.39,0,0,1,6,Female,Tier-3,0,True
UPI_GIG_01778,ride,21806.51,8950.1,0.0265,2.4365,0.8278,0.6667,0.6667,168.17,1138.64,0,0,1,6,Female,Tier-3,0,True
UPI_GIG_01779,ride,18170.44,9438.02,0.2001,1.9252,0.8611,0.8333,0.8333,129.33,1146.03,0,0,1,6,Female,Tier-1,0,True
UPI_GIG_01780,delivery,12498.34,9216.49,0.0837,1.3561,0.7833,0.75,0.5,74.39,677.15,1,2,1,6,Male,Tier-1,1,True
UPI_GIG_01781,ride,22351.46,9442.44,0.0679,2.3671,0.8944,0.9167,0.8333,169.54,1169.77,0,0,1,6,Female,Tier-3,0,True
UPI_GIG_01782,freelance,29637.38,8975.64,0.1584,3.302,0.8389,0.8333,0.6667,977.06,1758.63,0,0,2,6,Male,Tier-2,0,True
UPI_GIG_01783,vendor,30636.85,9540.34,0.0509,3.2113,0.9278,1.0,1.0,107.81,1621.07,0,0,2,6,Male,Tier-1,0,True
UPI_GIG_01784,ride,21625.12,8959.38,0.0708,2.4137,0.8611,0.6667,0.6667,164.24,1143.88,0,0,1,6,Male,Tier-3,0,True
UPI_GIG_01785,delivery,12637.74,9325.16,0.2403,1.3552,0.8889,0.8333,0.8333,68.19,877.28,0,0,1,6,Male,Tier-3,0,True
UPI_GIG_01786,delivery,13147.15,9210.42,0.2493,1.4274,0.8944,0.8333,1.0,73.24,827.93,0,0,1,6,Female,Tier-2,0,True
UPI_GIG_01787,ride,22475.76,8714.58,0.0599,2.5791,0.8778,0.6667,0.5,168.36,1219.62,0,0,1,6,Male,Tier-2,0,True
UPI_GIG_01788,vendor,21984.93,9310.39,0.36,2.3613,0.85,0.75,0.6667,88.71,1644.47,0,0,2,6,Male,Tier-2,1,True
UPI_GIG_01789,delivery,14738.81,9463.23,0.1445,1.5575,0.8111,0.8333,0.8333,79.6,924.31,0,0,1,6,Male,Tier-3,0,True
UPI_GIG_01790,ride,23870.27,9875.17,0.05,2.4172,0.9611,1.0,1.0,157.73,1264.54,0,0,1,6,Female,Tier-3,0,True
UPI_GIG_01791,freelance,32098.15,9074.3,0.1652,3.5373,0.8778,0.5833,0.8333,982.6,1917.24,0,0,2,6,Male,Tier-2,1,True
UPI_GIG_01792,delivery,15740.91,8902.36,0.0948,1.7682,0.8667,0.8333,1.0,82.27,897.46,0,0,1,6,Female,Tier-2,0,True
UPI_GIG_01793,ride,16892.34,8148.11,0.2369,2.0732,0.8222,0.3333,0.5,136.96,1078.3,0,0,1,6,Male,Tier-2,1,True
UPI_GIG_01794,delivery,15859.74,9443.16,0.0545,1.6795,0.8833,1.0,1.0,86.74,837.47,0,0,1,6,Male,Tier-2,0,True
UPI_GIG_01795,ride,21475.39,8974.75,0.0513,2.3929,0.85,0.5833,0.6667,160.86,1153.73,0,0,1,6,Female,Tier-2,0,True
UPI_GIG_01796,ride,23094.01,8391.98,0.0996,2.7519,0.8889,0.5,0.6667,181.13,1349.83,0,0,1,6,Male,Tier-2,0,True
UPI_GIG_01797,delivery,15266.8,8969.33,0.0752,1.7021,0.8611,0.6667,0.5,81.93,842.66,0,0,1,6,Female,Tier-2,0,True
UPI_GIG_01798,delivery,15699.93,8936.5,0.0877,1.7568,0.8444,0.6667,1.0,90.84,920.73,0,0,1,6,Female,Tier-2,0,True
UPI_GIG_01799,ride,17065.01,8809.26,0.2959,1.9372,0.85,0.5833,1.0,132.97,1117.58,0,0,1,6,Female,Tier-2,1,True
UPI_GIG_01800,ride,20504.62,8421.06,0.0785,2.4349,0.8333,0.4167,0.6667,162.74,1146.99,1,1,1,6,Male,Tier-2,0,True
UPI_GIG_01801,ride,16944.02,9150.04,0.2465,1.8518,0.8167,0.5,0.6667,134.65,1132.22,0,0,1,6,Male,Tier-2,1,True
UPI_GIG_01802,freelance,38535.61,9269.91,0.1028,4.1571,0.9,0.9167,1.0,1156.07,2165.33,0,0,2,6,Female,Tier-1,0,True
UPI_GIG_01803,delivery,15368.03,8978.27,0.0604,1.7117,0.8722,0.75,0.8333,79.83,823.78,0,0,1,6,Female,Tier-2,0,True
UPI_GIG_01804,ride,22971.61,9387.51,0.0556,2.447,0.9167,0.8333,0.5,162.34,1228.03,0,0,1,6,Female,Tier-1,0,True
UPI_GIG_01805,delivery,18076.33,9530.41,0.0482,1.8967,0.9556,1.0,1.0,89.27,970.38,0,0,1,6,Male,Tier-2,0,True
UPI_GIG_01806,delivery,15428.96,9059.3,0.0839,1.7031,0.8444,0.8333,0.8333,91.57,855.99,0,0,1,6,Female,Tier-1,0,True
UPI_GIG_01807,ride,23124.21,9582.44,0.0703,2.4132,0.8833,0.9167,1.0,163.61,1247.78,0,0,1,6,Male,Tier-1,0,True
UPI_GIG_01808,delivery,16697.12,9308.55,0.0599,1.7937,0.9222,0.8333,1.0,88.27,912.54,0,0,1,6,Female,Tier-3,0,True
UPI_GIG_01809,freelance,34997.71,8898.73,0.0769,3.9329,0.8556,0.5833,0.6667,1082.4,1923.46,0,0,2,6,Male,Tier-2,0,True
UPI_GIG_01810,ride,22471.41,9420.89,0.0788,2.3853,0.9167,0.75,0.8333,154.27,1273.84,0,0,1,6,Female,Tier-3,0,True
UPI_GIG_01811,delivery,14693.62,8887.42,0.1044,1.6533,0.8056,0.75,0.5,84.85,863.24,0,0,1,6,Male,Tier-1,0,True
UPI_GIG_01812,ride,24079.93,9337.56,0.1053,2.5788,0.9278,0.75,1.0,161.43,1407.33,0,0,1,6,Male,Tier-3,0,True
UPI_GIG_01813,ride,21934.25,8926.85,0.1092,2.4571,0.8833,0.6667,1.0,159.52,1299.19,0,0,1,6,Male,Tier-2,0,True
UPI_GIG_01814,vendor,31074.88,9599.07,0.0503,3.2373,0.9278,1.0,0.5,113.83,1666.02,0,0,2,6,Male,Tier-2,0,True
UPI_GIG_01815,vendor,29471.98,9041.88,0.0882,3.2595,0.9,0.8333,1.0,107.69,1679.84,0,0,2,6,Female,Tier-2,0,True
UPI_GIG_01816,delivery,15977.46,9039.71,0.0409,1.7675,0.8778,0.6667,0.6667,86.83,850.92,0,0,1,6,Male,Tier-3,0,True
UPI_GIG_01817,vendor,27227.64,9179.93,0.1109,2.966,0.8056,0.6667,0.8333,113.92,1512.97,0,0,2,6,Male,Tier-1,0,True
UPI_GIG_01818,freelance,26802.36,8990.18,0.311,2.9813,0.8278,0.75,0.8333,855.39,1962.11,0,0,2,6,Male,Tier-1,0,True
UPI_GIG_01819,delivery,16048.85,9343.09,0.0643,1.7177,0.9111,1.0,0.8333,84.1,854.85,0,0,1,6,Female,Tier-2,0,True
UPI_GIG_01820,delivery,17164.34,9654.13,0.0481,1.7779,0.9278,1.0,0.8333,87.87,919.63,0,0,1,6,Female,Tier-1,0,True
UPI_GIG_01821,freelance,34030.23,8909.25,0.1105,3.8197,0.8222,0.5833,0.8333,1134.34,1986.55,0,0,2,6,Male,Tier-2,0,True
UPI_GIG_01822,vendor,21068.85,8914.68,0.3149,2.3634,0.8556,0.5833,1.0,79.96,1428.54,0,0,2,6,Male,Tier-2,0,True
UPI_GIG_01823,freelance,31274.74,9063.62,0.2763,3.4506,0.8389,0.75,0.8333,952.53,2102.27,0,0,2,6,Male,Tier-1,1,True
UPI_GIG_01824,ride,22364.95,8625.63,0.0656,2.5928,0.8667,0.5833,0.6667,176.8,1247.45,0,0,1,6,Male,Tier-1,0,True
UPI_GIG_01825,freelance,26707.61,8864.67,0.3955,3.0128,0.9167,0.75,0.6667,793.3,2239.25,0,0,2,6,Male,Tier-1,0,True
UPI_GIG_01826,ride,22708.53,9257.79,0.0699,2.4529,0.8944,0.6667,0.8333,169.05,1222.52,0,0,1,6,Male,Tier-2,0,True
UPI_GIG_01827,delivery,16246.51,9312.54,0.0474,1.7446,0.8889,0.6667,0.6667,88.3,884.49,0,1,1,6,Female,Tier-3,0,True
UPI_GIG_01828,delivery,15785.67,9307.84,0.0984,1.696,0.8833,0.8333,1.0,81.86,920.46,0,0,1,6,Male,Tier-2,0,True
UPI_GIG_01829,delivery,12546.47,8688.98,0.1547,1.444,0.7833,0.5833,0.1667,75.89,784.81,0,0,1,6,Male,Tier-2,1,True
UPI_GIG_01830,ride,23576.95,9575.47,0.0688,2.4622,0.9056,0.8333,0.8333,163.35,1288.32,0,0,1,6,Female,Tier-2,0,True
UPI_GIG_01831,delivery,11957.96,8806.65,0.2848,1.3578,0.8611,0.5833,0.6667,65.58,837.42,0,0,1,6,Female,Tier-2,1,True
UPI_GIG_01832,delivery,16959.24,9774.88,0.0545,1.735,0.9167,1.0,0.8333,85.87,920.38,0,0,1,6,Male,Tier-3,0,True
UPI_GIG_01833,ride,20619.73,8797.07,0.0617,2.3439,0.8389,0.5833,0.8333,165.18,1145.09,0,0,1,6,Male,Tier-1,0,True
UPI_GIG_01834,ride,22110.9,9513.2,0.0583,2.3242,0.8389,0.9167,1.0,168.79,1219.14,0,0,1,6,Female,Tier-3,0,True
UPI_GIG_01835,ride,18116.63,8884.95,0.3345,2.039,0.8944,0.75,1.0,134.7,1284.44,0,0,1,6,Male,Tier-3,0,True
UPI_GIG_01836,freelance,38927.81,9649.68,0.0571,4.0341,0.8944,0.9167,1.0,1156.27,2103.1,0,0,2,6,Female,Tier-2,0,True
UPI_GIG_01837,ride,25077.34,10031.35,0.0893,2.4999,0.9722,0.9167,0.8333,163.73,1484.97,0,0,1,6,Male,Tier-2,0,True
UPI_GIG_01838,vendor,22520.03,9615.27,0.3732,2.3421,0.9111,0.8333,1.0,82.19,1599.69,0,0,2,6,Female,Tier-3,0,True
UPI_GIG_01839,ride,22748.52,9076.55,0.0566,2.5063,0.8667,0.6667,0.3333,172.34,1201.61,0,0,1,6,Male,Tier-2,0,True
UPI_GIG_01840,vendor,28055.86,9478.89,0.09,2.9598,0.8611,0.9167,0.8333,109.88,1642.61,0,0,2,6,Male,Tier-2,0,True
UPI_GIG_01841,vendor,29403.79,9018.67,0.0688,3.2603,0.8944,0.5833,0.6667,112.66,1628.07,0,0,2,6,Female,Tier-3,0,True
UPI_GIG_01842,delivery,16183.46,9132.1,0.092,1.7722,0.9,0.6667,0.6667,84.66,899.77,0,0,1,6,Male,Tier-2,0,True
UPI_GIG_01843,delivery,16135.28,8875.22,0.0388,1.818,0.8889,0.5,1.0,85.6,840.48,0,0,1,6,Female,Tier-1,0,True
UPI_GIG_01844,ride,17024.93,9717.07,0.3957,1.7521,0.9056,1.0,1.0,122.78,1224.26,0,0,1,6,Male,Tier-2,0,True
UPI_GIG_01845,freelance,38075.19,9017.55,0.1048,4.2223,0.8833,0.8333,1.0,1093.07,2206.37,0,0,2,6,Male,Tier-1,0,True
UPI_GIG_01846,ride,22571.76,9717.2,0.109,2.3229,0.9333,0.9167,0.8333,158.77,1263.75,0,0,1,6,Male,Tier-1,0,True
UPI_GIG_01847,ride,18992.95,8959.8,0.1471,2.1198,0.8556,0.75,0.8333,140.86,1150.54,0,1,1,6,Male,Tier-3,0,True
UPI_GIG_01848,freelance,38062.63,8972.58,0.118,4.2421,0.8722,0.8333,0.6667,1165.18,2172.49,0,0,2,6,Female,Tier-2,0,True
UPI_GIG_01849,freelance,38329.36,9527.32,0.1011,4.0231,0.8722,0.8333,0.6667,1263.61,2192.99,0,0,2,6,Male,Tier-3,0,True
UPI_GIG_01850,ride,22607.73,8905.93,0.0573,2.5385,0.8611,0.5,0.8333,172.58,1221.01,0,0,1,6,Male,Tier-2,0,True
UPI_GIG_01851,delivery,11350.7,9178.44,0.4019,1.2367,0.8667,0.75,0.3333,59.79,849.25,0,0,1,6,Male,Tier-2,1,True
UPI_GIG_01852,freelance,34452.64,9401.83,0.1454,3.6645,0.85,0.9167,0.8333,1111.38,2157.32,0,0,2,6,Female,Tier-3,0,True
UPI_GIG_01853,ride,19607.37,9320.91,0.1467,2.1036,0.9111,0.8333,1.0,136.16,1222.82,0,0,1,6,Male,Tier-3,0,True
UPI_GIG_01854,ride,21881.77,9454.92,0.0779,2.3143,0.8611,0.9167,0.6667,162.69,1226.03,0,0,1,6,Female,Tier-1,0,True
UPI_GIG_01855,ride,24638.41,9397.01,0.0564,2.6219,0.9611,0.75,1.0,165.54,1341.93,0,0,1,6,Male,Tier-2,0,True
UPI_GIG_01856,ride,24216.2,9157.06,0.0909,2.6445,0.9167,0.6667,1.0,184.86,1346.67,0,0,1,6,Male,Tier-2,0,True
UPI_GIG_01857,delivery,13781.16,9462.22,0.1808,1.4564,0.9,1.0,0.8333,70.61,903.51,0,0,1,6,Male,Tier-2,0,True
UPI_GIG_01858,ride,18412.44,8658.16,0.1887,2.1266,0.8667,0.4167,0.8333,144.79,1167.81,0,0,1,6,Male,Tier-3,1,True
UPI_GIG_01859,ride,23114.31,9354.89,0.0561,2.4708,0.9,0.75,1.0,170.59,1229.77,0,0,1,6,Female,Tier-1,0,True
UPI_GIG_01860,freelance,38550.54,9317.08,0.128,4.1376,0.8944,0.8333,1.0,1162.33,2303.19,0,0,2,6,Female,Tier-3,0,True
UPI_GIG_01861,vendor,28954.54,9443.84,0.0749,3.066,0.8667,0.9167,0.5,109.54,1626.06,0,0,2,6,Female,Tier-3,0,True
UPI_GIG_01862,vendor,29473.2,9637.41,0.0582,3.0582,0.9167,0.9167,1.0,100.14,1643.52,0,0,2,6,Male,Tier-1,0,True
UPI_GIG_01863,delivery,16390.19,8685.63,0.0774,1.887,0.9278,0.5833,0.8333,83.84,880.45,0,0,1,6,Male,Tier-2,0,True
UPI_GIG_01864,freelance,28288.57,8867.86,0.365,3.19,0.9,0.5,1.0,861.58,2033.26,0,0,2,6,Male,Tier-1,0,True
UPI_GIG_01865,delivery,15926.13,9540.2,0.0548,1.6694,0.8889,1.0,0.5,87.35,872.81,0,0,1,6,Male,Tier-2,0,True
UPI_GIG_01866,delivery,14234.23,8244.94,0.1083,1.7264,0.9,0.25,0.3333,73.0,813.81,0,0,1,6,Male,Tier-1,1,True
UPI_GIG_01867,vendor,28524.72,8693.42,0.0392,3.2812,0.8667,0.5833,0.6667,111.5,1519.65,0,0,2,6,Female,Tier-1,0,True
UPI_GIG_01868,vendor,30242.09,9085.52,0.0378,3.3286,0.9111,0.6667,0.8333,109.44,1583.96,0,0,2,6,Female,Tier-1,0,True
UPI_GIG_01869,delivery,13890.89,9543.97,0.1474,1.4555,0.9222,0.9167,0.8333,70.63,807.73,0,0,1,6,Male,Tier-2,0,True
UPI_GIG_01870,ride,18996.72,9420.28,0.1792,2.0166,0.8722,0.8333,1.0,146.5,1160.23,0,0,1,6,Female,Tier-1,0,True
UPI_GIG_01871,ride,17940.2,9490.07,0.2968,1.8904,0.9,0.9167,0.8333,132.89,1190.8,0,0,1,6,Male,Tier-3,0,True
UPI_GIG_01872,vendor,21347.47,9155.57,0.3578,2.3316,0.8444,0.8333,0.6667,85.79,1502.1,0,0,2,6,Male,Tier-2,1,True
UPI_GIG_01873,delivery,11300.31,8902.9,0.4072,1.2693,0.9056,0.75,0.3333,58.2,822.04,0,0,1,6,Male,Tier-3,1,True
UPI_GIG_01874,ride,18561.43,8681.26,0.2142,2.1381,0.8333,0.5,0.8333,153.19,1191.1,0,0,1,6,Male,Tier-2,1,True
UPI_GIG_01875,ride,22632.49,9387.91,0.0445,2.4108,0.8889,0.75,1.0,168.48,1189.14,0,0,1,6,Female,Tier-2,0,True
UPI_GIG_01876,ride,22958.14,9259.74,0.0968,2.4794,0.9222,0.6667,0.8333,159.25,1252.65,0,0,1,6,Female,Tier-2,0,True
UPI_GIG_01877,ride,22180.38,8533.35,0.0608,2.5993,0.85,0.5,0.8333,176.97,1229.35,0,0,1,6,Male,Tier-3,0,True
UPI_GIG_01878,ride,17443.12,8738.32,0.1826,1.9962,0.8444,0.5833,0.6667,127.32,1143.06,0,0,1,6,Male,Tier-2,1,True
UPI_GIG_01879,delivery,14908.66,8662.58,0.0731,1.721,0.8278,0.5,0.6667,85.52,839.96,0,0,1,6,Male,Tier-2,0,True
UPI_GIG_01880,ride,21214.17,8509.02,0.086,2.4931,0.8444,0.5833,0.8333,151.89,1215.55,0,0,1,6,Male,Tier-1,0,True
UPI_GIG_01881,delivery,16266.27,8936.35,0.0747,1.8202,0.8722,0.75,1.0,85.02,914.46,0,0,1,6,Female,Tier-2,0,True
UPI_GIG_01882,delivery,13890.3,8590.37,0.2618,1.617,0.8722,0.4167,0.6667,76.81,899.46,0,0,1,6,Female,Tier-1,1,True
UPI_GIG_01883,delivery,15050.05,8640.75,0.0418,1.7418,0.8333,0.5833,0.3333,87.59,797.99,0,0,1,6,Female,Tier-1,0,True
UPI_GIG_01884,vendor,29254.66,8933.66,0.0626,3.2747,0.8667,0.75,1.0,113.32,1606.72,0,0,2,6,Male,Tier-2,0,True
UPI_GIG_01885,ride,19824.72,9745.2,0.2133,2.0343,0.9278,1.0,0.8333,143.31,1273.12,0,0,1,6,Female,Tier-3,0,True
UPI_GIG_01886,ride,21942.86,9385.8,0.0473,2.3379,0.8778,0.9167,0.8333,171.21,1171.9,0,0,1,6,Male,Tier-1,0,True
UPI_GIG_01887,freelance,30827.57,9343.86,0.2425,3.2992,0.8889,0.9167,0.8333,929.47,2007.12,0,0,2,6,Male,Tier-2,0,True
UPI_GIG_01888,ride,23070.04,9093.55,0.0589,2.537,0.9056,0.75,0.8333,165.97,1230.2,0,0,1,6,Female,Tier-2,0,True
UPI_GIG_01889,ride,15384.65,9084.02,0.406,1.6936,0.8611,0.8333,1.0,118.04,1127.04,0,0,1,6,Female,Tier-2,0,True
UPI_GIG_01890,ride,20238.62,9398.46,0.218,2.1534,0.9222,0.8333,1.0,136.13,1299.79,0,0,1,6,Female,Tier-1,0,True
UPI_GIG_01891,delivery,11912.42,9067.37,0.4296,1.3138,0.9278,0.8333,0.8333,59.36,905.3,0,0,1,6,Female,Tier-2,0,True
UPI_GIG_01892,vendor,29371.8,9917.27,0.0922,2.9617,0.9,0.9167,1.0,109.87,1662.84,0,0,2,6,Male,Tier-2,0,True
UPI_GIG_01893,delivery,16944.73,9011.48,0.0558,1.8803,0.9167,0.8333,0.8333,82.66,908.24,0,0,1,6,Male,Tier-2,0,True
UPI_GIG_01894,ride,17809.51,8962.19,0.179,1.9872,0.8333,0.6667,1.0,139.68,1094.03,0,0,1,6,Male,Tier-2,0,True
UPI_GIG_01895,delivery,13254.18,9367.87,0.0715,1.4149,0.8444,0.6667,0.8333,73.98,728.36,0,0,1,6,Female,Tier-2,0,True
UPI_GIG_01896,freelance,36890.24,8988.95,0.1409,4.104,0.9,0.8333,1.0,1140.94,2296.66,0,0,2,6,Male,Tier-1,0,True
UPI_GIG_01897,freelance,34825.09,9844.37,0.1862,3.5376,0.9278,0.9167,1.0,1024.27,2285.1,0,0,2,6,Female,Tier-3,0,True
UPI_GIG_01898,delivery,13468.01,9178.91,0.1885,1.4673,0.8722,0.75,0.8333,70.88,808.55,0,0,1,6,Male,Tier-3,0,True
UPI_GIG_01899,ride,17467.04,8675.15,0.3379,2.0135,0.8833,0.5833,0.8333,140.11,1226.35,0,0,1,6,Female,Tier-2,1,True
UPI_GIG_01900,vendor,19835.46,8716.88,0.4294,2.2755,0.8056,0.6667,0.5,81.52,1485.87,0,0,2,6,Male,Tier-2,1,True
UPI_GIG_01901,ride,17543.96,10007.1,0.339,1.7532,0.95,1.0,1.0,120.44,1289.19,0,0,1,6,Male,Tier-2,0,True
UPI_GIG_01902,delivery,16441.7,8980.09,0.0411,1.8309,0.9167,0.75,0.8333,81.8,879.18,0,0,1,6,Female,Tier-2,0,True
UPI_GIG_01903,delivery,15860.2,8795.86,0.0662,1.8031,0.9056,0.5833,0.5,80.44,892.13,0,0,1,6,Male,Tier-1,0,True
UPI_GIG_01904,ride,20621.09,9431.95,0.0768,2.1863,0.8389,0.8333,0.8333,151.07,1121.93,0,0,1,6,Male,Tier-3,0,True
UPI_GIG_01905,freelance,27692.29,9254.08,0.4248,2.9924,0.9389,0.9167,1.0,783.74,2189.19,0,0,2,6,Female,Tier-1,0,True
UPI_GIG_01906,ride,21017.49,8923.86,0.0604,2.3552,0.8333,0.75,0.6667,165.71,1134.36,0,0,1,6,Female,Tier-3,0,True
UPI_GIG_01907,delivery,16976.26,10086.23,0.0379,1.6831,0.9556,1.0,1.0,86.25,895.18,0,0,1,6,Male,Tier-2,0,True
UPI_GIG_01908,ride,20272.62,9142.63,0.182,2.2174,0.8667,0.6667,0.6667,156.14,1194.0,0,0,1,6,Female,Tier-1,0,True
UPI_GIG_01909,delivery,12327.12,9449.08,0.2715,1.3046,0.8778,0.8333,1.0,66.04,824.52,0,0,1,6,Male,Tier-2,0,True
UPI_GIG_01910,ride,23682.64,9377.92,0.0781,2.5254,0.9167,0.9167,0.8333,173.08,1316.89,0,0,1,6,Male,Tier-2,0,True
UPI_GIG_01911,delivery,11301.83,9217.13,0.3219,1.2262,0.8722,0.8333,1.0,61.15,826.27,0,0,1,6,Male,Tier-1,0,True
UPI_GIG_01912,freelance,34040.23,9065.24,0.1528,3.755,0.8389,0.5833,0.8333,1086.39,2033.91,0,0,2,6,Female,Tier-3,0,True
UPI_GIG_01913,delivery,15272.84,8916.02,0.0545,1.713,0.8333,0.8333,0.8333,85.09,804.13,0,0,1,6,Male,Tier-1,0,True
UPI_GIG_01914,vendor,27680.85,9283.65,0.1101,2.9817,0.8444,0.8333,0.8333,111.09,1506.87,0,0,2,6,Female,Tier-1,0,True
UPI_GIG_01915,freelance,27573.21,9460.89,0.2536,2.9144,0.8722,0.75,0.8333,799.22,1968.2,0,0,2,6,Female,Tier-1,0,True
UPI_GIG_01916,ride,23209.07,9270.66,0.0562,2.5035,0.8778,0.8333,0.8333,171.07,1223.65,0,0,1,6,Male,Tier-2,0,True
UPI_GIG_01917,ride,18548.79,9287.88,0.1545,1.9971,0.8778,0.9167,0.6667,142.32,1097.83,0,0,1,6,Female,Tier-2,0,True
UPI_GIG_01918,ride,23147.43,9301.27,0.0425,2.4886,0.9,0.75,1.0,164.36,1224.65,0,0,1,6,Female,Tier-3,0,True
UPI_GIG_01919,vendor,28352.34,9351.78,0.0907,3.0318,0.8722,0.8333,1.0,105.07,1617.53,0,0,2,6,Female,Tier-3,0,True
UPI_GIG_01920,ride,16668.11,9033.47,0.3578,1.8452,0.8889,0.75,0.8333,125.17,1217.0,0,0,1,6,Male,Tier-3,1,True
UPI_GIG_01921,freelance,37624.64,9346.08,0.0774,4.0257,0.9056,1.0,0.8333,1134.41,2051.56,0,0,2,6,Female,Tier-3,0,True
UPI_GIG_01922,delivery,16980.83,9297.97,0.0405,1.8263,0.9333,0.9167,1.0,83.93,889.9,0,0,1,6,Female,Tier-3,0,True
UPI_GIG_01923,delivery,17337.36,9518.18,0.0269,1.8215,0.9556,0.8333,1.0,83.55,887.36,0,0,1,6,Female,Tier-1,0,True
UPI_GIG_01924,vendor,24318.94,9219.65,0.2685,2.6377,0.8889,0.75,1.0,93.41,1637.25,0,0,2,6,Male,Tier-2,0,True
UPI_GIG_01925,delivery,12782.66,8678.46,0.202,1.4729,0.85,0.5833,0.8333,72.7,820.79,0,0,1,6,Female,Tier-2,1,True
UPI_GIG_01926,freelance,35365.98,9118.51,0.0828,3.8785,0.8611,0.6667,0.3333,1134.74,1946.48,0,0,2,6,Male,Tier-2,0,True
UPI_GIG_01927,delivery,16174.52,8422.08,0.0622,1.9205,0.8889,0.3333,0.6667,87.43,891.02,0,0,1,6,Male,Tier-1,0,True
UPI_GIG_01928,ride,16919.12,8682.98,0.4209,1.9485,0.8889,0.5833,0.8333,123.95,1244.0,0,0,1,6,Female,Tier-1,1,True
UPI_GIG_01929,ride,19622.54,9825.26,0.2438,1.9972,0.9278,0.9167,1.0,136.58,1289.87,0,0,1,6,Male,Tier-2,0,True
UPI_GIG_01930,delivery,16392.91,9762.39,0.0962,1.6792,0.9,0.8333,0.8333,88.13,903.08,0,0,1,6,Female,Tier-2,0,True
UPI_GIG_01931,vendor,23159.05,8563.7,0.3361,2.7043,0.8722,0.5833,0.5,89.07,1598.3,0,0,2,6,Male,Tier-3,1,True
UPI_GIG_01932,delivery,15754.18,9412.11,0.0855,1.6738,0.8611,0.9167,0.8333,84.32,862.51,0,0,1,6,Male,Tier-1,0,True
UPI_GIG_01933,freelance,26717.56,9896.86,0.3432,2.6996,0.8833,1.0,1.0,801.53,1949.86,0,0,2,6,Female,Tier-1,0,True
UPI_GIG_01934,ride,23055.6,9658.56,0.0812,2.3871,0.8889,0.8333,0.6667,159.74,1314.25,0,1,1,6,Female,Tier-2,0,True
UPI_GIG_01935,delivery,16795.17,8897.42,0.0776,1.8876,0.9333,0.5833,0.8333,83.84,904.77,0,0,1,6,Male,Tier-2,0,True
UPI_GIG_01936,ride,17606.67,8401.75,0.2891,2.0956,0.9,0.4167,1.0,121.15,1195.85,0,0,1,6,Female,Tier-3,1,True
UPI_GIG_01937,freelance,26713.7,9722.33,0.4404,2.7477,0.85,0.9167,0.6667,834.8,2061.13,0,0,2,6,Male,Tier-2,1,True
UPI_GIG_01938,delivery,11687.16,8944.79,0.3408,1.3066,0.8889,0.75,0.8333,62.11,831.67,0,0,1,6,Male,Tier-3,0,True
UPI_GIG_01939,ride,15389.18,9588.79,0.4064,1.6049,0.8722,0.9167,0.8333,109.4,1118.1,0,0,1,6,Male,Tier-2,0,True
UPI_GIG_01940,vendor,21844.28,8942.19,0.2099,2.4428,0.8278,0.6667,0.6667,87.32,1422.31,0,0,2,6,Female,Tier-1,0,True
UPI_GIG_01941,ride,21979.98,9676.06,0.0804,2.2716,0.85,0.9167,1.0,175.61,1211.14,0,0,1,6,Female,Tier-3,0,True
UPI_GIG_01942,ride,15962.79,9035.86,0.2918,1.7666,0.8222,0.6667,0.6667,126.35,1065.91,0,0,1,6,Male,Tier-1,1,True
UPI_GIG_01943,delivery,15207.69,9193.36,0.1104,1.6542,0.8667,0.6667,0.8333,83.41,864.95,0,2,1,6,Male,Tier-2,0,True
UPI_GIG_01944,delivery,11613.22,8328.71,0.2821,1.3944,0.8222,0.5,0.8333,67.98,794.35,0,0,1,6,Male,Tier-1,1,True
UPI_GIG_01945,delivery,15451.32,9242.84,0.0464,1.6717,0.8778,0.8333,0.3333,84.28,824.88,0,0,1,6,Female,Tier-2,0,True
UPI_GIG_01946,vendor,29648.73,9040.38,0.0807,3.2796,0.8944,0.75,0.6667,108.6,1730.27,0,0,2,6,Female,Tier-2,0,True
UPI_GIG_01947,delivery,16320.91,9700.93,0.0541,1.6824,0.9056,0.9167,1.0,82.85,856.4,0,0,1,6,Male,Tier-1,0,True
UPI_GIG_01948,freelance,38923.85,9709.09,0.0602,4.009,0.9167,0.9167,0.8333,1191.55,2131.47,0,0,2,6,Female,Tier-2,0,True
UPI_GIG_01949,freelance,30721.22,9454.98,0.1863,3.2492,0.85,0.8333,0.5,1007.25,2037.31,0,0,2,6,Male,Tier-2,1,True
UPI_GIG_01950,ride,18416.49,9761.04,0.3526,1.8867,0.9333,1.0,1.0,126.28,1310.95,0,0,1,6,Male,Tier-3,0,True
UPI_GIG_01951,delivery,14545.97,8723.09,0.0696,1.6675,0.8056,0.5833,0.6667,83.84,799.05,0,0,1,6,Male,Tier-3,0,True
UPI_GIG_01952,ride,22767.08,9257.51,0.0894,2.4593,0.8667,0.75,1.0,172.91,1313.73,0,0,1,6,Male,Tier-2,0,True
UPI_GIG_01953,delivery,14500.18,9141.77,0.0994,1.5861,0.7889,0.6667,0.8333,87.88,790.02,0,1,1,6,Male,Tier-1,0,True
UPI_GIG_01954,delivery,12000.99,8505.38,0.2991,1.411,0.8444,0.5,0.6667,65.4,890.45,0,0,1,6,Female,Tier-2,1,True
UPI_GIG_01955,ride,17907.56,9196.34,0.3308,1.9472,0.9167,0.8333,1.0,134.64,1355.77,0,0,1,6,Male,Tier-3,0,True
UPI_GIG_01956,vendor,21367.75,9010.56,0.3936,2.3714,0.9167,0.8333,0.6667,76.77,1606.63,0,0,2,6,Male,Tier-3,0,True
UPI_GIG_01957,vendor,28067.57,8543.65,0.108,3.2852,0.8556,0.5,0.8333,107.13,1583.73,0,0,2,6,Female,Tier-1,0,True
UPI_GIG_01958,ride,22663.09,9163.27,0.0663,2.4733,0.9,0.9167,0.8333,182.28,1236.37,0,0,1,6,Female,Tier-1,0,True
UPI_GIG_01959,delivery,10701.43,8767.94,0.3596,1.2205,0.8444,0.75,0.6667,59.9,744.49,0,0,1,6,Male,Tier-2,0,True
UPI_GIG_01960,ride,17318.45,9361.65,0.3808,1.8499,0.9056,0.75,1.0,125.04,1302.57,0,0,1,6,Male,Tier-3,0,True
UPI_GIG_01961,vendor,27996.79,8994.84,0.0976,3.1125,0.8611,0.6667,0.6667,104.21,1541.25,0,0,2,6,Female,Tier-1,0,True
UPI_GIG_01962,delivery,12945.35,9929.7,0.2836,1.3037,0.9278,1.0,1.0,65.71,889.8,0,0,1,6,Female,Tier-1,0,True
UPI_GIG_01963,delivery,11896.35,8939.63,0.2665,1.3307,0.85,0.5833,0.8333,67.02,759.45,0,0,1,6,Male,Tier-2,1,True
UPI_GIG_01964,ride,18587.71,9813.27,0.2083,1.8941,0.8889,1.0,1.0,135.84,1191.96,0,0,1,6,Male,Tier-2,0,True
UPI_GIG_01965,freelance,35892.93,8812.37,0.0829,4.073,0.8556,0.6667,0.6667,1230.61,2111.93,0,0,2,6,Female,Tier-2,0,True
UPI_GIG_01966,delivery,16817.77,9553.18,0.0254,1.7604,0.9611,1.0,1.0,83.19,870.92,0,0,1,6,Male,Tier-1,0,True
UPI_GIG_01967,delivery,12277.68,9188.98,0.3041,1.3361,0.85,0.75,0.8333,66.13,840.36,0,2,1,6,Male,Tier-3,0,True
UPI_GIG_01968,delivery,11554.63,8702.11,0.3749,1.3278,0.8722,0.5833,0.5,63.43,870.83,0,0,1,6,Male,Tier-2,1,True
UPI_GIG_01969,delivery,11759.85,8677.64,0.216,1.3552,0.8444,0.4167,0.8333,67.72,789.69,0,0,1,6,Male,Tier-1,1,True
UPI_GIG_01970,freelance,29328.64,9145.09,0.2623,3.207,0.8222,0.6667,0.6667,1005.55,1834.97,0,0,2,6,Female,Tier-1,1,True
UPI_GIG_01971,delivery,14848.83,8623.54,0.0493,1.7219,0.8333,0.5,0.1667,84.05,789.29,0,0,1,6,Male,Tier-3,0,True
UPI_GIG_01972,delivery,13038.5,9332.56,0.3097,1.3971,0.8944,0.8333,1.0,70.99,932.37,0,0,1,6,Female,Tier-2,0,True
UPI_GIG_01973,ride,21219.19,9190.05,0.0737,2.3089,0.8556,0.6667,0.6667,160.35,1219.9,0,0,1,6,Male,Tier-1,0,True
UPI_GIG_01974,vendor,22110.53,8948.9,0.3772,2.4708,0.9389,0.8333,0.6667,78.55,1605.62,0,0,2,6,Male,Tier-2,0,True
UPI_GIG_01975,delivery,16641.91,8843.32,0.079,1.8819,0.8944,0.5833,1.0,90.45,905.91,0,0,1,6,Male,Tier-2,0,True
UPI_GIG_01976,vendor,27548.4,9185.89,0.0666,2.999,0.8278,0.6667,0.8333,113.06,1516.41,0,0,2,6,Male,Tier-3,0,True
UPI_GIG_01977,vendor,26764.32,8996.05,0.1109,2.9751,0.8222,0.6667,1.0,104.62,1536.78,0,0,2,6,Male,Tier-2,0,True
UPI_GIG_01978,delivery,15762.38,9674.9,0.0762,1.6292,0.8778,0.9167,0.8333,83.99,881.71,0,0,1,6,Male,Tier-1,0,True
UPI_GIG_01979,vendor,30011.94,9248.72,0.038,3.245,0.9167,0.8333,1.0,107.44,1574.1,0,0,2,6,Female,Tier-1,0,True
UPI_GIG_01980,vendor,28204.47,9162.76,0.0836,3.0782,0.8444,0.8333,0.5,112.97,1599.67,0,0,2,6,Male,Tier-1,0,True
UPI_GIG_01981,delivery,14405.46,8431.65,0.0741,1.7085,0.7944,0.3333,1.0,81.93,790.53,0,0,1,6,Female,Tier-2,0,True
UPI_GIG_01982,ride,23385.03,9253.82,0.0626,2.5271,0.9167,0.9167,1.0,170.69,1272.82,0,0,1,6,Female,Tier-1,0,True
UPI_GIG_01983,freelance,39522.13,9321.03,0.1113,4.2401,0.9056,0.8333,0.8333,1216.07,2237.89,0,0,2,6,Female,Tier-2,0,True
UPI_GIG_01984,delivery,15861.02,9600.66,0.095,1.6521,0.9,0.8333,1.0,82.32,894.17,0,0,1,6,Female,Tier-1,0,True
UPI_GIG_01985,ride,22954.95,9346.52,0.0659,2.456,0.9111,1.0,1.0,163.96,1259.9,0,0,1,6,Male,Tier-2,0,True
UPI_GIG_01986,delivery,14676.41,9962.04,0.2558,1.4732,0.8944,1.0,0.8333,75.33,992.56,0,0,1,6,Male,Tier-2,0,True
UPI_GIG_01987,vendor,31347.04,9156.18,0.0659,3.4236,0.9333,0.75,1.0,110.12,1749.37,0,0,2,6,Male,Tier-3,0,True
UPI_GIG_01988,ride,17310.24,8910.78,0.2769,1.9426,0.8611,0.5833,0.6667,128.38,1180.12,0,0,1,6,Male,Tier-1,1,True
UPI_GIG_01989,ride,22586.67,8745.82,0.0405,2.5826,0.9056,0.5833,0.8333,164.67,1190.33,0,0,1,6,Male,Tier-1,0,True
UPI_GIG_01990,delivery,15589.36,9294.93,0.0442,1.6772,0.8722,0.8333,1.0,83.89,843.72,0,1,1,6,Male,Tier-2,0,True
UPI_GIG_01991,freelance,29969.16,9103.32,0.1406,3.2921,0.7556,0.8333,0.6667,1063.99,1708.66,0,0,2,6,Female,Tier-1,0,True
UPI_GIG_01992,ride,20642.33,9623.4,0.1811,2.145,0.9333,1.0,1.0,146.57,1247.5,0,0,1,6,Male,Tier-3,0,True
UPI_GIG_01993,vendor,29543.47,9134.67,0.0761,3.2342,0.9056,0.75,0.8333,107.89,1678.19,0,0,2,6,Male,Tier-1,0,True
UPI_GIG_01994,delivery,14752.2,9082.93,0.1268,1.6242,0.9167,0.6667,1.0,79.53,869.63,0,0,1,6,Female,Tier-2,0,True
UPI_GIG_01995,ride,20710.33,9404.76,0.0763,2.2021,0.8278,0.8333,0.6667,161.38,1115.56,0,0,1,6,Female,Tier-1,0,True
UPI_GIG_01996,delivery,13423.54,9431.88,0.3018,1.4232,0.9611,0.75,0.8333,62.97,930.28,0,0,1,6,Male,Tier-3,0,True
UPI_GIG_01997,delivery,16327.09,8536.04,0.0482,1.9127,0.8889,0.75,0.6667,85.11,865.61,0,0,1,6,Male,Tier-1,0,True
UPI_GIG_01998,delivery,16263.49,9568.19,0.0377,1.6997,0.8889,0.8333,0.8333,87.36,855.61,0,0,1,6,Female,Tier-3,0,True
UPI_GIG_01999,ride,21749.16,9389.87,0.028,2.3162,0.9111,0.8333,1.0,156.09,1128.98,0,0,1,6,Male,Tier-2,0,True
UPI_GIG_02000,freelance,25550.23,8412.5,0.4244,3.0372,0.7778,0.4167,0.6667,907.11,2202.09,0,0,2,6,Male,Tier-2,1,True
UPI_GIG_02001,delivery,16417.07,9276.76,0.0749,1.7697,0.9222,0.8333,1.0,84.41,919.12,0,0,1,6,Male,Tier-3,0,True
UPI_GIG_02002,vendor,24773.41,9119.31,0.1549,2.7166,0.8833,0.6667,0.8333,99.29,1475.86,0,0,2,6,Male,Tier-2,0,True
UPI_GIG_02003,delivery,17735.44,9685.92,0.0669,1.8311,0.9278,1.0,1.0,90.41,943.99,0,0,1,6,Male,Tier-3,0,True
UPI_GIG_02004,ride,19925.13,9267.75,0.1737,2.1499,0.8944,0.75,1.0,145.97,1302.84,0,0,1,6,Male,Tier-2,0,True
UPI_GIG_02005,freelance,35623.61,8803.4,0.0651,4.0466,0.8722,0.5833,0.6667,1174.4,1912.18,0,0,2,6,Male,Tier-2,0,True
UPI_GIG_02006,delivery,16643.24,9489.67,0.0884,1.7538,0.9056,0.9167,0.6667,86.01,927.74,0,0,1,6,Female,Tier-2,0,True
UPI_GIG_02007,freelance,35486.92,8864.19,0.123,4.0034,0.8833,0.6667,0.6667,1075.36,2103.62,0,0,2,6,Male,Tier-2,0,True
UPI_GIG_02008,delivery,15452.35,8623.07,0.0942,1.792,0.8667,0.5833,0.8333,86.33,855.82,0,0,1,6,Male,Tier-3,0,True
UPI_GIG_02009,ride,19567.71,9404.67,0.1172,2.0806,0.7889,0.75,0.8333,159.3,1145.73,0,0,1,6,Female,Tier-3,0,True
UPI_GIG_02010,delivery,15355.8,8686.23,0.1016,1.7678,0.85,0.5833,1.0,82.12,913.6,0,0,1,6,Male,Tier-2,0,True
UPI_GIG_02011,ride,22228.52,8924.3,0.0843,2.4908,0.8722,0.75,0.8333,166.09,1237.84,0,0,1,6,Male,Tier-2,0,True
UPI_GIG_02012,delivery,15842.42,9579.98,0.0535,1.6537,0.8778,0.8333,0.8333,88.84,837.89,0,0,1,6,Female,Tier-3,0,True
UPI_GIG_02013,vendor,28593.47,9022.67,0.0497,3.1691,0.8389,0.5833,1.0,116.0,1543.12,0,0,2,6,Female,Tier-2,0,True
UPI_GIG_02014,freelance,37123.81,9141.77,0.1016,4.0609,0.8889,0.8333,1.0,1081.28,2163.45,0,0,2,6,Male,Tier-3,0,True
UPI_GIG_02015,delivery,16216.09,8695.41,0.1046,1.8649,0.9,0.5,1.0,85.5,940.39,0,0,1,6,Female,Tier-2,0,True
UPI_GIG_02016,delivery,16339.28,9034.64,0.0762,1.8085,0.9222,0.6667,0.8333,84.08,934.31,0,0,1,6,Female,Tier-3,0,True
UPI_GIG_02017,vendor,29449.29,9143.75,0.0791,3.2207,0.8833,0.6667,0.8333,111.76,1618.37,0,0,2,6,Female,Tier-2,0,True
UPI_GIG_02018,freelance,25072.06,9020.18,0.3156,2.7796,0.8389,0.5833,0.8333,775.42,1851.24,0,0,2,6,Female,Tier-1,1,True
UPI_GIG_02019,delivery,16880.95,9529.08,0.0873,1.7715,0.9167,0.8333,1.0,86.5,954.57,0,0,1,6,Male,Tier-2,0,True
UPI_GIG_02020,delivery,12251.58,8880.9,0.2377,1.3795,0.8833,0.5,1.0,62.94,820.68,0,0,1,6,Female,Tier-2,0,True
UPI_GIG_02021,delivery,15315.8,8622.34,0.1215,1.7763,0.8278,0.5833,0.5,88.36,861.22,0,0,1,6,Male,Tier-1,0,True
UPI_GIG_02022,ride,20641.56,9186.59,0.0524,2.2469,0.8111,0.6667,0.8333,172.73,1122.14,0,0,1,6,Female,Tier-2,0,True
UPI_GIG_02023,freelance,39720.68,9199.0,0.0512,4.3179,0.9,0.6667,1.0,1254.34,2126.88,0,0,2,6,Male,Tier-2,0,True
UPI_GIG_02024,freelance,32811.59,8892.16,0.1279,3.6899,0.8111,0.75,0.5,1075.79,1898.63,0,0,2,6,Female,Tier-3,0,True
UPI_GIG_02025,delivery,16249.98,9140.05,0.0469,1.7779,0.8778,0.5833,0.8333,89.53,862.64,0,0,1,6,Female,Tier-2,0,True
UPI_GIG_02026,vendor,27583.52,8680.59,0.0399,3.1776,0.8222,0.5833,0.5,110.26,1480.52,0,0,2,6,Female,Tier-2,0,True
UPI_GIG_02027,ride,22962.73,9531.5,0.0561,2.4091,0.9222,0.8333,0.8333,160.95,1262.93,0,0,1,6,Female,Tier-2,0,True
UPI_GIG_02028,delivery,16094.32,9383.66,0.0909,1.7151,0.8889,0.8333,0.8333,84.56,961.76,0,0,1,6,Female,Tier-2,0,True
UPI_GIG_02029,ride,21791.93,9029.47,0.0985,2.4134,0.8778,0.6667,0.8333,158.49,1204.77,0,0,1,6,Male,Tier-1,0,True
UPI_GIG_02030,delivery,15104.94,8420.49,0.0531,1.7938,0.8444,0.4167,0.1667,85.66,825.33,0,0,1,6,Female,Tier-3,1,True
UPI_GIG_02031,ride,23725.94,9705.74,0.099,2.4445,0.9444,1.0,1.0,152.25,1415.25,0,0,1,6,Male,Tier-1,0,True
UPI_GIG_02032,freelance,36885.23,9824.46,0.1104,3.7544,0.9056,0.8333,1.0,1090.2,2119.57,0,0,2,6,Female,Tier-2,0,True
UPI_GIG_02033,delivery,16762.16,8727.11,0.0619,1.9207,0.8833,0.5833,1.0,92.78,913.94,0,0,1,6,Male,Tier-2,0,True
UPI_GIG_02034,delivery,16243.21,9380.1,0.0385,1.7317,0.9111,0.6667,0.8333,90.41,851.71,0,0,1,6,Female,Tier-2,0,True
UPI_GIG_02035,delivery,15673.97,9098.31,0.0546,1.7227,0.8667,0.75,0.5,82.86,846.74,1,1,1,6,Female,Tier-2,0,True
UPI_GIG_02036,ride,21063.14,9564.62,0.1356,2.2022,0.8389,0.9167,0.8333,162.65,1249.8,0,0,1,6,Male,Tier-1,0,True
UPI_GIG_02037,vendor,26645.04,8821.69,0.1006,3.0204,0.7944,0.5,0.6667,114.19,1587.83,0,0,2,6,Female,Tier-2,0,True
UPI_GIG_02038,ride,21136.17,9078.84,0.0672,2.3281,0.8111,0.5833,0.6667,168.86,1180.19,0,0,1,6,Female,Tier-3,0,True
UPI_GIG_02039,ride,21137.52,9510.75,0.1452,2.2225,0.9333,1.0,0.8333,150.8,1305.75,0,0,1,6,Female,Tier-2,0,True
UPI_GIG_02040,vendor,28315.41,8590.01,0.0799,3.2963,0.8167,0.5,0.8333,117.65,1593.48,0,0,2,6,Male,Tier-2,0,True
UPI_GIG_02041,delivery,14576.99,8433.06,0.0561,1.7286,0.8278,0.4167,0.8333,84.75,786.66,0,0,1,6,Female,Tier-1,0,True
UPI_GIG_02042,vendor,29228.5,8853.86,0.1227,3.3012,0.8722,0.5833,0.8333,109.27,1674.96,0,0,2,6,Male,Tier-2,0,True
UPI_GIG_02043,delivery,16324.67,9619.07,0.0839,1.6971,0.9111,0.9167,1.0,88.08,908.87,0,0,1,6,Female,Tier-2,0,True
UPI_GIG_02044,ride,18903.85,9335.9,0.2722,2.0249,0.8556,0.8333,0.8333,151.43,1323.31,0,0,1,6,Male,Tier-1,0,True
UPI_GIG_02045,delivery,12859.5,9362.84,0.1731,1.3735,0.8111,0.75,0.8333,73.69,820.34,0,0,1,6,Male,Tier-2,0,True
UPI_GIG_02046,freelance,35795.61,8892.85,0.1083,4.0252,0.8778,0.75,0.8333,1154.7,1994.77,0,0,2,6,Male,Tier-2,0,True
UPI_GIG_02047,vendor,22487.05,8484.96,0.3075,2.6502,0.85,0.4167,0.6667,91.53,1554.28,0,0,2,6,Male,Tier-1,1,True
UPI_GIG_02048,delivery,15726.46,9408.6,0.0967,1.6715,0.8556,0.75,1.0,87.29,884.97,0,2,1,6,Male,Tier-3,0,True
UPI_GIG_02049,ride,17542.21,9369.5,0.2425,1.8723,0.8722,0.9167,1.0,135.11,1183.52,0,0,1,6,Female,Tier-2,0,True
UPI_GIG_02050,ride,21831.52,9513.34,0.0837,2.2948,0.8778,0.8333,1.0,155.75,1224.14,0,0,1,6,Female,Tier-2,0,True
UPI_GIG_02051,delivery,12475.68,9286.87,0.0817,1.3434,0.8167,0.8333,0.8333,72.04,696.12,0,0,1,6,Female,Tier-2,0,True
UPI_GIG_02052,ride,18823.23,8580.75,0.242,2.1937,0.8056,0.5833,0.6667,144.42,1258.52,0,0,1,6,Male,Tier-2,1,True
UPI_GIG_02053,delivery,16293.55,9370.88,0.0562,1.7387,0.8889,0.8333,0.8333,89.36,871.94,0,0,1,6,Female,Tier-2,0,True
UPI_GIG_02054,delivery,15114.81,9287.88,0.0716,1.6274,0.8556,0.8333,0.5,84.84,867.59,0,0,1,6,Female,Tier-3,0,True
UPI_GIG_02055,ride,19744.37,8958.01,0.1652,2.2041,0.9056,0.75,0.8333,136.48,1207.32,0,0,1,6,Male,Tier-1,0,True
UPI_GIG_02056,freelance,30474.84,9258.88,0.3018,3.2914,0.9,0.75,0.5,909.7,2039.81,0,0,2,6,Female,Tier-3,0,True
UPI_GIG_02057,vendor,27830.66,9727.39,0.0898,2.8611,0.8556,0.9167,1.0,109.93,1532.52,0,0,2,6,Male,Tier-1,0,True
UPI_GIG_02058,vendor,31377.8,9727.22,0.0675,3.2258,0.95,1.0,1.0,106.85,1698.86,0,0,2,6,Female,Tier-1,0,True
UPI_GIG_02059,delivery,16025.1,9031.77,0.058,1.7743,0.8889,0.5833,0.8333,84.71,887.42,0,0,1,6,Male,Tier-2,0,True
UPI_GIG_02060,ride,19402.51,8602.92,0.0467,2.2553,0.7778,0.5,0.6667,172.98,1017.47,0,0,1,6,Female,Tier-2,0,True
UPI_GIG_02061,delivery,15678.76,9591.58,0.1251,1.6346,0.8778,0.9167,1.0,86.15,908.05,0,0,1,6,Male,Tier-1,0,True
UPI_GIG_02062,vendor,29154.92,9432.13,0.0533,3.091,0.9111,0.8333,1.0,107.12,1541.19,0,0,2,6,Male,Tier-1,0,True
UPI_GIG_02063,freelance,34313.24,9025.56,0.0606,3.8018,0.8667,0.6667,1.0,1083.58,1854.8,0,0,2,6,Male,Tier-2,0,True
UPI_GIG_02064,ride,14776.67,8636.74,0.401,1.7109,0.8222,0.4167,0.6667,117.9,1263.95,0,0,1,6,Female,Tier-1,1,True
UPI_GIG_02065,delivery,15153.7,9426.33,0.1253,1.6076,0.9333,0.9167,0.8333,77.31,869.56,0,0,1,6,Female,Tier-1,0,True
UPI_GIG_02066,freelance,35597.05,8913.28,0.1036,3.9937,0.8444,0.5833,0.8333,1124.12,2075.04,0,0,2,6,Male,Tier-3,0,True
UPI_GIG_02067,ride,24638.1,9094.17,0.0521,2.7092,0.9,0.8333,1.0,173.92,1349.72,0,0,1,6,Male,Tier-2,0,True
UPI_GIG_02068,ride,20389.91,8363.94,0.113,2.4378,0.8056,0.5833,0.6667,167.82,1183.42,0,0,1,6,Male,Tier-2,0,True
UPI_GIG_02069,freelance,39619.84,8636.53,0.126,4.5875,0.9,0.5833,0.8333,1238.12,2458.3,0,0,2,6,Male,Tier-3,0,True
UPI_GIG_02070,ride,22852.7,9893.27,0.0924,2.3099,0.9222,1.0,0.8333,167.21,1300.67,0,0,1,6,Male,Tier-2,0,True
UPI_GIG_02071,freelance,33965.9,8965.56,0.0961,3.7885,0.8167,0.6667,0.8333,1095.67,1877.19,0,0,2,6,Male,Tier-1,0,True
UPI_GIG_02072,delivery,14196.21,9181.63,0.1751,1.5462,0.9111,0.8333,0.5,72.61,895.99,0,0,1,6,Male,Tier-2,0,True
UPI_GIG_02073,delivery,15762.15,9315.4,0.0602,1.6921,0.8833,0.75,0.8333,81.53,858.65,0,1,1,6,Female,Tier-2,0,True
UPI_GIG_02074,delivery,15470.98,9520.5,0.1628,1.625,0.9444,0.9167,1.0,79.95,959.36,0,0,1,6,Male,Tier-1,0,True
UPI_GIG_02075,ride,16737.03,9170.64,0.3219,1.8251,0.8556,0.8333,0.6667,130.42,1187.68,0,0,1,6,Female,Tier-3,1,True
UPI_GIG_02076,vendor,29011.15,8952.22,0.0385,3.2407,0.8944,0.8333,0.6667,104.99,1516.3,0,0,2,6,Female,Tier-2,0,True
UPI_GIG_02077,vendor,30129.49,9337.84,0.0608,3.2266,0.9056,0.75,1.0,108.84,1632.23,0,0,2,6,Female,Tier-1,0,True
UPI_GIG_02078,freelance,38341.07,9512.26,0.16,4.0307,0.9278,1.0,0.8333,1111.34,2388.61,0,0,2,6,Male,Tier-3,0,True
UPI_GIG_02079,ride,22810.02,9128.9,0.0956,2.4987,0.8611,0.75,0.6667,178.9,1327.82,0,0,1,6,Male,Tier-2,0,True
UPI_GIG_02080,vendor,26866.49,8792.82,0.0864,3.0555,0.8056,0.5833,0.6667,108.84,1504.56,0,0,2,6,Female,Tier-2,0,True
UPI_GIG_02081,delivery,15934.03,8799.46,0.0645,1.8108,0.8889,0.5833,0.8333,82.2,887.69,0,0,1,6,Male,Tier-3,0,True
UPI_GIG_02082,vendor,29172.18,8825.19,0.057,3.3056,0.8944,0.5833,0.6667,109.95,1610.19,0,0,2,6,Female,Tier-2,0,True
UPI_GIG_02083,delivery,16592.54,9282.57,0.083,1.7875,0.9222,0.8333,1.0,82.35,950.69,0,0,1,6,Male,Tier-1,0,True
UPI_GIG_02084,delivery,16117.83,8772.88,0.0828,1.8372,0.9278,0.6667,0.6667,77.68,870.39,0,0,1,6,Female,Tier-1,0,True
UPI_GIG_02085,freelance,35546.36,9431.46,0.0883,3.7689,0.8722,0.8333,0.8333,1088.15,2038.83,0,0,2,6,Male,Tier-1,0,True
UPI_GIG_02086,ride,23288.06,9440.46,0.0619,2.4668,0.9,1.0,0.6667,166.74,1290.53,0,0,1,6,Female,Tier-3,0,True
UPI_GIG_02087,freelance,34110.79,9569.3,0.0575,3.5646,0.8167,0.9167,0.8333,1060.44,1832.48,0,0,2,6,Male,Tier-1,0,True
UPI_GIG_02088,freelance,38749.38,8997.36,0.1362,4.3068,0.9222,0.6667,0.8333,1174.22,2340.05,0,0,2,6,Male,Tier-2,0,True
UPI_GIG_02089,delivery,16216.51,9550.76,0.0639,1.6979,0.9111,1.0,1.0,84.53,893.5,0,0,1,6,Female,Tier-2,0,True
UPI_GIG_02090,delivery,12894.91,8441.38,0.1594,1.5276,0.8389,0.4167,0.6667,72.38,827.95,0,0,1,6,Female,Tier-2,1,True
UPI_GIG_02091,delivery,13208.38,9717.56,0.0975,1.3592,0.8556,0.9167,0.8333,74.76,732.79,0,0,1,6,Female,Tier-2,0,True
UPI_GIG_02092,ride,21814.63,8873.15,0.1008,2.4585,0.8556,0.5833,1.0,165.47,1292.3,0,0,1,6,Male,Tier-3,0,True
UPI_GIG_02093,vendor,22627.9,9487.22,0.3569,2.3851,0.9333,0.8333,0.8333,80.48,1623.2,0,0,2,6,Female,Tier-3,0,True
UPI_GIG_02094,vendor,30957.37,9765.66,0.0564,3.17,0.9222,0.9167,0.8333,109.58,1647.5,0,0,2,6,Female,Tier-2,0,True
UPI_GIG_02095,delivery,15331.26,8950.07,0.1084,1.713,0.8556,0.6667,0.8333,84.47,861.35,0,0,1,6,Male,Tier-1,0,True
UPI_GIG_02096,delivery,15447.1,9105.12,0.0924,1.6965,0.85,0.5833,0.8333,88.44,881.05,0,0,1,6,Female,Tier-2,0,True
UPI_GIG_02097,delivery,12449.33,8478.34,0.1494,1.4684,0.8,0.4167,0.6667,76.93,762.99,0,0,1,6,Female,Tier-2,1,True
UPI_GIG_02098,delivery,16953.8,9942.18,0.0538,1.7052,0.9333,1.0,1.0,85.19,907.49,0,0,1,6,Male,Tier-1,0,True
UPI_GIG_02099,freelance,38366.55,9348.57,0.0782,4.104,0.8722,0.6667,0.6667,1174.49,2121.77,0,0,2,6,Male,Tier-2,0,True
UPI_GIG_02100,freelance,35824.96,9781.92,0.1129,3.6624,0.8889,0.9167,0.6667,1085.6,2149.1,0,0,2,6,Male,Tier-2,0,True
UPI_GIG_02101,vendor,26928.31,9387.97,0.1363,2.8684,0.8778,0.8333,0.8333,101.36,1556.84,0,0,2,6,Male,Tier-2,0,True
UPI_GIG_02102,delivery,13640.18,9420.9,0.1604,1.4479,0.8833,0.9167,1.0,70.25,840.46,0,0,1,6,Male,Tier-1,0,True
UPI_GIG_02103,ride,18749.63,9320.6,0.2063,2.0116,0.8667,0.8333,0.6667,135.21,1284.09,0,0,1,6,Female,Tier-2,0,True
UPI_GIG_02104,freelance,34414.47,8130.5,0.1218,4.2328,0.8389,0.3333,0.6667,1166.59,2111.19,0,0,2,6,Female,Tier-1,0,True
UPI_GIG_02105,freelance,33501.67,9329.96,0.1982,3.5908,0.9222,0.8333,0.8333,971.06,2145.15,0,0,2,6,Male,Tier-2,0,True
UPI_GIG_02106,freelance,37783.68,9731.67,0.0942,3.8825,0.9111,0.9167,1.0,1111.28,2056.48,0,0,2,6,Female,Tier-2,0,True
UPI_GIG_02107,ride,22823.54,9274.73,0.0488,2.4608,0.9,0.8333,0.8333,160.54,1247.44,0,0,1,6,Female,Tier-1,0,True
UPI_GIG_02108,ride,16270.19,8996.8,0.4152,1.8084,0.85,0.5833,0.8333,124.2,1327.41,0,0,1,6,Female,Tier-3,1,True
UPI_GIG_02109,delivery,15493.78,8991.24,0.0493,1.7232,0.8556,0.75,0.5,86.08,829.42,0,0,1,6,Female,Tier-2,0,True
UPI_GIG_02110,freelance,29617.17,9191.72,0.3908,3.2222,0.9389,0.8333,1.0,826.53,2346.95,0,0,2,6,Male,Tier-3,0,True
UPI_GIG_02111,ride,22390.33,9291.2,0.0705,2.4098,0.8889,0.9167,0.6667,165.65,1216.87,0,0,1,6,Male,Tier-2,0,True
UPI_GIG_02112,freelance,34726.33,9201.22,0.1945,3.7741,0.8833,0.9167,1.0,1079.58,2057.52,0,0,2,6,Male,Tier-1,0,True
UPI_GIG_02113,delivery,16790.87,8825.03,0.0511,1.9026,0.9167,0.6667,1.0,90.03,929.82,0,0,1,6,Male,Tier-3,0,True
UPI_GIG_02114,vendor,24826.09,9158.53,0.2215,2.7107,0.8667,0.75,0.8333,91.22,1564.56,0,0,2,6,Male,Tier-2,0,True
UPI_GIG_02115,delivery,17130.73,10117.15,0.0412,1.6932,0.9611,1.0,1.0,82.43,926.78,0,1,1,6,Male,Tier-3,0,True
UPI_GIG_02116,delivery,15751.19,8999.04,0.1081,1.7503,0.8722,0.5,0.8333,84.46,898.26,0,0,1,6,Female,Tier-2,0,True
UPI_GIG_02117,delivery,12066.28,9291.97,0.3894,1.2986,0.9333,0.9167,1.0,59.73,879.14,0,0,1,6,Female,Tier-2,0,True
UPI_GIG_02118,freelance,29864.13,9062.27,0.2197,3.2954,0.9111,0.8333,1.0,869.83,2089.09,0,0,2,6,Male,Tier-3,0,True
UPI_GIG_02119,delivery,15088.67,9281.5,0.0832,1.6257,0.8444,0.75,0.8333,85.09,838.59,0,0,1,6,Female,Tier-1,0,True
UPI_GIG_02120,freelance,30082.36,9485.07,0.2308,3.1715,0.9167,1.0,0.8333,851.39,1953.66,0,0,2,6,Male,Tier-2,0,True
UPI_GIG_02121,delivery,15728.98,8663.98,0.0784,1.8154,0.8611,0.6667,0.6667,85.64,849.94,0,0,1,6,Male,Tier-3,0,True
UPI_GIG_02122,ride,19858.58,9372.17,0.2118,2.1189,0.9333,0.8333,0.6667,140.34,1250.83,0,0,1,6,Female,Tier-1,0,True
UPI_GIG_02123,delivery,14260.94,8680.17,0.1286,1.6429,0.8222,0.5833,1.0,81.65,820.43,0,0,1,6,Female,Tier-1,0,True
UPI_GIG_02124,ride,20857.49,8999.15,0.0788,2.3177,0.8444,0.6667,1.0,167.98,1162.57,0,0,1,6,Female,Tier-2,0,True
UPI_GIG_02125,ride,22955.21,9805.03,0.0892,2.3412,0.9111,1.0,0.6667,166.95,1278.88,0,0,1,6,Male,Tier-2,0,True
UPI_GIG_02126,freelance,28471.51,8949.81,0.337,3.1812,0.8889,0.6667,0.6667,845.69,1915.21,0,0,2,6,Female,Tier-2,1,True
UPI_GIG_02127,freelance,30167.23,9282.35,0.0963,3.25,0.8611,0.8333,0.8333,896.06,1748.83,0,0,2,6,Female,Tier-2,0,True
UPI_GIG_02128,ride,16291.37,8630.75,0.3338,1.8876,0.8611,0.4167,0.8333,127.44,1143.77,0,0,1,6,Male,Tier-3,1,True
UPI_GIG_02129,freelance,35075.65,9018.08,0.1033,3.8895,0.8389,0.75,0.6667,1169.19,2062.55,0,0,2,6,Male,Tier-3,0,True
UPI_GIG_02130,ride,22076.38,9084.87,0.0911,2.43,0.8444,0.6667,0.8333,172.47,1296.13,0,0,1,6,Male,Tier-3,0,True
UPI_GIG_02131,vendor,27294.56,9394.07,0.0634,2.9055,0.8333,0.8333,1.0,103.65,1474.38,0,0,2,6,Female,Tier-3,0,True
UPI_GIG_02132,freelance,35844.58,9252.32,0.0904,3.8741,0.8667,0.5833,0.6667,1156.28,2057.11,0,0,2,6,Male,Tier-1,0,True
UPI_GIG_02133,delivery,12559.77,9569.66,0.2609,1.3125,0.8778,0.9167,0.8333,68.2,844.31,0,0,1,6,Male,Tier-1,0,True
UPI_GIG_02134,delivery,15686.91,9340.45,0.0937,1.6795,0.8778,0.8333,0.8333,87.39,880.18,0,0,1,6,Female,Tier-1,0,True
UPI_GIG_02135,ride,22182.06,9010.59,0.053,2.4618,0.8778,0.5833,0.8333,168.9,1215.83,0,0,1,6,Female,Tier-2,0,True
UPI_GIG_02136,vendor,20986.78,8968.24,0.3571,2.3401,0.8111,0.5833,0.6667,88.43,1543.01,0,0,2,6,Female,Tier-2,1,True
UPI_GIG_02137,freelance,38823.65,9493.54,0.1282,4.0895,0.9167,0.9167,0.8333,1153.18,2239.83,0,0,2,6,Male,Tier-2,0,True
UPI_GIG_02138,delivery,15158.06,8935.46,0.0864,1.6964,0.8611,0.6667,0.6667,80.2,821.9,0,0,1,6,Female,Tier-2,0,True
UPI_GIG_02139,delivery,14502.3,9614.11,0.0986,1.5084,0.8222,0.9167,0.8333,84.97,822.94,0,1,1,6,Male,Tier-2,0,True
UPI_GIG_02140,freelance,27532.82,9008.92,0.2911,3.0562,0.8333,0.6667,0.6667,855.94,1952.65,0,0,2,6,Male,Tier-2,1,True
UPI_GIG_02141,delivery,16727.94,9159.63,0.1061,1.8263,0.9111,0.75,1.0,86.75,955.47,0,0,1,6,Female,Tier-3,0,True
UPI_GIG_02142,ride,22251.96,9433.2,0.1221,2.3589,0.8944,0.75,1.0,165.85,1361.75,0,0,1,6,Female,Tier-2,0,True
UPI_GIG_02143,delivery,12835.88,9184.23,0.0679,1.3976,0.7944,0.75,1.0,78.67,728.47,0,0,1,6,Male,Tier-2,0,True
UPI_GIG_02144,ride,23155.28,9284.67,0.0411,2.4939,0.9,0.8333,0.5,164.81,1229.29,0,1,1,6,Male,Tier-1,0,True
UPI_GIG_02145,freelance,37245.9,9104.25,0.1462,4.091,0.8889,0.8333,0.8333,1090.12,2197.92,0,0,2,6,Male,Tier-2,0,True
UPI_GIG_02146,ride,17297.07,8622.47,0.362,2.006,0.8667,0.5,1.0,143.74,1176.07,0,0,1,6,Male,Tier-2,1,True
UPI_GIG_02147,delivery,15084.97,8736.9,0.0844,1.7266,0.8444,0.75,0.3333,85.31,857.9,0,0,1,6,Male,Tier-2,0,True
UPI_GIG_02148,ride,17424.72,8793.01,0.1932,1.9817,0.8833,0.6667,0.8333,124.46,1192.44,0,0,1,6,Male,Tier-2,0,True
UPI_GIG_02149,delivery,16485.11,8676.26,0.0472,1.9,0.8944,0.6667,0.8333,88.31,877.39,0,0,1,6,Male,Tier-2,0,True
UPI_GIG_02150,delivery,11040.98,8854.79,0.3604,1.2469,0.8111,0.5833,0.6667,65.79,780.01,0,0,1,6,Male,Tier-3,1,True
UPI_GIG_02151,delivery,11583.44,9354.34,0.1993,1.2383,0.8,0.6667,1.0,70.85,721.78,0,0,1,6,Male,Tier-1,0,True
UPI_GIG_02152,ride,21702.83,8771.1,0.0588,2.4744,0.8889,0.6667,0.5,154.29,1183.11,0,0,1,6,Male,Tier-2,0,True
UPI_GIG_02153,delivery,15441.67,9433.34,0.0557,1.6369,0.8556,0.8333,1.0,82.21,838.31,0,0,1,6,Female,Tier-1,0,True
UPI_GIG_02154,vendor,20327.11,8951.83,0.2805,2.2707,0.8167,0.6667,0.5,83.71,1438.59,0,0,2,6,Male,Tier-2,1,True
UPI_GIG_02155,delivery,15406.88,8461.53,0.1161,1.8208,0.8833,0.5833,0.6667,81.3,905.98,0,0,1,6,Female,Tier-2,0,True
UPI_GIG_02156,vendor,32094.67,9446.55,0.0437,3.3975,0.9667,0.8333,1.0,108.73,1702.93,0,0,2,6,Male,Tier-2,0,True
UPI_GIG_02157,ride,18190.65,8611.05,0.2927,2.1125,0.8722,0.5,0.5,145.72,1219.56,0,0,1,6,Male,Tier-2,1,True
UPI_GIG_02158,ride,19595.35,9944.06,0.1853,1.9706,0.95,1.0,0.6667,134.99,1190.81,0,0,1,6,Female,Tier-1,0,True
UPI_GIG_02159,ride,15318.74,8550.52,0.3649,1.7916,0.8889,0.5833,0.8333,109.68,1100.84,0,0,1,6,Male,Tier-2,1,True
UPI_GIG_02160,delivery,11981.5,8541.56,0.4206,1.4027,0.8278,0.5833,0.5,71.39,890.93,0,0,1,6,Female,Tier-1,1,True
UPI_GIG_02161,freelance,33421.34,9672.12,0.1842,3.4554,0.9278,1.0,0.8333,932.69,2063.14,0,0,2,6,Male,Tier-3,0,True
UPI_GIG_02162,vendor,21965.41,9438.49,0.3019,2.3272,0.8556,0.8333,0.6667,85.91,1471.36,0,0,2,6,Female,Tier-3,1,True
UPI_GIG_02163,vendor,28584.98,8983.82,0.0459,3.1818,0.85,0.8333,0.8333,106.0,1529.35,0,0,2,6,Male,Tier-1,0,True
UPI_GIG_02164,delivery,11160.72,8854.54,0.3041,1.2605,0.8444,0.5833,0.8333,61.6,817.69,0,0,1,6,Male,Tier-2,1,True
UPI_GIG_02165,vendor,31123.67,9474.94,0.0335,3.2848,0.9389,0.9167,1.0,103.4,1610.58,0,0,2,6,Female,Tier-2,0,True
UPI_GIG_02166,ride,23112.16,9306.01,0.0657,2.4836,0.9,0.8333,0.8333,169.11,1257.16,0,0,1,6,Male,Tier-2,0,True
UPI_GIG_02167,delivery,15247.68,9172.8,0.0787,1.6623,0.85,0.75,0.8333,88.22,827.56,0,0,1,6,Male,Tier-1,0,True
UPI_GIG_02168,freelance,33011.77,8585.83,0.0978,3.8449,0.8056,0.5,0.8333,1094.31,1908.51,0,0,2,6,Female,Tier-2,0,True
UPI_GIG_02169,ride,17692.25,9036.39,0.3467,1.9579,0.9167,0.6667,0.8333,128.67,1233.32,0,0,1,6,Female,Tier-2,0,True
UPI_GIG_02170,freelance,34408.32,9046.05,0.2057,3.8037,0.8833,0.6667,1.0,1080.89,2258.13,0,0,2,6,Female,Tier-1,0,True
UPI_GIG_02171,delivery,16314.17,9215.69,0.0407,1.7703,0.8778,0.6667,0.3333,89.89,844.16,0,0,1,6,Male,Tier-1,0,True
UPI_GIG_02172,delivery,15158.84,8516.39,0.0383,1.78,0.8333,0.5,0.5,87.71,807.96,0,0,1,6,Male,Tier-3,0,True
UPI_GIG_02173,delivery,14007.62,8844.15,0.1546,1.5838,0.8722,0.5833,0.6667,75.04,837.32,0,0,1,6,Male,Tier-2,1,True
UPI_GIG_02174,ride,22503.01,9341.66,0.085,2.4089,0.9,0.75,0.3333,170.05,1237.0,0,0,1,6,Male,Tier-2,0,True
UPI_GIG_02175,ride,22955.3,9449.82,0.0556,2.4292,0.9222,0.9167,1.0,157.41,1248.95,0,0,1,6,Female,Tier-3,0,True
UPI_GIG_02176,delivery,16264.99,8988.72,0.0898,1.8095,0.8778,0.6667,0.8333,85.38,914.0,0,0,1,6,Male,Tier-3,0,True
UPI_GIG_02177,delivery,17157.36,9275.62,0.0553,1.8497,0.9333,0.8333,1.0,86.8,931.81,0,0,1,6,Male,Tier-2,0,True
UPI_GIG_02178,vendor,27870.54,8493.29,0.097,3.2815,0.8389,0.5,0.6667,113.14,1635.6,0,0,2,6,Female,Tier-2,0,True
UPI_GIG_02179,ride,22167.88,9052.06,0.0529,2.4489,0.8722,0.6667,0.6667,176.87,1200.77,0,0,1,6,Male,Tier-2,0,True
UPI_GIG_02180,ride,21945.42,9521.85,0.0752,2.3047,0.8667,0.9167,1.0,164.59,1236.09,0,0,1,6,Female,Tier-3,0,True
UPI_GIG_02181,ride,18301.73,9300.61,0.1556,1.9678,0.8111,0.75,0.8333,146.41,1109.15,0,0,1,6,Female,Tier-2,0,True
UPI_GIG_02182,vendor,22763.26,8910.29,0.2693,2.5547,0.8444,0.5833,0.3333,88.92,1537.89,0,0,2,6,Female,Tier-2,1,True
UPI_GIG_02183,delivery,12517.75,9133.56,0.4001,1.3705,0.9611,0.75,0.8333,62.07,883.74,0,0,1,6,Male,Tier-1,0,True
UPI_GIG_02184,ride,20950.36,8745.24,0.0893,2.3956,0.8167,0.6667,0.6667,167.16,1200.51,0,0,1,6,Female,Tier-1,0,True
UPI_GIG_02185,delivery,15849.73,8663.07,0.0714,1.8296,0.8444,0.5833,0.3333,88.22,893.42,0,0,1,6,Male,Tier-1,0,True
UPI_GIG_02186,delivery,16240.11,9123.28,0.0392,1.7801,0.9056,0.75,0.8333,92.54,864.14,0,0,1,6,Female,Tier-2,0,True
UPI_GIG_02187,delivery,16131.5,8851.85,0.0436,1.8224,0.8722,0.5833,0.5,89.04,864.5,0,0,1,6,Male,Tier-2,0,True
UPI_GIG_02188,freelance,36596.49,9213.46,0.1501,3.9721,0.85,0.75,0.8333,1137.71,2193.51,0,0,2,6,Male,Tier-3,0,True
UPI_GIG_02189,vendor,22634.93,9449.82,0.3199,2.3953,0.9111,0.8333,1.0,83.52,1551.01,0,0,2,6,Female,Tier-3,0,True
UPI_GIG_02190,freelance,36121.0,9077.74,0.0835,3.9791,0.8722,0.5,0.8333,1152.8,2111.99,0,0,2,6,Male,Tier-2,0,True
UPI_GIG_02191,ride,16472.18,9641.44,0.3687,1.7085,0.9222,1.0,1.0,115.73,1199.18,0,0,1,6,Male,Tier-2,0,True
UPI_GIG_02192,delivery,16623.31,9453.54,0.1074,1.7584,0.8889,0.8333,0.8333,89.13,985.88,0,0,1,6,Female,Tier-1,0,True
UPI_GIG_02193,vendor,23847.43,9160.13,0.1873,2.6034,0.8222,0.6667,1.0,93.7,1544.22,0,0,2,6,Female,Tier-3,1,True
UPI_GIG_02194,ride,18590.26,9191.26,0.2533,2.0226,0.9278,0.75,0.8333,121.37,1197.94,0,0,1,6,Female,Tier-1,0,True
UPI_GIG_02195,ride,23331.34,9050.07,0.0548,2.578,0.9167,0.6667,1.0,167.85,1271.23,0,0,1,6,Female,Tier-2,0,True
UPI_GIG_02196,delivery,14987.09,9141.5,0.1056,1.6395,0.8222,0.6667,1.0,82.65,889.65,0,1,1,6,Male,Tier-2,0,True
UPI_GIG_02197,ride,15915.52,8997.23,0.3788,1.7689,0.8556,0.75,0.8333,125.98,1102.6,0,0,1,6,Male,Tier-2,1,True
UPI_GIG_02198,freelance,37053.03,9352.78,0.076,3.9617,0.8611,0.75,0.8333,1128.52,2092.48,0,0,2,6,Male,Tier-1,0,True
UPI_GIG_02199,delivery,15917.65,8939.08,0.0672,1.7807,0.8889,0.8333,0.5,84.22,859.21,0,0,1,6,Female,Tier-1,0,True
UPI_GIG_02200,vendor,30922.59,9092.72,0.0891,3.4008,0.9111,0.8333,0.8333,112.17,1787.52,0,0,2,6,Male,Tier-3,0,True
UPI_GIG_02201,vendor,26337.0,8500.4,0.1584,3.0983,0.9056,0.5,0.8333,97.97,1629.58,0,0,2,6,Female,Tier-3,0,True
UPI_GIG_02202,vendor,27493.88,9200.52,0.0879,2.9883,0.8444,0.6667,0.8333,108.39,1528.08,0,0,2,6,Female,Tier-2,0,True
UPI_GIG_02203,ride,20727.43,9449.46,0.0876,2.1935,0.8167,0.8333,0.6667,175.41,1150.28,0,0,1,6,Male,Tier-2,0,True
UPI_GIG_02204,ride,21805.79,9309.63,0.1388,2.3423,0.8667,0.75,0.8333,163.54,1279.11,0,0,1,6,Male,Tier-3,0,True
UPI_GIG_02205,ride,22537.95,9630.55,0.075,2.3403,0.8833,0.9167,0.5,175.17,1244.65,0,0,1,6,Male,Tier-1,0,True
UPI_GIG_02206,vendor,29069.64,9458.93,0.0504,3.0732,0.8722,0.9167,1.0,108.27,1566.37,0,0,2,6,Female,Tier-1,0,True
UPI_GIG_02207,vendor,27723.82,8780.39,0.0414,3.1575,0.8556,0.6667,0.6667,102.81,1463.45,0,0,2,6,Female,Tier-3,0,True
UPI_GIG_02208,delivery,16719.33,9507.51,0.0716,1.7585,0.9056,0.8333,0.8333,87.16,939.82,0,0,1,6,Male,Tier-1,0,True
UPI_GIG_02209,delivery,15493.63,9354.92,0.1164,1.6562,0.8556,0.8333,1.0,84.51,910.24,0,0,1,6,Male,Tier-3,0,True
UPI_GIG_02210,freelance,39356.93,9245.22,0.0907,4.257,0.9444,0.9167,1.0,1169.02,2190.14,0,0,2,6,Female,Tier-2,0,True
UPI_GIG_02211,delivery,15085.24,9160.99,0.0879,1.6467,0.8611,0.8333,0.5,83.11,823.58,0,0,1,6,Female,Tier-3,0,True
UPI_GIG_02212,freelance,29025.56,9251.68,0.3231,3.1373,0.7667,0.6667,1.0,1024.43,2110.08,0,0,2,6,Female,Tier-2,1,True
UPI_GIG_02213,ride,24556.74,9959.17,0.0878,2.4657,0.95,1.0,0.8333,166.3,1324.63,0,0,1,6,Male,Tier-2,0,True
UPI_GIG_02214,delivery,15103.59,8705.8,0.1017,1.7349,0.8389,0.6667,0.8333,83.91,855.69,0,0,1,6,Male,Tier-1,0,True
UPI_GIG_02215,freelance,35138.69,8790.47,0.0666,3.9974,0.8556,0.5833,0.8333,1133.51,1878.82,0,0,2,6,Male,Tier-1,0,True
UPI_GIG_02216,vendor,26704.57,8687.34,0.0666,3.074,0.8111,0.5833,0.8333,102.84,1483.56,0,0,2,6,Male,Tier-1,0,True
UPI_GIG_02217,delivery,17185.15,9205.74,0.0407,1.8668,0.9444,0.75,0.6667,81.83,900.71,0,0,1,6,Female,Tier-3,0,True
UPI_GIG_02218,vendor,21845.2,8933.62,0.2355,2.4453,0.85,0.5833,0.8333,82.07,1413.4,0,0,2,6,Male,Tier-3,1,True
UPI_GIG_02219,delivery,17054.88,9478.74,0.0775,1.7993,0.9389,0.9167,1.0,82.59,939.95,0,0,1,6,Female,Tier-1,0,True
UPI_GIG_02220,delivery,15070.91,8735.9,0.0847,1.7252,0.8722,0.5833,0.5,81.46,864.62,0,0,1,6,Male,Tier-3,0,True
UPI_GIG_02221,ride,17118.72,8556.83,0.2704,2.0006,0.8389,0.4167,0.3333,130.84,1152.13,0,0,1,6,Male,Tier-3,1,True
UPI_GIG_02222,delivery,11865.48,9488.01,0.4212,1.2506,0.9111,0.9167,0.8333,62.18,891.67,0,0,1,6,Male,Tier-2,0,True
UPI_GIG_02223,delivery,14328.97,9560.3,0.1113,1.4988,0.9333,0.9167,0.6667,70.88,821.24,0,0,1,6,Male,Tier-1,0,True
UPI_GIG_02224,ride,23711.19,9313.18,0.0525,2.546,0.9333,0.8333,0.5,165.04,1288.93,0,0,1,6,Male,Tier-1,0,True
UPI_GIG_02225,vendor,26592.38,8353.87,0.0564,3.1832,0.7944,0.5,0.6667,109.73,1461.16,0,0,2,6,Male,Tier-3,0,True
UPI_GIG_02226,delivery,15603.7,9403.31,0.0853,1.6594,0.8667,0.6667,1.0,86.45,885.39,0,0,1,6,Male,Tier-3,0,True
UPI_GIG_02227,delivery,11628.25,8717.31,0.2379,1.3339,0.8222,0.6667,1.0,67.35,767.02,0,0,1,6,Female,Tier-2,0,True
UPI_GIG_02228,delivery,13177.51,9210.17,0.2564,1.4308,0.8611,0.6667,1.0,72.8,856.2,0,0,1,6,Female,Tier-2,0,True
UPI_GIG_02229,delivery,16707.63,9036.75,0.0631,1.8489,0.9444,0.75,0.8333,80.84,883.56,0,0,1,6,Female,Tier-2,0,True
UPI_GIG_02230,delivery,11321.19,9707.33,0.3563,1.1663,0.8889,0.8333,0.8333,59.53,848.97,0,0,1,6,Female,Tier-2,0,True
UPI_GIG_02231,delivery,16717.23,9701.13,0.0501,1.7232,0.9056,0.8333,0.8333,86.17,922.07,0,0,1,6,Male,Tier-3,0,True
UPI_GIG_02232,ride,21061.79,8652.12,0.1053,2.4343,0.85,0.5833,0.8333,163.27,1254.75,0,0,1,6,Female,Tier-2,0,True
UPI_GIG_02233,delivery,11040.72,8651.01,0.3769,1.2762,0.8222,0.5833,0.8333,63.09,811.93,0,0,1,6,Male,Tier-1,1,True
UPI_GIG_02234,ride,23512.21,9402.81,0.0663,2.5006,0.9167,0.8333,0.8333,166.16,1271.06,0,0,1,6,Female,Tier-1,0,True
UPI_GIG_02235,ride,16553.02,9632.07,0.3185,1.7185,0.8778,0.9167,0.8333,115.62,1134.74,0,0,1,6,Male,Tier-1,0,True
UPI_GIG_02236,delivery,15875.66,9047.93,0.0603,1.7546,0.8667,0.6667,0.6667,85.97,870.32,0,0,1,6,Male,Tier-2,0,True
UPI_GIG_02237,delivery,10554.72,8646.46,0.427,1.2207,0.8278,0.4167,0.5,59.19,810.08,0,0,1,6,Male,Tier-1,1,True
UPI_GIG_02238,ride,17891.77,8952.97,0.2036,1.9984,0.8556,0.5833,0.8333,134.52,1141.26,0,0,1,6,Male,Tier-3,1,True
UPI_GIG_02239,ride,23631.5,8843.93,0.052,2.6721,0.9333,0.6667,0.6667,165.45,1222.25,0,0,1,6,Male,Tier-3,0,True
UPI_GIG_02240,delivery,16258.51,9205.74,0.0885,1.7661,0.9,0.9167,1.0,85.65,896.32,0,0,1,6,Female,Tier-3,0,True
UPI_GIG_02241,freelance,34389.39,8527.69,0.0702,4.0327,0.8167,0.5,0.5,1109.34,1893.53,0,0,2,6,Male,Tier-3,0,True
UPI_GIG_02242,ride,18195.37,9267.4,0.28,1.9634,0.8944,0.9167,1.0,128.89,1238.49,0,0,1,6,Female,Tier-2,0,True
UPI_GIG_02243,freelance,35386.59,8678.61,0.0682,4.0775,0.8389,0.6667,0.8333,1166.59,1928.01,0,0,2,6,Male,Tier-2,0,True
UPI_GIG_02244,ride,16447.8,9177.32,0.3552,1.7922,0.8333,0.6667,0.8333,127.83,1181.6,0,0,1,6,Female,Tier-3,0,True
UPI_GIG_02245,freelance,29819.3,9132.07,0.2324,3.2653,0.8722,0.75,1.0,908.2,1979.01,0,0,2,6,Female,Tier-1,0,True
UPI_GIG_02246,delivery,15053.29,9230.75,0.0918,1.6308,0.8333,0.75,0.6667,88.29,855.23,0,0,1,6,Male,Tier-2,0,True
UPI_GIG_02247,ride,19653.41,9448.22,0.1375,2.0801,0.9111,0.8333,1.0,140.05,1191.71,0,0,1,6,Male,Tier-2,0,True
UPI_GIG_02248,freelance,27542.41,8406.01,0.2389,3.2765,0.8333,0.5833,0.8333,923.21,1756.58,0,0,2,6,Male,Tier-2,1,True
UPI_GIG_02249,delivery,15884.42,9413.12,0.1017,1.6875,0.8778,0.8333,1.0,84.49,939.87,0,0,1,6,Male,Tier-2,0,True
UPI_GIG_02250,ride,18333.87,9540.35,0.2151,1.9217,0.8667,0.9167,0.6667,135.47,1185.38,0,0,1,6,Male,Tier-2,0,True
UPI_GIG_02251,ride,18431.62,9012.54,0.3148,2.0451,0.8667,0.6667,0.8333,129.04,1315.92,0,0,1,6,Male,Tier-1,1,True
UPI_GIG_02252,ride,21744.04,8634.14,0.1187,2.5184,0.8722,0.5,0.6667,168.56,1288.82,0,0,1,6,Female,Tier-3,0,True
UPI_GIG_02253,ride,20164.68,8899.08,0.0573,2.2659,0.8056,0.5,0.6667,173.83,1120.1,0,0,1,6,Female,Tier-2,0,True
UPI_GIG_02254,delivery,10977.7,9384.05,0.3455,1.1698,0.8833,0.8333,0.8333,59.29,758.92,0,0,1,6,Female,Tier-2,0,True
UPI_GIG_02255,ride,22760.02,9107.58,0.0434,2.499,0.8611,0.75,0.3333,168.8,1189.95,0,0,1,6,Female,Tier-1,0,True
UPI_GIG_02256,delivery,16843.62,9684.33,0.0885,1.7393,0.9278,1.0,0.6667,85.07,922.45,0,0,1,6,Male,Tier-1,0,True
UPI_GIG_02257,ride,24225.98,9456.01,0.0485,2.562,0.9222,0.9167,0.8333,174.92,1290.28,0,0,1,6,Male,Tier-2,0,True
UPI_GIG_02258,freelance,26710.09,9019.12,0.4221,2.9615,0.8611,0.6667,0.8333,857.01,2090.44,0,0,2,6,Male,Tier-3,1,True
UPI_GIG_02259,freelance,36206.24,9471.98,0.1655,3.8225,0.8667,0.8333,0.8333,1149.4,2189.93,0,0,2,6,Male,Tier-1,0,True
UPI_GIG_02260,delivery,11262.95,8987.32,0.34,1.2532,0.8333,0.6667,1.0,63.57,814.79,0,0,1,6,Female,Tier-2,0,True
UPI_GIG_02261,freelance,33640.58,9221.86,0.1775,3.6479,0.9222,0.75,0.6667,1009.22,2012.64,0,0,2,6,Male,Tier-2,0,True
UPI_GIG_02262,delivery,15807.99,9576.3,0.0501,1.6507,0.85,1.0,1.0,87.02,847.63,0,0,1,6,Male,Tier-2,0,True
UPI_GIG_02263,vendor,26833.67,8484.47,0.1107,3.1627,0.8056,0.3333,1.0,111.57,1545.99,0,0,2,6,Male,Tier-2,0,True
UPI_GIG_02264,ride,22627.48,8566.71,0.0449,2.6413,0.8556,0.6667,0.8333,170.99,1203.13,0,0,1,6,Male,Tier-2,0,True
UPI_GIG_02265,delivery,17029.6,9320.15,0.0215,1.8272,0.9333,0.8333,0.5,83.62,872.87,0,0,1,6,Female,Tier-2,0,True
UPI_GIG_02266,ride,22513.61,8932.45,0.072,2.5204,0.8833,0.5833,0.6667,163.93,1275.43,0,0,1,6,Male,Tier-1,0,True
UPI_GIG_02267,delivery,13301.48,9385.65,0.2373,1.4172,0.9167,0.8333,1.0,69.28,857.75,0,0,1,6,Female,Tier-3,0,True
UPI_GIG_02268,vendor,21252.38,9150.23,0.2971,2.3226,0.8722,0.6667,0.8333,79.1,1436.02,0,0,2,6,Female,Tier-2,1,True
UPI_GIG_02269,vendor,29646.33,9294.32,0.0735,3.1897,0.8889,0.6667,0.8333,109.06,1646.3,0,0,2,6,Male,Tier-2,0,True
UPI_GIG_02270,ride,24433.56,9431.23,0.0545,2.5907,0.95,0.9167,1.0,177.7,1319.44,0,0,1,6,Female,Tier-2,0,True
UPI_GIG_02271,ride,17397.99,9498.11,0.1468,1.8317,0.8389,0.8333,0.6667,135.04,1140.94,0,0,1,6,Male,Tier-2,0,True
UPI_GIG_02272,vendor,30581.73,9118.38,0.0242,3.3539,0.9333,0.9167,0.6667,108.7,1580.18,0,0,2,6,Male,Tier-2,0,True
UPI_GIG_02273,delivery,14117.39,9136.11,0.0788,1.5452,0.7944,0.8333,1.0,83.78,816.32,0,0,1,6,Female,Tier-1,0,True
UPI_GIG_02274,delivery,14527.85,8962.78,0.1379,1.6209,0.8222,0.5,0.8333,87.25,932.28,0,0,1,6,Female,Tier-2,0,True
UPI_GIG_02275,ride,21111.06,9353.19,0.0836,2.2571,0.8667,0.6667,0.8333,162.18,1141.36,0,0,1,6,Male,Tier-2,0,True
UPI_GIG_02276,ride,17534.46,8622.01,0.3249,2.0337,0.8778,0.5833,0.6667,139.16,1258.14,0,0,1,6,Female,Tier-2,1,True
UPI_GIG_02277,delivery,15654.01,9586.85,0.0623,1.6329,0.8722,0.9167,1.0,80.55,848.42,0,0,1,6,Female,Tier-2,0,True
UPI_GIG_02278,ride,17428.83,9120.32,0.1382,1.911,0.7778,0.5833,0.8333,143.05,1044.39,0,0,1,6,Female,Tier-1,1,True
UPI_GIG_02279,freelance,32963.27,9171.23,0.1126,3.5942,0.8056,0.8333,0.8333,1104.91,1831.75,0,0,2,6,Male,Tier-2,0,True
UPI_GIG_02280,vendor,28474.43,9399.58,0.0352,3.0293,0.85,0.75,0.8333,108.27,1487.24,0,0,2,6,Female,Tier-3,0,True
UPI_GIG_02281,freelance,38348.44,9487.4,0.0991,4.042,0.8944,1.0,0.8333,1133.45,2161.72,0,0,2,6,Male,Tier-2,0,True
UPI_GIG_02282,ride,17584.48,9033.71,0.311,1.9465,0.8389,0.75,1.0,134.23,1253.57,0,0,1,6,Female,Tier-2,0,True
UPI_GIG_02283,delivery,14775.95,9339.75,0.0983,1.5821,0.8222,0.9167,0.6667,80.89,880.86,0,0,1,6,Male,Tier-1,0,True
UPI_GIG_02284,delivery,13803.46,9704.81,0.1892,1.4223,0.9222,1.0,0.8333,71.83,881.87,0,0,1,6,Male,Tier-1,0,True
UPI_GIG_02285,delivery,13119.07,8986.38,0.1815,1.4599,0.8389,0.5833,1.0,74.61,806.7,0,0,1,6,Male,Tier-1,0,True
UPI_GIG_02286,vendor,28957.98,8993.47,0.0684,3.2199,0.8611,0.5833,0.8333,108.12,1601.08,1,1,2,6,Female,Tier-1,0,True
UPI_GIG_02287,ride,19613.78,9116.83,0.1156,2.1514,0.8722,0.6667,1.0,144.75,1190.73,0,0,1,6,Female,Tier-1,0,True
UPI_GIG_02288,ride,22114.45,9609.52,0.1006,2.3013,0.85,0.9167,1.0,169.89,1254.04,0,0,1,6,Male,Tier-1,0,True
UPI_GIG_02289,ride,23056.19,9331.07,0.0642,2.4709,0.8778,0.75,0.8333,171.42,1259.5,0,0,1,6,Male,Tier-2,0,True
UPI_GIG_02290,freelance,35836.04,9017.68,0.0884,3.974,0.8056,0.75,0.5,1168.57,2014.48,0,0,2,6,Female,Tier-2,0,True
UPI_GIG_02291,ride,22496.61,9063.01,0.0902,2.4822,0.8556,0.6667,1.0,179.26,1331.04,0,0,1,6,Male,Tier-2,0,True
UPI_GIG_02292,delivery,14888.58,8786.82,0.1386,1.6944,0.8278,0.5833,0.6667,85.48,892.34,0,0,1,6,Male,Tier-1,0,True
UPI_GIG_02293,delivery,16107.91,9030.79,0.0457,1.7837,0.9056,0.6667,0.8333,86.06,851.29,0,0,1,6,Female,Tier-2,0,True
UPI_GIG_02294,delivery,15447.23,9127.86,0.0678,1.6923,0.8444,0.75,0.6667,83.72,845.85,0,0,1,6,Female,Tier-1,0,True
UPI_GIG_02295,ride,21615.28,9590.34,0.0951,2.2539,0.8389,0.8333,1.0,181.64,1263.45,0,0,1,6,Male,Tier-2,0,True
UPI_GIG_02296,ride,21889.1,9260.68,0.1034,2.3637,0.85,0.75,0.5,169.9,1280.17,0,0,1,6,Male,Tier-3,0,True
UPI_GIG_02297,vendor,29495.3,9348.65,0.0534,3.155,0.9056,0.8333,0.6667,112.22,1536.29,0,0,2,6,Female,Tier-2,0,True
UPI_GIG_02298,delivery,16978.53,9649.57,0.0752,1.7595,0.9278,0.9167,1.0,87.9,961.12,0,0,1,6,Female,Tier-2,0,True
UPI_GIG_02299,ride,15050.73,8395.37,0.4242,1.7927,0.7667,0.25,0.8333,134.78,1105.23,0,1,1,6,Male,Tier-3,1,True
UPI_GIG_02300,ride,21772.03,8847.36,0.0438,2.4609,0.8778,0.5833,0.3333,167.05,1165.95,0,0,1,6,Male,Tier-1,0,True
UPI_GIG_02301,delivery,16026.55,9210.72,0.0601,1.74,0.9,0.75,0.5,85.4,860.53,0,0,1,6,Male,Tier-2,0,True
UPI_GIG_02302,ride,21643.37,9103.8,0.0946,2.3774,0.8444,0.75,0.8333,164.59,1175.18,0,0,1,6,Female,Tier-2,0,True
UPI_GIG_02303,delivery,16303.58,8980.22,0.0556,1.8155,0.8833,0.6667,0.8333,83.68,887.89,0,0,1,6,Female,Tier-3,0,True
UPI_GIG_02304,vendor,30293.34,9605.43,0.0413,3.1538,0.9222,1.0,0.8333,112.61,1650.46,0,0,2,6,Male,Tier-2,0,True
UPI_GIG_02305,ride,22841.49,9220.16,0.0739,2.4773,0.8889,0.8333,1.0,172.17,1227.86,0,0,1,6,Male,Tier-2,0,True
UPI_GIG_02306,delivery,14201.01,9706.52,0.2206,1.463,0.9556,0.8333,1.0,72.03,869.58,0,0,1,6,Male,Tier-1,0,True
UPI_GIG_02307,freelance,31612.04,9534.35,0.2926,3.3156,0.8389,0.8333,0.3333,998.27,2148.7,0,0,2,6,Female,Tier-2,1,True
UPI_GIG_02308,delivery,16396.23,9335.16,0.028,1.7564,0.9167,1.0,1.0,84.88,850.57,0,0,1,6,Female,Tier-3,0,True
UPI_GIG_02309,delivery,15318.55,9358.0,0.0906,1.6369,0.8556,0.9167,1.0,84.71,891.81,0,0,1,6,Male,Tier-2,0,True
UPI_GIG_02310,ride,23566.8,9101.78,0.0433,2.5893,0.9167,0.8333,0.6667,172.23,1258.03,0,0,1,6,Male,Tier-2,0,True
UPI_GIG_02311,freelance,37064.87,9023.65,0.1093,4.1075,0.85,0.6667,0.8333,1202.1,2166.11,0,0,2,6,Female,Tier-2,0,True
UPI_GIG_02312,ride,21796.22,9028.85,0.118,2.4141,0.85,0.75,0.8333,168.09,1315.52,0,0,1,6,Female,Tier-2,0,True
UPI_GIG_02313,freelance,35499.19,9389.1,0.066,3.7809,0.8444,0.8333,0.6667,1170.3,1895.92,0,0,2,6,Male,Tier-1,0,True
UPI_GIG_02314,vendor,26559.25,9019.81,0.059,2.9445,0.8278,0.8333,0.8333,111.28,1400.0,0,0,2,6,Female,Tier-3,0,True
UPI_GIG_02315,ride,23628.02,9292.15,0.0406,2.5428,0.9,0.8333,0.8333,165.81,1232.0,0,0,1,6,Male,Tier-2,0,True
UPI_GIG_02316,ride,16683.99,8792.97,0.2192,1.8974,0.8667,0.75,0.6667,127.52,1044.41,0,0,1,6,Male,Tier-2,1,True
UPI_GIG_02317,freelance,37401.36,9175.21,0.1745,4.0764,0.8722,0.8333,0.6667,1187.34,2316.5,0,0,2,6,Male,Tier-3,0,True
UPI_GIG_02318,delivery,13051.96,9740.82,0.2498,1.3399,0.9389,1.0,0.8333,61.81,840.68,0,0,1,6,Male,Tier-2,0,True
UPI_GIG_02319,delivery,15516.37,9185.81,0.1732,1.6892,0.9611,0.75,1.0,76.81,944.88,0,0,1,6,Female,Tier-1,0,True
UPI_GIG_02320,ride,23896.25,9901.36,0.0413,2.4134,0.95,1.0,1.0,168.68,1267.8,0,0,1,6,Male,Tier-3,0,True
UPI_GIG_02321,freelance,35577.47,8388.27,0.1148,4.2413,0.8667,0.5833,0.5,1117.62,2174.22,0,0,2,6,Male,Tier-2,0,True
UPI_GIG_02322,ride,23129.44,9165.48,0.0881,2.5235,0.9222,0.75,0.6667,153.18,1319.54,0,0,1,6,Female,Tier-1,0,True
UPI_GIG_02323,vendor,25796.55,9661.9,0.2145,2.6699,0.9333,0.8333,0.6667,92.9,1581.48,0,0,2,6,Male,Tier-1,0,True
UPI_GIG_02324,vendor,30037.8,9039.26,0.1139,3.323,0.8889,0.5833,0.6667,112.5,1758.06,0,0,2,6,Female,Tier-1,0,True
UPI_GIG_02325,delivery,15581.3,9134.21,0.0548,1.7058,0.8389,0.8333,0.6667,88.87,834.13,0,0,1,6,Female,Tier-3,0,True
UPI_GIG_02326,ride,21698.99,9145.94,0.0634,2.3725,0.8556,0.75,1.0,163.35,1197.93,0,0,1,6,Male,Tier-2,0,True
UPI_GIG_02327,vendor,27749.8,9367.18,0.0776,2.9624,0.8333,0.6667,1.0,110.19,1591.54,0,0,2,6,Male,Tier-2,0,True
UPI_GIG_02328,vendor,29195.71,8758.6,0.0796,3.3334,0.8667,0.75,0.8333,115.09,1618.22,0,0,2,6,Female,Tier-1,0,True
UPI_GIG_02329,freelance,36027.27,9408.64,0.1321,3.8292,0.8833,0.9167,0.8333,1091.74,2218.39,0,0,2,6,Male,Tier-2,0,True
UPI_GIG_02330,ride,22881.61,8731.24,0.0479,2.6207,0.8889,0.5833,0.8333,174.23,1220.76,0,0,1,6,Male,Tier-3,0,True
UPI_GIG_02331,delivery,14572.88,8656.77,0.0756,1.6834,0.7889,0.5,0.5,88.41,782.68,0,0,1,6,Male,Tier-3,0,True
UPI_GIG_02332,delivery,16894.72,9100.16,0.0446,1.8565,0.9222,0.9167,0.8333,87.99,915.95,0,0,1,6,Male,Tier-3,0,True
UPI_GIG_02333,freelance,40107.86,9823.2,0.0859,4.083,0.9333,1.0,0.8333,1209.28,2293.19,0,0,2,6,Female,Tier-3,0,True
UPI_GIG_02334,delivery,13785.44,9238.2,0.2041,1.4922,0.85,0.75,0.6667,76.51,894.99,0,0,1,6,Male,Tier-1,0,True
UPI_GIG_02335,delivery,16842.87,9154.05,0.0476,1.8399,0.9278,0.6667,0.3333,87.04,891.11,0,0,1,6,Female,Tier-1,0,True
UPI_GIG_02336,delivery,11301.63,8776.32,0.4357,1.2877,0.8056,0.5833,0.5,67.01,895.58,0,0,1,6,Male,Tier-1,1,True
UPI_GIG_02337,ride,17729.55,8712.53,0.2617,2.0349,0.9278,0.5833,1.0,115.5,1279.68,0,0,1,6,Female,Tier-1,0,True
UPI_GIG_02338,freelance,31491.5,9410.72,0.1737,3.3463,0.7889,0.8333,0.6667,1061.51,2010.27,0,0,2,6,Male,Tier-3,0,True
UPI_GIG_02339,freelance,30811.38,9477.23,0.2881,3.2511,0.8944,0.9167,0.5,919.74,2098.17,0,0,2,6,Female,Tier-1,0,True
UPI_GIG_02340,ride,14726.75,8575.82,0.4178,1.7172,0.7944,0.4167,0.3333,127.69,1097.26,0,0,1,6,Male,Tier-3,1,True
UPI_GIG_02341,delivery,14471.59,9087.49,0.1267,1.5925,0.9111,0.8333,0.6667,72.66,844.1,0,0,1,6,Male,Tier-2,0,True
UPI_GIG_02342,delivery,15690.15,9553.73,0.1105,1.6423,0.8778,0.9167,0.6667,84.13,912.94,0,0,1,6,Female,Tier-1,0,True
UPI_GIG_02343,freelance,31509.46,9091.84,0.1899,3.4657,0.8556,0.6667,0.8333,969.52,1978.24,0,0,2,6,Female,Tier-2,0,True
UPI_GIG_02344,delivery,14512.09,8551.39,0.1024,1.697,0.8278,0.4167,0.6667,83.88,823.47,0,0,1,6,Male,Tier-3,0,True
UPI_GIG_02345,ride,22656.92,9466.29,0.0918,2.3934,0.8611,0.8333,1.0,171.0,1316.68,0,0,1,6,Male,Tier-2,0,True
UPI_GIG_02346,delivery,15892.72,9208.02,0.0562,1.726,0.8833,0.75,1.0,87.24,841.5,0,0,1,6,Male,Tier-1,0,True
UPI_GIG_02347,freelance,37232.94,9054.93,0.0921,4.1119,0.8833,0.9167,0.8333,1105.93,2033.34,0,0,2,6,Female,Tier-1,0,True
UPI_GIG_02348,vendor,28344.9,9518.9,0.0759,2.9778,0.8611,0.8333,1.0,107.37,1583.54,0,0,2,6,Female,Tier-1,0,True
UPI_GIG_02349,delivery,15702.61,9237.92,0.0662,1.6998,0.8722,0.75,0.8333,86.44,873.1,0,0,1,6,Female,Tier-2,0,True
UPI_GIG_02350,ride,15766.68,8983.0,0.3648,1.7552,0.85,0.6667,0.8333,120.97,1170.06,0,0,1,6,Male,Tier-2,1,True
UPI_GIG_02351,freelance,35944.88,8529.98,0.0751,4.2139,0.8556,0.5,0.8333,1129.16,2055.0,0,0,2,6,Male,Tier-3,0,True
UPI_GIG_02352,vendor,26314.83,9052.25,0.1545,2.907,0.9278,0.75,0.8333,89.81,1591.68,0,0,2,6,Male,Tier-1,0,True
UPI_GIG_02353,delivery,12070.57,7649.54,0.2384,1.5779,0.7944,0.0833,0.6667,75.76,849.36,0,0,1,6,Female,Tier-2,1,True
UPI_GIG_02354,delivery,14912.08,8688.06,0.0418,1.7164,0.85,0.5833,0.6667,81.56,783.37,0,0,1,6,Male,Tier-2,0,True
UPI_GIG_02355,ride,15833.19,9155.13,0.4393,1.7294,0.8611,0.75,0.6667,112.42,1238.03,0,0,1,6,Female,Tier-1,1,True
UPI_GIG_02356,ride,21941.47,9100.18,0.09,2.4111,0.8667,0.75,0.5,152.02,1204.34,0,0,1,6,Female,Tier-2,0,True
UPI_GIG_02357,ride,19847.7,9011.98,0.1883,2.2024,0.9111,0.6667,0.6667,144.35,1235.75,0,0,1,6,Male,Tier-2,0,True
UPI_GIG_02358,freelance,26049.18,9106.04,0.431,2.8606,0.8778,0.8333,0.6667,793.38,2124.8,0,0,2,6,Male,Tier-3,0,True
UPI_GIG_02359,delivery,16513.87,9039.18,0.043,1.8269,0.9,0.8333,0.6667,85.49,858.71,0,0,1,6,Female,Tier-2,0,True
UPI_GIG_02360,vendor,28319.03,9054.09,0.0532,3.1278,0.8611,0.8333,1.0,106.6,1563.59,0,0,2,6,Male,Tier-2,0,True
UPI_GIG_02361,vendor,26394.56,9535.28,0.187,2.7681,0.9278,1.0,1.0,94.15,1621.71,0,0,2,6,Male,Tier-3,0,True
UPI_GIG_02362,vendor,31299.2,9652.15,0.0608,3.2427,0.9389,0.9167,1.0,111.39,1685.85,0,0,2,6,Female,Tier-2,0,True
UPI_GIG_02363,delivery,13393.03,9237.18,0.19,1.4499,0.9,0.9167,1.0,70.0,844.16,0,0,1,6,Male,Tier-1,0,True
UPI_GIG_02364,delivery,16530.65,9414.61,0.0687,1.7559,0.9111,0.75,1.0,87.08,911.64,0,0,1,6,Male,Tier-3,0,True
UPI_GIG_02365,delivery,15795.16,9481.58,0.0838,1.6659,0.9167,0.8333,1.0,87.35,883.03,0,0,1,6,Male,Tier-2,0,True
UPI_GIG_02366,vendor,30040.99,9433.48,0.0847,3.1845,0.9111,0.9167,1.0,104.79,1645.38,0,0,2,6,Male,Tier-1,0,True
UPI_GIG_02367,delivery,12693.05,9197.44,0.23,1.3801,0.8167,0.75,0.8333,70.78,875.41,0,2,1,6,Male,Tier-2,1,True
UPI_GIG_02368,ride,19566.19,8806.29,0.1549,2.2218,0.8556,0.5,0.8333,153.26,1208.14,0,0,1,6,Female,Tier-3,0,True
UPI_GIG_02369,delivery,14467.96,8243.35,0.0797,1.7551,0.8222,0.4167,0.5,81.82,774.77,0,0,1,6,Male,Tier-1,0,True
UPI_GIG_02370,delivery,11123.13,8884.91,0.3504,1.2519,0.8444,0.6667,0.8333,59.69,800.85,0,0,1,6,Female,Tier-1,1,True
UPI_GIG_02371,delivery,15426.34,9103.39,0.0766,1.6946,0.85,0.6667,0.6667,86.42,857.3,0,0,1,6,Male,Tier-1,0,True
UPI_GIG_02372,delivery,16346.44,9597.72,0.0835,1.7032,0.9056,0.9167,0.8333,85.43,911.82,0,0,1,6,Male,Tier-2,0,True
UPI_GIG_02373,ride,23767.38,9134.08,0.0803,2.6021,0.9111,0.9167,1.0,160.59,1273.99,0,0,1,6,Male,Tier-3,0,True
UPI_GIG_02374,ride,15732.56,8573.82,0.2734,1.835,0.8222,0.5,0.6667,121.49,1134.49,0,0,1,6,Male,Tier-1,1,True
UPI_GIG_02375,delivery,15615.69,9657.43,0.0672,1.617,0.8722,0.9167,1.0,85.1,855.73,0,0,1,6,Female,Tier-1,0,True
UPI_GIG_02376,delivery,15873.84,8764.4,0.0543,1.8112,0.8889,0.6667,0.6667,85.73,854.7,0,0,1,6,Male,Tier-2,0,True
UPI_GIG_02377,ride,20916.54,9238.95,0.1474,2.264,0.8056,0.8333,0.8333,163.62,1217.66,0,0,1,6,Female,Tier-2,0,True
UPI_GIG_02378,delivery,10914.78,8731.64,0.43,1.25,0.8111,0.5833,0.3333,63.46,874.12,0,0,1,6,Female,Tier-2,1,True
UPI_GIG_02379,freelance,26423.72,9178.92,0.3646,2.8787,0.8278,0.8333,0.6667,885.71,1864.4,0,0,2,6,Female,Tier-2,1,True
UPI_GIG_02380,ride,23133.95,9246.17,0.0768,2.502,0.9056,0.9167,1.0,164.46,1247.23,0,0,1,6,Female,Tier-2,0,True
UPI_GIG_02381,freelance,32959.48,9627.69,0.1328,3.4234,0.8722,0.9167,0.8333,993.75,2107.96,0,0,2,6,Female,Tier-1,0,True
UPI_GIG_02382,delivery,15723.93,8827.03,0.072,1.7813,0.9222,0.6667,1.0,82.18,883.42,0,0,1,6,Male,Tier-1,0,True
UPI_GIG_02383,delivery,17000.36,9349.0,0.0504,1.8184,0.9444,1.0,0.6667,84.44,923.98,0,0,1,6,Male,Tier-2,0,True
UPI_GIG_02384,freelance,30990.66,8765.33,0.3181,3.5356,0.8167,0.5833,0.6667,1005.1,2296.06,0,0,2,6,Female,Tier-2,1,True
UPI_GIG_02385,delivery,15252.02,9594.74,0.0783,1.5896,0.8389,0.75,1.0,82.3,832.18,0,0,1,6,Male,Tier-2,0,True
UPI_GIG_02386,ride,20982.68,9524.77,0.1611,2.203,0.9278,1.0,1.0,160.79,1317.55,0,0,1,6,Male,Tier-2,0,True
UPI_GIG_02387,freelance,37158.94,9207.82,0.1184,4.0356,0.9222,0.8333,0.8333,1114.77,2276.27,0,0,2,6,Male,Tier-2,0,True
UPI_GIG_02388,vendor,29827.21,9620.4,0.0433,3.1004,0.9,1.0,1.0,107.49,1579.94,0,0,2,6,Female,Tier-3,0,True
UPI_GIG_02389,delivery,14836.62,9134.81,0.1207,1.6242,0.9278,0.8333,1.0,74.18,840.93,0,0,1,6,Male,Tier-3,0,True
UPI_GIG_02390,delivery,13499.13,8741.54,0.2052,1.5443,0.9,0.5833,0.8333,71.3,838.54,0,0,1,6,Female,Tier-1,0,True
UPI_GIG_02391,ride,23136.88,9602.29,0.0697,2.4095,0.9111,0.9167,1.0,159.38,1299.49,0,0,1,6,Female,Tier-3,0,True
UPI_GIG_02392,delivery,17042.91,9178.1,0.0493,1.8569,0.9333,0.75,1.0,83.89,911.26,0,0,1,6,Male,Tier-3,0,True
UPI_GIG_02393,delivery,17102.0,9749.05,0.0392,1.7542,0.9278,0.9167,1.0,86.67,889.69,0,0,1,6,Male,Tier-1,0,True
UPI_GIG_02394,ride,21842.19,8495.98,0.0341,2.5709,0.8444,0.4167,0.6667,162.6,1153.67,0,0,1,6,Male,Tier-2,0,True
UPI_GIG_02395,delivery,16073.18,9686.55,0.0602,1.6593,0.8889,0.8333,0.8333,82.01,864.71,0,0,1,6,Male,Tier-1,0,True
UPI_GIG_02396,ride,21126.64,9440.56,0.0958,2.2379,0.8667,0.8333,0.8333,163.35,1151.57,0,0,1,6,Male,Tier-3,0,True
UPI_GIG_02397,ride,18239.65,9150.52,0.3267,1.9933,0.9111,0.9167,0.8333,134.61,1309.85,0,0,1,6,Male,Tier-3,0,True
UPI_GIG_02398,delivery,15913.58,8993.24,0.0601,1.7695,0.8722,0.6667,1.0,87.76,877.77,0,0,1,6,Male,Tier-2,0,True
UPI_GIG_02399,delivery,16364.99,9320.49,0.093,1.7558,0.8944,0.8333,0.6667,91.6,972.51,0,0,1,6,Female,Tier-2,0,True
UPI_GIG_02400,ride,21821.14,8897.83,0.0522,2.4524,0.8556,0.5833,0.6667,174.1,1197.74,0,0,1,6,Female,Tier-1,0,True
UPI_GIG_02401,ride,16960.96,9296.24,0.2321,1.8245,0.8,0.75,0.6667,134.97,1063.91,0,0,1,6,Female,Tier-2,1,True
UPI_GIG_02402,delivery,15021.68,8531.42,0.1094,1.7607,0.8389,0.5,0.6667,84.31,872.31,0,0,1,6,Male,Tier-1,0,True
UPI_GIG_02403,ride,22444.43,9152.28,0.1029,2.4523,0.8556,0.6667,0.1667,173.54,1276.16,0,0,1,6,Male,Tier-2,0,True
UPI_GIG_02404,delivery,12691.29,8848.32,0.2761,1.4343,0.8722,0.5833,0.8333,69.86,854.11,0,0,1,6,Male,Tier-1,0,True
UPI_GIG_02405,ride,23596.8,9579.77,0.0509,2.4632,0.9111,0.8333,1.0,166.17,1259.9,0,0,1,6,Male,Tier-3,0,True
UPI_GIG_02406,ride,21818.9,9055.92,0.0531,2.4094,0.8611,0.75,0.8333,165.29,1206.62,0,0,1,6,Female,Tier-3,0,True
UPI_GIG_02407,ride,20173.03,9080.89,0.1644,2.2215,0.7722,0.75,0.5,173.16,1220.34,0,0,1,6,Female,Tier-3,0,True
UPI_GIG_02408,delivery,12531.08,9309.49,0.2698,1.3461,0.8722,0.9167,0.8333,67.67,835.29,0,0,1,6,Female,Tier-2,0,True
UPI_GIG_02409,delivery,15140.91,8552.31,0.1078,1.7704,0.8222,0.4167,0.6667,82.29,870.96,0,0,1,6,Male,Tier-1,0,True
UPI_GIG_02410,freelance,37039.25,9690.1,0.1245,3.8224,0.8833,0.9167,0.8333,1116.76,2198.92,0,0,2,6,Female,Tier-2,0,True
UPI_GIG_02411,delivery,10491.3,8745.59,0.3119,1.1996,0.7889,0.5833,1.0,64.69,737.67,0,0,1,6,Male,Tier-3,1,True
UPI_GIG_02412,delivery,16078.76,8669.94,0.0579,1.8545,0.8556,0.5833,0.6667,95.42,849.4,0,0,1,6,Male,Tier-1,0,True
UPI_GIG_02413,ride,22696.85,9344.08,0.0818,2.429,0.9111,0.8333,1.0,170.01,1291.12,0,0,1,6,Female,Tier-2,0,True
UPI_GIG_02414,vendor,29421.41,9465.86,0.0577,3.1082,0.8778,0.75,0.8333,108.57,1581.2,0,0,2,6,Male,Tier-2,0,True
UPI_GIG_02415,freelance,35592.69,9626.56,0.0686,3.6973,0.8667,0.8333,0.8333,1100.8,1906.81,0,0,2,6,Male,Tier-3,0,True
UPI_GIG_02416,freelance,33942.51,8280.7,0.0727,4.099,0.8167,0.5,0.6667,1112.87,1892.02,0,0,2,6,Female,Tier-2,0,True
UPI_GIG_02417,delivery,13402.09,8536.31,0.1662,1.57,0.8556,0.5833,0.8333,74.39,799.23,0,0,1,6,Female,Tier-3,0,True
UPI_GIG_02418,ride,21738.3,8627.1,0.0612,2.5198,0.8556,0.5,0.6667,173.91,1184.89,0,0,1,6,Male,Tier-2,0,True
UPI_GIG_02419,delivery,13678.85,9248.63,0.2378,1.479,0.9611,0.75,0.8333,64.17,893.59,0,0,1,6,Female,Tier-2,0,True
UPI_GIG_02420,vendor,21823.4,9105.67,0.1872,2.3967,0.8056,0.75,0.6667,92.08,1347.32,0,0,2,6,Male,Tier-3,1,True
UPI_GIG_02421,ride,20715.07,9073.87,0.2161,2.2829,0.9333,0.8333,1.0,143.03,1295.02,0,0,1,6,Female,Tier-2,0,True
UPI_GIG_02422,delivery,15464.04,8206.3,0.0866,1.8844,0.8444,0.4167,0.6667,88.37,888.95,0,0,1,6,Female,Tier-2,0,True
UPI_GIG_02423,ride,16725.54,9086.53,0.3254,1.8407,0.8722,0.75,1.0,128.82,1143.79,0,0,1,6,Male,Tier-3,0,True
UPI_GIG_02424,delivery,12290.48,8872.6,0.2529,1.3852,0.8556,0.6667,0.3333,67.97,826.47,0,0,1,6,Female,Tier-3,1,True
UPI_GIG_02425,delivery,14680.8,8807.32,0.1124,1.6669,0.8111,0.5833,0.8333,81.33,852.14,0,0,1,6,Male,Tier-1,0,True
UPI_GIG_02426,delivery,13055.7,9057.2,0.236,1.4415,0.8611,0.75,0.3333,69.69,844.88,0,0,1,6,Male,Tier-2,1,True
UPI_GIG_02427,ride,19368.82,9023.13,0.1696,2.1466,0.8667,0.6667,0.8333,137.69,1229.05,0,0,1,6,Female,Tier-3,0,True
UPI_GIG_02428,delivery,16256.74,9353.55,0.0872,1.738,0.8944,1.0,0.5,85.04,951.95,0,0,1,6,Female,Tier-3,0,True
UPI_GIG_02429,delivery,16116.24,9463.5,0.0452,1.703,0.8611,0.8333,1.0,89.12,859.82,0,0,1,6,Male,Tier-1,0,True
UPI_GIG_02430,delivery,17174.34,9481.13,0.0776,1.8114,0.9222,0.8333,1.0,90.63,952.47,0,0,1,6,Male,Tier-1,0,True
UPI_GIG_02431,vendor,31219.82,8883.52,0.0673,3.5144,0.9278,0.5833,1.0,109.16,1688.65,0,0,2,6,Male,Tier-3,0,True
UPI_GIG_02432,vendor,26603.0,9096.07,0.1481,2.9247,0.9111,0.8333,0.6667,99.02,1603.38,0,0,2,6,Female,Tier-2,0,True
UPI_GIG_02433,delivery,16514.26,9475.39,0.0758,1.7429,0.9167,0.8333,1.0,86.84,926.77,0,0,1,6,Female,Tier-3,0,True
UPI_GIG_02434,vendor,28953.47,9013.45,0.0506,3.2123,0.8722,0.8333,0.8333,109.26,1583.84,0,0,2,6,Male,Tier-2,0,True
UPI_GIG_02435,freelance,33244.63,9016.71,0.1024,3.687,0.8222,0.6667,1.0,1102.03,1890.7,0,0,2,6,Male,Tier-2,0,True
UPI_GIG_02436,freelance,37358.95,9395.16,0.1286,3.9764,0.8722,0.8333,0.6667,1161.42,2181.55,0,0,2,6,Male,Tier-2,0,True
UPI_GIG_02437,delivery,17132.04,9795.12,0.0332,1.749,0.9444,1.0,1.0,84.74,904.14,0,0,1,6,Male,Tier-3,0,True
UPI_GIG_02438,vendor,28039.24,9145.12,0.092,3.066,0.8444,0.6667,0.6667,111.05,1585.43,0,0,2,6,Female,Tier-2,0,True
UPI_GIG_02439,ride,21834.93,8492.01,0.0666,2.5712,0.8333,0.4167,0.5,169.48,1201.73,0,0,1,6,Female,Tier-2,0,True
UPI_GIG_02440,delivery,17615.37,8981.49,0.0949,1.9613,0.95,0.8333,1.0,85.93,988.79,0,0,1,6,Male,Tier-3,0,True
UPI_GIG_02441,delivery,14095.74,9483.43,0.2372,1.4864,0.8889,0.75,0.8333,74.84,978.76,0,0,1,6,Female,Tier-2,0,True
UPI_GIG_02442,ride,22522.61,9234.82,0.0407,2.4389,0.8889,0.75,0.8333,176.42,1189.58,0,0,1,6,Female,Tier-2,0,True
UPI_GIG_02443,ride,23075.34,9294.95,0.0845,2.4826,0.8944,0.9167,0.8333,173.28,1283.3,0,0,1,6,Male,Tier-1,0,True
UPI_GIG_02444,ride,16276.33,9190.78,0.4611,1.7709,0.8556,0.75,0.8333,128.5,1223.2,0,0,1,6,Male,Tier-1,0,True
UPI_GIG_02445,ride,17478.63,9124.64,0.2481,1.9155,0.9278,0.6667,0.6667,122.8,1106.69,0,0,1,6,Male,Tier-2,0,True
UPI_GIG_02446,ride,19117.36,9131.44,0.2453,2.0936,0.9389,0.9167,0.8333,128.59,1231.88,0,0,1,6,Male,Tier-1,0,True
UPI_GIG_02447,delivery,15110.51,8532.0,0.0807,1.771,0.8389,0.5833,0.5,84.18,856.83,0,0,1,6,Female,Tier-2,0,True
UPI_GIG_02448,delivery,12317.58,8696.4,0.2584,1.4164,0.8556,0.5833,0.6667,72.03,826.29,0,0,1,6,Female,Tier-1,1,True
UPI_GIG_02449,ride,17103.87,9791.77,0.3189,1.7468,0.8222,0.8333,0.6667,134.5,1199.04,0,0,1,6,Female,Tier-1,1,True
UPI_GIG_02450,freelance,29381.45,8947.91,0.3348,3.2836,0.8444,0.6667,0.8333,918.17,2079.81,0,0,2,6,Female,Tier-1,1,True
UPI_GIG_02451,delivery,14847.55,8877.47,0.1017,1.6725,0.8222,0.5833,0.8333,82.95,866.32,0,0,1,6,Male,Tier-3,0,True
UPI_GIG_02452,vendor,30473.33,9623.2,0.0603,3.1667,0.8944,0.9167,0.6667,110.28,1621.07,0,0,2,6,Female,Tier-2,0,True
UPI_GIG_02453,ride,22268.59,9552.33,0.07,2.3312,0.8611,0.9167,0.5,165.77,1262.52,0,0,1,6,Female,Tier-1,0,True
UPI_GIG_02454,ride,15328.16,9704.66,0.4161,1.5795,0.8444,0.8333,1.0,117.61,1271.5,0,0,1,6,Male,Tier-3,1,True
UPI_GIG_02455,delivery,15423.79,9419.89,0.0771,1.6374,0.85,0.9167,0.6667,81.04,879.48,0,0,1,6,Female,Tier-3,0,True
UPI_GIG_02456,freelance,37131.68,8842.57,0.1278,4.1992,0.8889,0.4167,1.0,1185.05,2106.54,0,0,2,6,Male,Tier-1,0,True
UPI_GIG_02457,delivery,12034.8,9194.3,0.2334,1.3089,0.8778,0.6667,1.0,61.4,766.43,0,0,1,6,Female,Tier-2,0,True
UPI_GIG_02458,delivery,13127.17,8730.83,0.0454,1.5035,0.7389,0.4167,0.8333,80.78,701.51,0,0,1,6,Female,Tier-3,0,True
UPI_GIG_02459,delivery,16415.17,9178.11,0.0839,1.7885,0.8889,0.75,0.8333,84.04,923.71,0,0,1,6,Male,Tier-1,0,True
UPI_GIG_02460,delivery,15836.87,9081.8,0.0779,1.7438,0.8556,0.75,0.8333,85.91,883.48,0,0,1,6,Male,Tier-2,0,True
UPI_GIG_02461,vendor,21958.14,9654.72,0.3804,2.2743,0.8611,0.8333,0.6667,87.02,1624.31,0,0,2,6,Male,Tier-2,0,True
UPI_GIG_02462,ride,21309.36,9201.32,0.0948,2.3159,0.8667,0.6667,1.0,167.13,1209.29,0,2,1,6,Female,Tier-2,0,True
UPI_GIG_02463,delivery,12595.86,9357.11,0.3944,1.3461,0.9222,0.8333,1.0,63.94,919.73,0,0,1,6,Female,Tier-3,0,True
UPI_GIG_02464,vendor,30157.55,9154.5,0.0503,3.2943,0.9222,0.8333,1.0,108.81,1589.04,0,0,2,6,Female,Tier-2,0,True
UPI_GIG_02465,delivery,13486.17,8828.79,0.2536,1.5275,0.8722,0.5833,0.8333,74.72,960.82,0,0,1,6,Male,Tier-1,1,True
UPI_GIG_02466,delivery,12675.52,8766.74,0.2888,1.4459,0.8889,0.5833,0.6667,68.76,859.98,0,0,1,6,Female,Tier-2,1,True
UPI_GIG_02467,ride,15617.17,8955.49,0.3522,1.7439,0.8556,0.75,0.5,119.06,1105.82,0,0,1,6,Male,Tier-1,1,True
UPI_GIG_02468,delivery,15948.06,9658.58,0.103,1.6512,0.8667,0.9167,1.0,88.68,974.98,0,0,1,6,Female,Tier-1,0,True
UPI_GIG_02469,delivery,9889.13,8987.86,0.3717,1.1003,0.8333,0.5833,0.8333,56.4,775.24,0,0,1,6,Female,Tier-3,1,True
UPI_GIG_02470,delivery,15446.11,9232.25,0.0729,1.6731,0.85,0.8333,0.8333,85.65,835.34,0,0,1,6,Female,Tier-3,0,True
UPI_GIG_02471,ride,22274.36,9147.48,0.0454,2.435,0.8556,0.5833,1.0,170.68,1179.18,0,0,1,6,Male,Tier-2,0,True
UPI_GIG_02472,ride,23570.78,9217.87,0.06,2.5571,0.95,0.75,1.0,157.84,1242.97,0,0,1,6,Female,Tier-3,0,True
UPI_GIG_02473,delivery,16001.74,8775.7,0.0488,1.8234,0.8722,0.6667,0.6667,92.76,872.2,0,0,1,6,Male,Tier-2,0,True
UPI_GIG_02474,ride,21963.17,9087.16,0.0688,2.4169,0.8556,0.5833,1.0,171.81,1194.42,0,0,1,6,Male,Tier-2,0,True
UPI_GIG_02475,delivery,15507.34,8853.18,0.0962,1.7516,0.8611,0.75,0.8333,85.28,904.17,0,0,1,6,Male,Tier-3,0,True
UPI_GIG_02476,ride,21971.81,7983.03,0.1009,2.7523,0.8278,0.25,0.3333,176.95,1259.87,0,0,1,6,Female,Tier-2,1,True
UPI_GIG_02477,delivery,17576.21,9304.2,0.0473,1.8891,0.9722,0.9167,1.0,89.98,923.24,0,0,1,6,Male,Tier-2,0,True
UPI_GIG_02478,delivery,13349.8,9173.3,0.2315,1.4553,0.9056,0.9167,0.6667,68.4,853.26,0,0,1,6,Female,Tier-1,0,True
UPI_GIG_02479,delivery,16469.77,9812.4,0.062,1.6785,0.9167,1.0,0.8333,84.97,888.4,0,0,1,6,Male,Tier-3,0,True
UPI_GIG_02480,ride,23005.37,8957.43,0.0886,2.5683,0.8944,0.75,0.8333,160.88,1290.39,0,0,1,6,Male,Tier-1,0,True
UPI_GIG_02481,delivery,16532.61,9590.28,0.0807,1.7239,0.9111,0.8333,1.0,87.71,957.81,0,0,1,6,Female,Tier-3,0,True
UPI_GIG_02482,ride,22060.94,9457.41,0.0504,2.3327,0.8722,1.0,0.8333,160.44,1203.6,0,0,1,6,Female,Tier-1,0,True
UPI_GIG_02483,ride,21704.95,8900.86,0.0601,2.4385,0.8333,0.5,0.5,182.39,1192.71,0,0,1,6,Male,Tier-3,0,True
UPI_GIG_02484,freelance,26242.02,8606.28,0.3379,3.0492,0.8,0.5,0.5,937.21,1829.29,0,0,2,6,Male,Tier-1,1,True
UPI_GIG_02485,ride,20404.58,9488.35,0.0926,2.1505,0.8278,0.75,0.6667,166.12,1121.57,0,0,1,6,Female,Tier-3,0,True
UPI_GIG_02486,ride,21847.38,9125.36,0.0632,2.3941,0.8611,0.5833,0.6667,157.74,1204.56,0,0,1,6,Male,Tier-1,0,True
UPI_GIG_02487,ride,21393.59,8734.45,0.1256,2.4493,0.8444,0.5833,0.6667,158.86,1256.15,0,0,1,6,Female,Tier-1,0,True
UPI_GIG_02488,freelance,39384.4,9154.76,0.0952,4.3021,0.9556,0.8333,0.8333,1074.12,2229.33,0,0,2,6,Female,Tier-2,0,True
UPI_GIG_02489,delivery,11754.14,8681.61,0.3495,1.3539,0.8222,0.6667,0.8333,63.54,819.25,0,0,1,6,Male,Tier-2,1,True
UPI_GIG_02490,freelance,37257.27,9487.46,0.1034,3.927,0.9111,0.9167,0.6667,1074.73,2170.83,0,0,2,6,Female,Tier-2,0,True
UPI_GIG_02491,vendor,28461.34,8714.39,0.0443,3.266,0.8556,0.5,0.6667,107.74,1496.0,0,0,2,6,Female,Tier-2,0,True
UPI_GIG_02492,delivery,12640.36,9601.54,0.4011,1.3165,0.9556,1.0,1.0,61.51,925.21,0,0,1,6,Male,Tier-2,0,True
UPI_GIG_02493,freelance,36635.8,9349.56,0.0894,3.9185,0.9,0.9167,0.8333,1041.78,2174.79,0,0,2,6,Female,Tier-3,0,True
UPI_GIG_02494,ride,22595.31,9123.07,0.0722,2.4767,0.8722,0.8333,0.8333,176.53,1297.62,0,0,1,6,Female,Tier-3,0,True
UPI_GIG_02495,freelance,36846.09,9277.65,0.1077,3.9715,0.8667,0.8333,0.8333,1105.38,2207.17,0,0,2,6,Male,Tier-2,0,True
UPI_GIG_02496,delivery,16269.58,9336.35,0.1368,1.7426,0.8889,0.75,0.8333,87.63,978.2,0,0,1,6,Female,Tier-1,0,True
UPI_GIG_02497,delivery,11454.66,8524.91,0.4158,1.3437,0.8778,0.5,0.6667,59.87,878.84,0,0,1,6,Male,Tier-3,1,True
UPI_GIG_02498,delivery,13712.48,8833.75,0.2046,1.5523,0.8944,0.6667,0.8333,72.04,850.56,0,0,1,6,Male,Tier-2,0,True
UPI_GIG_02499,vendor,22645.85,9357.11,0.3345,2.4202,0.8222,0.8333,1.0,85.51,1564.81,0,0,2,6,Male,Tier-3,0,True
UPI_GIG_02500,delivery,15761.64,9060.5,0.0777,1.7396,0.8889,0.6667,1.0,85.97,855.98,0,0,1,6,Male,Tier-2,0,True
UPI_GIG_02501,delivery,11870.95,8408.8,0.259,1.4117,0.8222,0.4167,0.8333,68.16,817.85,0,0,1,6,Male,Tier-1,1,True
UPI_GIG_02502,delivery,15895.98,9054.36,0.0697,1.7556,0.9056,0.6667,1.0,79.75,895.47,0,0,1,6,Female,Tier-2,0,True
UPI_GIG_02503,ride,22452.32,8892.77,0.091,2.5248,0.8944,0.5833,0.6667,164.49,1314.1,0,0,1,6,Female,Tier-1,0,True
UPI_GIG_02504,delivery,11065.97,9091.02,0.3492,1.2172,0.85,0.75,0.6667,59.82,817.93,0,0,1,6,Female,Tier-2,1,True
UPI_GIG_02505,delivery,11530.54,9119.8,0.2587,1.2643,0.8278,0.6667,1.0,64.0,813.33,0,0,1,6,Female,Tier-2,1,True
UPI_GIG_02506,vendor,21760.08,9927.48,0.317,2.1919,0.8944,0.9167,0.6667,78.18,1630.83,0,0,2,6,Female,Tier-1,0,True
UPI_GIG_02507,delivery,11674.77,9101.61,0.3573,1.2827,0.8944,0.8333,1.0,62.99,812.28,0,0,1,6,Female,Tier-1,0,True
UPI_GIG_02508,vendor,30079.52,9709.73,0.0427,3.0979,0.9111,0.9167,1.0,108.98,1585.59,0,0,2,6,Female,Tier-2,0,True
UPI_GIG_02509,ride,22408.89,9277.07,0.0856,2.4155,0.8556,0.75,0.8333,177.15,1259.52,0,0,1,6,Male,Tier-3,0,True
UPI_GIG_02510,ride,21743.31,9267.56,0.0384,2.3462,0.85,0.75,0.8333,177.26,1167.49,0,0,1,6,Male,Tier-1,0,True
UPI_GIG_02511,vendor,26695.24,8845.87,0.1072,3.0178,0.8,0.4167,0.8333,110.16,1542.1,0,0,2,6,Male,Tier-3,0,True
UPI_GIG_02512,vendor,23499.0,8785.05,0.1926,2.6749,0.8278,0.5833,0.5,94.44,1576.81,0,0,2,6,Male,Tier-1,1,True
UPI_GIG_02513,delivery,14648.4,8691.83,0.0654,1.6853,0.8056,0.4167,0.6667,90.7,813.75,0,0,1,6,Female,Tier-2,0,True
UPI_GIG_02514,vendor,21839.58,9021.4,0.3697,2.4209,0.9333,0.5833,0.6667,75.4,1555.35,0,0,2,6,Female,Tier-1,1,True
UPI_GIG_02515,ride,20337.09,8949.1,0.097,2.2725,0.8389,0.75,0.5,165.79,1169.38,0,0,1,6,Male,Tier-1,0,True
UPI_GIG_02516,vendor,30370.98,9296.95,0.0558,3.2668,0.9278,0.8333,0.8333,108.92,1636.14,0,0,2,6,Female,Tier-2,0,True
UPI_GIG_02517,delivery,16631.78,9610.97,0.0891,1.7305,0.9167,1.0,1.0,89.34,991.59,0,0,1,6,Female,Tier-3,0,True
UPI_GIG_02518,vendor,23994.15,8712.83,0.2351,2.7539,0.85,0.4167,0.5,94.53,1604.46,0,0,2,6,Female,Tier-3,1,True
UPI_GIG_02519,ride,15100.78,8520.94,0.2452,1.7722,0.8111,0.4167,0.5,115.57,1031.31,0,0,1,6,Female,Tier-3,1,True
UPI_GIG_02520,freelance,24125.97,8414.03,0.234,2.8674,0.7333,0.3333,0.6667,910.41,1693.35,0,0,2,6,Male,Tier-1,1,True
UPI_GIG_02521,delivery,12654.32,9776.61,0.358,1.2943,0.8944,1.0,1.0,65.91,895.59,0,1,1,6,Male,Tier-1,0,True
UPI_GIG_02522,ride,16360.98,9178.81,0.3407,1.7825,0.8944,0.8333,1.0,125.37,1167.02,0,0,1,6,Male,Tier-3,0,True
UPI_GIG_02523,ride,19424.92,8820.96,0.1888,2.2021,0.8778,0.6667,1.0,146.42,1182.85,0,0,1,6,Male,Tier-1,0,True
UPI_GIG_02524,delivery,16266.1,8900.85,0.1094,1.8275,0.8778,0.5833,0.6667,88.4,931.4,0,0,1,6,Male,Tier-1,0,True
UPI_GIG_02525,vendor,31571.96,9707.46,0.0393,3.2523,0.9444,1.0,0.8333,110.78,1636.3,0,0,2,6,Female,Tier-2,0,True
UPI_GIG_02526,ride,23988.81,9093.26,0.0859,2.6381,0.9333,0.75,0.6667,175.1,1341.26,0,0,1,6,Female,Tier-2,0,True
UPI_GIG_02527,delivery,15615.5,8827.55,0.042,1.769,0.8778,0.5833,0.8333,84.79,817.01,0,0,1,6,Female,Tier-2,0,True
UPI_GIG_02528,delivery,17100.43,8960.48,0.0465,1.9084,0.9056,0.9167,0.6667,86.29,931.39,0,0,1,6,Male,Tier-2,0,True
UPI_GIG_02529,delivery,16505.75,9090.12,0.0484,1.8158,0.9111,0.75,0.8333,83.86,889.78,0,0,1,6,Female,Tier-2,0,True
UPI_GIG_02530,vendor,30393.82,9869.2,0.0724,3.0797,0.9111,0.9167,1.0,110.66,1628.12,0,0,2,6,Male,Tier-2,0,True
UPI_GIG_02531,ride,23009.91,9402.48,0.0909,2.4472,0.8889,0.9167,0.8333,171.08,1296.67,0,0,1,6,Female,Tier-1,0,True
UPI_GIG_02532,delivery,17206.37,9259.26,0.093,1.8583,0.9444,0.8333,0.8333,86.32,963.31,0,0,1,6,Female,Tier-3,0,True
UPI_GIG_02533,delivery,12833.67,9349.16,0.2615,1.3727,0.8667,0.75,1.0,70.45,877.02,0,0,1,6,Male,Tier-1,0,True
UPI_GIG_02534,delivery,12211.25,9524.42,0.4031,1.2821,0.9389,0.8333,0.8333,61.78,877.98,0,0,1,6,Male,Tier-1,0,True
UPI_GIG_02535,ride,21394.98,8985.94,0.089,2.3809,0.8722,0.6667,0.6667,161.47,1257.94,0,0,1,6,Male,Tier-3,0,True
UPI_GIG_02536,freelance,27796.71,9069.41,0.353,3.0649,0.8944,0.75,0.8333,838.09,1942.21,0,0,2,6,Female,Tier-1,0,True
UPI_GIG_02537,vendor,27076.83,8525.95,0.0342,3.1758,0.8444,0.5,0.8333,108.16,1408.77,0,0,2,6,Female,Tier-2,0,True
UPI_GIG_02538,vendor,27116.13,8763.74,0.0794,3.0941,0.8056,0.6667,0.5,110.83,1531.96,0,0,2,6,Male,Tier-3,0,True
UPI_GIG_02539,delivery,15638.28,9699.23,0.0839,1.6123,0.8833,1.0,0.8333,82.02,846.89,0,0,1,6,Male,Tier-2,0,True
UPI_GIG_02540,freelance,35035.35,8707.64,0.1437,4.0235,0.8556,0.4167,1.0,1112.23,2151.21,0,1,2,6,Female,Tier-2,0,True
UPI_GIG_02541,freelance,37058.81,9695.98,0.1227,3.8221,0.9056,1.0,1.0,1106.23,2351.14,0,0,2,6,Female,Tier-2,0,True
UPI_GIG_02542,freelance,33711.76,8864.7,0.107,3.8029,0.8889,0.6667,1.0,1053.49,1970.13,0,0,2,6,Male,Tier-2,0,True
UPI_GIG_02543,ride,22361.56,9491.6,0.0522,2.3559,0.8778,0.8333,0.8333,167.29,1195.8,0,0,1,6,Female,Tier-2,0,True
UPI_GIG_02544,ride,23075.98,9123.98,0.0471,2.5292,0.9222,0.6667,0.6667,159.88,1224.46,0,0,1,6,Female,Tier-2,0,True
UPI_GIG_02545,vendor,29778.04,8992.6,0.0794,3.3114,0.8944,0.5833,0.6667,105.78,1624.87,0,0,2,6,Female,Tier-2,0,True
UPI_GIG_02546,delivery,11786.97,9552.94,0.3957,1.2339,0.8722,0.75,0.8333,63.6,847.9,0,0,1,6,Male,Tier-3,0,True
UPI_GIG_02547,delivery,12654.79,9673.55,0.3102,1.3082,0.9111,0.9167,1.0,65.4,835.86,0,0,1,6,Female,Tier-2,0,True
UPI_GIG_02548,ride,22315.9,9392.27,0.0793,2.376,0.8833,0.9167,0.6667,180.7,1269.42,0,0,1,6,Female,Tier-2,0,True
UPI_GIG_02549,ride,24262.79,9753.1,0.0496,2.4877,0.9722,1.0,1.0,164.68,1317.82,0,0,1,6,Female,Tier-1,0,True
UPI_GIG_02550,delivery,15322.02,8584.73,0.067,1.7848,0.8278,0.4167,0.5,87.72,807.61,0,0,1,6,Female,Tier-3,0,True
UPI_GIG_02551,delivery,11997.05,9190.76,0.3589,1.3053,0.8889,0.8333,0.8333,64.1,847.74,0,0,1,6,Female,Tier-3,0,True
UPI_GIG_02552,delivery,14821.58,8957.39,0.1232,1.6547,0.8333,0.75,0.6667,83.9,928.28,0,2,1,6,Male,Tier-2,0,True
UPI_GIG_02553,delivery,15697.29,8880.12,0.0657,1.7677,0.9056,0.75,0.3333,86.33,859.33,0,0,1,6,Male,Tier-1,0,True
UPI_GIG_02554,ride,21080.91,8960.83,0.1099,2.3526,0.8111,0.6667,0.6667,163.0,1164.7,0,0,1,6,Male,Tier-2,0,True
UPI_GIG_02555,vendor,30032.67,9719.35,0.0677,3.09,0.9,0.8333,0.8333,111.99,1648.86,0,0,2,6,Male,Tier-2,0,True
UPI_GIG_02556,freelance,26476.21,9218.94,0.2183,2.8719,0.8556,0.6667,0.8333,844.99,1787.59,0,0,2,6,Female,Tier-3,0,True
UPI_GIG_02557,vendor,25579.84,8718.79,0.1687,2.9339,0.8667,0.5833,0.8333,97.2,1574.52,0,0,2,6,Male,Tier-3,0,True
UPI_GIG_02558,ride,21910.84,8984.1,0.0944,2.4388,0.8833,0.6667,0.8333,154.3,1253.49,0,0,1,6,Male,Tier-2,0,True
UPI_GIG_02559,ride,22233.13,9014.27,0.0727,2.4664,0.9056,0.8333,0.5,160.72,1252.59,0,0,1,6,Male,Tier-1,0,True
UPI_GIG_02560,delivery,15021.41,8569.65,0.069,1.7529,0.8222,0.3333,0.6667,89.59,816.4,0,0,1,6,Male,Tier-1,0,True
UPI_GIG_02561,ride,21681.88,9648.72,0.0936,2.2471,0.8556,0.8333,1.0,167.43,1253.68,0,0,1,6,Female,Tier-3,0,True
UPI_GIG_02562,ride,17516.01,9325.63,0.289,1.8783,0.8556,0.8333,0.8333,129.59,1225.26,0,0,1,6,Female,Tier-2,0,True
UPI_GIG_02563,ride,20180.24,8243.14,0.0835,2.4481,0.7944,0.3333,0.6667,161.44,1109.7,0,0,1,6,Male,Tier-2,0,True
UPI_GIG_02564,ride,22988.19,9384.4,0.0898,2.4496,0.8889,0.8333,1.0,169.03,1306.47,0,0,1,6,Female,Tier-3,0,True
UPI_GIG_02565,ride,16579.23,8681.38,0.2505,1.9097,0.8,0.6667,0.6667,137.78,1068.52,0,0,1,6,Female,Tier-3,1,True
UPI_GIG_02566,delivery,15131.92,8968.91,0.0722,1.6872,0.8278,0.6667,0.8333,86.55,839.98,0,2,1,6,Male,Tier-3,0,True
UPI_GIG_02567,freelance,27790.03,9277.63,0.3488,2.9954,0.9056,0.8333,1.0,757.91,1977.21,0,0,2,6,Female,Tier-3,0,True
UPI_GIG_02568,delivery,16573.45,9580.33,0.0707,1.7299,0.9222,1.0,1.0,88.23,901.64,0,0,1,6,Female,Tier-1,0,True
UPI_GIG_02569,delivery,12680.48,9080.64,0.2632,1.3964,0.8889,0.5833,0.8333,64.7,867.42,0,0,1,6,Male,Tier-1,1,True
UPI_GIG_02570,delivery,12400.11,9579.54,0.4242,1.2944,0.9,0.8333,1.0,62.0,960.11,0,0,1,6,Male,Tier-1,0,True
UPI_GIG_02571,freelance,38451.96,9086.31,0.0789,4.2319,0.9056,0.9167,0.8333,1114.55,2073.02,0,0,2,6,Male,Tier-2,0,True
UPI_GIG_02572,delivery,15602.37,9281.11,0.0952,1.6811,0.8778,0.8333,0.8333,83.88,853.21,0,0,1,6,Female,Tier-2,0,True
UPI_GIG_02573,delivery,14107.28,9444.91,0.1483,1.4936,0.8667,0.9167,0.8333,77.37,844.47,0,0,1,6,Female,Tier-2,0,True
UPI_GIG_02574,vendor,30154.6,9366.67,0.0237,3.2194,0.9278,0.9167,0.8333,108.02,1563.79,0,0,2,6,Male,Tier-2,0,True
UPI_GIG_02575,vendor,30833.49,9413.68,0.0495,3.2754,0.9333,1.0,1.0,107.81,1672.96,0,0,2,6,Female,Tier-2,0,True
UPI_GIG_02576,freelance,36777.56,9695.57,0.112,3.7932,0.8333,0.9167,0.6667,1205.82,2155.15,0,0,2,6,Male,Tier-2,0,True
UPI_GIG_02577,ride,23399.8,9564.03,0.0971,2.4466,0.9444,0.8333,0.8333,172.9,1325.78,0,0,1,6,Male,Tier-3,0,True
UPI_GIG_02578,delivery,13512.09,9587.08,0.1997,1.4094,0.8889,0.9167,0.8333,71.68,835.8,0,0,1,6,Male,Tier-1,0,True
UPI_GIG_02579,ride,22727.71,9323.96,0.1007,2.4376,0.9056,0.75,1.0,161.19,1378.06,0,0,1,6,Male,Tier-2,0,True
UPI_GIG_02580,delivery,14501.8,9256.45,0.1539,1.5667,0.9333,0.9167,0.6667,70.8,844.97,0,0,1,6,Male,Tier-3,0,True
UPI_GIG_02581,ride,18227.0,9525.87,0.2319,1.9134,0.8444,0.9167,0.8333,148.39,1132.38,0,0,1,6,Female,Tier-2,0,True
UPI_GIG_02582,ride,21686.47,9220.83,0.0778,2.3519,0.8444,0.9167,0.8333,167.03,1195.81,0,0,1,6,Male,Tier-1,0,True
UPI_GIG_02583,delivery,13223.75,8567.68,0.1199,1.5434,0.8278,0.5833,0.5,74.92,786.96,0,0,1,6,Female,Tier-1,1,True
UPI_GIG_02584,ride,23911.94,9088.62,0.0583,2.631,0.9111,0.8333,1.0,167.22,1283.32,0,0,1,6,Female,Tier-2,0,True
UPI_GIG_02585,delivery,13212.28,9371.34,0.2797,1.4099,0.9222,0.8333,0.8333,72.4,894.64,0,0,1,6,Male,Tier-1,0,True
UPI_GIG_02586,freelance,38203.82,9187.25,0.046,4.1584,0.9056,0.8333,0.8333,1107.36,2010.68,0,0,2,6,Male,Tier-2,0,True
UPI_GIG_02587,vendor,23130.47,9270.59,0.2218,2.495,0.9,0.75,0.6667,84.06,1484.91,0,0,2,6,Male,Tier-2,0,True
UPI_GIG_02588,delivery,15989.87,9200.55,0.0905,1.7379,0.8889,0.8333,0.5,81.37,916.21,0,0,1,6,Male,Tier-3,0,True
UPI_GIG_02589,delivery,12984.73,8962.06,0.1245,1.4489,0.8444,0.75,0.5,71.21,738.78,0,0,1,6,Female,Tier-2,1,True
UPI_GIG_02590,ride,23339.81,9085.28,0.0799,2.569,0.9,0.8333,1.0,167.11,1288.41,0,0,1,6,Female,Tier-1,0,True
UPI_GIG_02591,ride,21283.47,8848.73,0.0606,2.4053,0.8333,0.5,0.8333,170.5,1163.69,0,0,1,6,Male,Tier-2,0,True
UPI_GIG_02592,delivery,15283.38,9402.64,0.0472,1.6254,0.85,0.75,1.0,84.36,812.83,0,0,1,6,Male,Tier-3,0,True
UPI_GIG_02593,vendor,30261.76,9384.41,0.0607,3.2247,0.9167,0.9167,0.6667,113.06,1670.0,0,0,2,6,Male,Tier-1,0,True
UPI_GIG_02594,delivery,14828.33,9323.31,0.111,1.5905,0.8333,0.75,1.0,84.09,835.56,0,0,1,6,Male,Tier-2,0,True
UPI_GIG_02595,ride,24501.06,10126.12,0.0362,2.4196,0.9444,1.0,0.8333,167.24,1273.13,0,0,1,6,Male,Tier-3,0,True
UPI_GIG_02596,ride,21352.6,8463.79,0.1282,2.5228,0.8222,0.3333,0.6667,171.28,1232.31,0,0,1,6,Male,Tier-3,0,True
UPI_GIG_02597,delivery,13761.66,9502.93,0.2295,1.4481,0.9333,0.8333,1.0,73.07,851.49,0,0,1,6,Female,Tier-1,0,True
UPI_GIG_02598,vendor,27855.62,8968.55,0.1334,3.1059,0.8333,0.8333,0.6667,104.33,1589.92,0,0,2,6,Female,Tier-2,0,True
UPI_GIG_02599,delivery,13303.73,8993.93,0.1917,1.4792,0.8611,0.75,0.8333,70.14,803.86,0,0,1,6,Male,Tier-3,0,True
UPI_GIG_02600,delivery,15285.49,9121.01,0.0439,1.6759,0.8278,0.5833,0.5,84.14,821.4,0,2,1,6,Male,Tier-1,0,True
UPI_GIG_02601,ride,23004.47,8899.47,0.0592,2.5849,0.9278,0.6667,1.0,156.14,1247.14,0,0,1,6,Female,Tier-2,0,True
UPI_GIG_02602,ride,21363.3,9313.93,0.1521,2.2937,0.95,0.9167,0.6667,148.36,1281.59,0,0,1,6,Female,Tier-1,0,True
UPI_GIG_02603,ride,18367.34,9173.66,0.0844,2.0022,0.8389,0.9167,0.5,138.62,1041.83,0,0,1,6,Male,Tier-2,0,True
UPI_GIG_02604,delivery,12312.05,8940.77,0.3432,1.3771,0.8556,0.6667,1.0,69.36,874.5,0,0,1,6,Male,Tier-2,1,True
UPI_GIG_02605,vendor,24074.84,8916.9,0.1234,2.6999,0.8722,0.5833,0.8333,89.83,1439.03,0,0,2,6,Male,Tier-3,0,True
UPI_GIG_02606,delivery,15926.66,8907.75,0.0636,1.788,0.8778,0.6667,1.0,83.02,880.75,0,0,1,6,Male,Tier-1,0,True
UPI_GIG_02607,delivery,14897.75,8945.37,0.103,1.6654,0.8111,0.5833,0.6667,87.12,819.94,0,0,1,6,Male,Tier-2,0,True
UPI_GIG_02608,freelance,40521.16,9117.36,0.0938,4.4444,0.9222,0.6667,1.0,1215.63,2350.85,0,0,2,6,Male,Tier-2,0,True
UPI_GIG_02609,ride,23102.26,9159.77,0.0521,2.5221,0.9,0.75,0.8333,175.24,1226.87,0,0,1,6,Female,Tier-1,0,True
UPI_GIG_02610,vendor,26980.34,9120.77,0.1093,2.9581,0.8167,0.6667,0.5,106.01,1628.8,0,0,2,6,Male,Tier-3,0,True
UPI_GIG_02611,delivery,16721.94,9138.85,0.0824,1.8298,0.9056,0.8333,0.8333,89.1,945.21,0,0,1,6,Male,Tier-2,0,True
UPI_GIG_02612,delivery,12836.18,8734.0,0.2912,1.4697,0.8833,0.6667,0.8333,69.7,920.23,0,0,1,6,Male,Tier-2,0,True
UPI_GIG_02613,delivery,15687.47,8622.18,0.0466,1.8194,0.8833,0.5833,0.8333,87.07,848.14,0,0,1,6,Female,Tier-2,0,True
UPI_GIG_02614,delivery,16553.76,9970.48,0.0828,1.6603,0.9222,1.0,1.0,82.08,925.82,0,0,1,6,Female,Tier-1,0,True
UPI_GIG_02615,delivery,10959.5,8625.89,0.3396,1.2705,0.8278,0.5,0.6667,63.17,781.54,1,3,1,6,Female,Tier-2,1,True
UPI_GIG_02616,ride,15656.73,9105.33,0.4225,1.7195,0.8389,0.8333,0.6667,118.76,1162.31,0,0,1,6,Male,Tier-2,1,True
UPI_GIG_02617,freelance,30259.61,8530.21,0.1464,3.5473,0.7944,0.4167,0.6667,1055.57,1843.2,0,0,2,6,Male,Tier-2,1,True
UPI_GIG_02618,delivery,16500.08,9727.44,0.0327,1.6962,0.9167,1.0,1.0,87.0,866.31,0,0,1,6,Female,Tier-3,0,True
UPI_GIG_02619,delivery,16628.35,9057.03,0.0795,1.836,0.9167,0.8333,0.8333,85.27,912.58,0,0,1,6,Male,Tier-2,0,True
UPI_GIG_02620,ride,22210.66,9783.46,0.0714,2.2702,0.8944,1.0,0.8333,163.51,1214.01,0,0,1,6,Female,Tier-1,0,True
UPI_GIG_02621,ride,24122.64,9495.68,0.0334,2.5404,0.9556,0.9167,0.8333,161.72,1276.7,0,0,1,6,Female,Tier-3,0,True
UPI_GIG_02622,delivery,13757.94,8991.64,0.1808,1.5301,0.9056,0.6667,0.6667,69.6,840.16,0,0,1,6,Male,Tier-3,0,True
UPI_GIG_02623,vendor,22071.48,9353.7,0.3937,2.3597,0.9278,0.8333,0.8333,79.35,1602.74,0,0,2,6,Male,Tier-2,0,True
UPI_GIG_02624,delivery,13488.22,8580.84,0.1075,1.5719,0.7611,0.5833,0.6667,81.83,746.5,0,2,1,6,Male,Tier-2,0,True
UPI_GIG_02625,delivery,14877.24,8618.82,0.0681,1.7261,0.85,0.6667,0.6667,83.5,839.94,0,0,1,6,Female,Tier-3,0,True
UPI_GIG_02626,ride,17552.08,9021.53,0.2415,1.9456,0.8389,0.75,0.6667,139.86,1167.3,0,0,1,6,Male,Tier-2,1,True
UPI_GIG_02627,freelance,35900.66,8521.72,0.2098,4.2128,0.8333,0.3333,0.8333,1139.7,2459.95,0,0,2,6,Female,Tier-2,0,True
UPI_GIG_02628,ride,18307.76,8662.59,0.2126,2.1134,0.8611,0.6667,0.3333,135.78,1142.95,0,0,1,6,Female,Tier-3,1,True
UPI_GIG_02629,vendor,26972.74,9263.6,0.1065,2.9117,0.8333,0.8333,0.8333,105.71,1530.83,0,0,2,6,Male,Tier-1,0,True
UPI_GIG_02630,ride,23743.91,9506.88,0.0718,2.4975,0.8944,0.9167,0.6667,164.32,1265.23,0,0,1,6,Male,Tier-2,0,True
UPI_GIG_02631,ride,24338.45,9053.53,0.059,2.6883,0.9389,0.9167,1.0,171.0,1328.18,0,0,1,6,Male,Tier-2,0,True
UPI_GIG_02632,delivery,15405.75,8498.29,0.0794,1.8128,0.8722,0.4167,0.8333,84.72,880.55,0,0,1,6,Male,Tier-2,0,True
UPI_GIG_02633,delivery,11992.37,9190.48,0.2997,1.3049,0.8389,0.8333,0.6667,71.67,825.94,0,0,1,6,Male,Tier-1,0,True
UPI_GIG_02634,ride,17208.81,9538.94,0.408,1.8041,0.9167,0.9167,1.0,121.76,1272.16,0,0,1,6,Female,Tier-2,0,True
UPI_GIG_02635,ride,19993.22,9201.81,0.0351,2.1727,0.8167,0.8333,0.6667,152.62,1063.2,0,0,1,6,Female,Tier-2,0,True
UPI_GIG_02636,freelance,35831.5,8513.5,0.188,4.2088,0.8111,0.5,0.6667,1187.78,2241.94,0,0,2,6,Male,Tier-1,0,True
UPI_GIG_02637,delivery,13414.86,8728.98,0.2075,1.5368,0.8667,0.5833,0.5,72.71,875.47,1,2,1,6,Male,Tier-1,1,True
UPI_GIG_02638,ride,16779.11,9113.02,0.4313,1.8412,0.9278,0.6667,0.6667,121.59,1238.32,0,0,1,6,Male,Tier-1,1,True
UPI_GIG_02639,delivery,17360.15,9629.76,0.0489,1.8028,0.95,0.8333,0.8333,86.58,905.58,0,0,1,6,Male,Tier-3,0,True
UPI_GIG_02640,vendor,29070.9,8947.71,0.0639,3.249,0.8667,0.5,0.8333,113.04,1546.34,0,0,2,6,Female,Tier-2,0,True
UPI_GIG_02641,ride,16417.45,8879.62,0.2538,1.8489,0.7833,0.6667,0.6667,137.96,1157.76,0,0,1,6,Male,Tier-2,1,True
UPI_GIG_02642,ride,23199.92,9636.96,0.071,2.4074,0.8944,1.0,1.0,163.76,1309.18,0,0,1,6,Male,Tier-2,0,True
UPI_GIG_02643,vendor,21020.16,8789.51,0.3391,2.3915,0.8944,0.5833,0.8333,78.38,1453.95,0,0,2,6,Female,Tier-1,1,True
UPI_GIG_02644,vendor,23342.03,8404.67,0.2178,2.7773,0.8389,0.5833,0.6667,92.81,1524.68,0,0,2,6,Female,Tier-3,1,True
UPI_GIG_02645,delivery,15529.84,8788.88,0.0734,1.767,0.8611,0.75,0.6667,84.71,845.28,0,0,1,6,Male,Tier-1,0,True
UPI_GIG_02646,ride,20645.21,9609.07,0.2018,2.1485,0.9056,0.9167,0.8333,142.87,1367.95,0,0,1,6,Male,Tier-3,0,True
UPI_GIG_02647,ride,20609.94,8216.56,0.0915,2.5083,0.8222,0.3333,0.5,165.32,1176.22,0,0,1,6,Female,Tier-3,0,True
UPI_GIG_02648,ride,20927.04,8647.14,0.0729,2.4201,0.8278,0.4167,0.6667,164.56,1151.83,0,0,1,6,Male,Tier-3,0,True
UPI_GIG_02649,delivery,13674.14,9050.66,0.2028,1.5108,0.9,0.8333,0.8333,73.58,874.14,0,0,1,6,Male,Tier-3,0,True
UPI_GIG_02650,delivery,13557.48,8862.36,0.2171,1.5298,0.8778,0.5833,0.8333,76.74,867.24,0,0,1,6,Female,Tier-3,0,True
UPI_GIG_02651,ride,21770.18,9012.49,0.0754,2.4156,0.8556,0.8333,0.5,156.81,1186.42,0,0,1,6,Female,Tier-3,0,True
UPI_GIG_02652,ride,23844.43,9438.49,0.03,2.5263,0.95,0.8333,0.6667,170.93,1249.93,0,0,1,6,Male,Tier-2,0,True
UPI_GIG_02653,delivery,15915.62,9779.82,0.0802,1.6274,0.8833,0.9167,0.8333,84.51,867.55,0,0,1,6,Male,Tier-2,0,True
UPI_GIG_02654,freelance,34766.2,9247.43,0.1327,3.7596,0.8556,0.75,1.0,1086.44,2065.35,0,0,2,6,Female,Tier-2,0,True
UPI_GIG_02655,delivery,13744.07,8996.92,0.1825,1.5276,0.9167,0.8333,0.8333,68.66,834.84,0,0,1,6,Male,Tier-2,0,True
UPI_GIG_02656,ride,22203.42,9223.01,0.0757,2.4074,0.8611,0.6667,0.6667,180.52,1276.02,0,0,1,6,Female,Tier-3,0,True
UPI_GIG_02657,ride,22897.31,9659.19,0.052,2.3705,0.9111,0.8333,0.6667,166.73,1243.98,0,0,1,6,Male,Tier-2,0,True
UPI_GIG_02658,vendor,29601.46,9050.16,0.0661,3.2708,0.8944,0.8333,1.0,108.43,1601.57,0,0,2,6,Female,Tier-2,0,True
UPI_GIG_02659,ride,20482.99,9348.94,0.1197,2.1909,0.8167,0.6667,0.3333,168.35,1180.23,0,0,1,6,Male,Tier-2,0,True
UPI_GIG_02660,delivery,12035.63,9607.5,0.3904,1.2527,0.9167,1.0,1.0,62.41,869.38,0,0,1,6,Male,Tier-2,0,True
UPI_GIG_02661,delivery,16062.62,9607.47,0.0882,1.6719,0.9111,0.9167,0.8333,80.38,925.26,0,0,1,6,Female,Tier-2,0,True
UPI_GIG_02662,vendor,30030.18,9073.37,0.0646,3.3097,0.9333,0.6667,1.0,105.18,1656.37,0,0,2,6,Male,Tier-2,0,True
UPI_GIG_02663,delivery,17046.94,9741.98,0.0551,1.7498,0.9389,1.0,1.0,85.66,903.44,0,0,1,6,Male,Tier-2,0,True
UPI_GIG_02664,delivery,11575.69,9459.55,0.2666,1.2237,0.8611,0.6667,0.8333,62.35,760.4,0,0,1,6,Male,Tier-1,0,True
UPI_GIG_02665,freelance,39918.47,9165.66,0.0802,4.3552,0.9333,0.75,0.8333,1145.98,2322.26,0,0,2,6,Male,Tier-2,0,True
UPI_GIG_02666,ride,16701.69,9290.27,0.237,1.7978,0.8222,0.6667,0.6667,136.53,1140.3,0,0,1,6,Male,Tier-1,1,True
UPI_GIG_02667,vendor,29103.25,9273.52,0.0324,3.1383,0.8833,0.75,0.6667,110.38,1502.7,0,0,2,6,Male,Tier-1,0,True
UPI_GIG_02668,vendor,30044.92,9497.91,0.0879,3.1633,0.9,1.0,1.0,108.53,1724.98,0,0,2,6,Female,Tier-1,0,True
UPI_GIG_02669,vendor,30898.06,9756.92,0.077,3.1668,0.9333,0.9167,1.0,108.48,1706.38,0,0,2,6,Female,Tier-2,0,True
UPI_GIG_02670,vendor,23364.67,8863.28,0.2207,2.6361,0.8556,0.75,0.6667,86.11,1462.21,0,0,2,6,Male,Tier-2,1,True
UPI_GIG_02671,ride,23809.61,9524.15,0.0366,2.4999,0.9167,0.9167,0.8333,172.95,1233.8,0,0,1,6,Female,Tier-2,0,True
UPI_GIG_02672,freelance,38960.43,9467.24,0.0718,4.1153,0.9111,0.8333,0.8333,1145.89,2121.75,0,0,2,6,Male,Tier-3,0,True
UPI_GIG_02673,freelance,35526.54,9091.3,0.0537,3.9078,0.8944,0.8333,1.0,1055.24,1883.66,0,0,2,6,Female,Tier-3,0,True
UPI_GIG_02674,delivery,16714.89,9317.24,0.0804,1.794,0.9111,0.75,1.0,90.19,926.05,0,0,1,6,Female,Tier-1,0,True
UPI_GIG_02675,delivery,14333.81,9430.41,0.1592,1.52,0.8778,0.9167,0.6667,78.18,867.28,0,0,1,6,Female,Tier-3,0,True
UPI_GIG_02676,ride,24672.66,9416.85,0.036,2.6201,0.9278,0.9167,0.6667,171.34,1312.76,0,0,1,6,Male,Tier-2,0,True
UPI_GIG_02677,freelance,32785.21,8811.72,0.0992,3.7206,0.8278,0.5833,0.6667,1057.59,1886.95,0,0,2,6,Female,Tier-1,0,True
UPI_GIG_02678,vendor,26950.8,8791.56,0.1004,3.0655,0.8278,0.75,0.8333,110.53,1525.37,0,0,2,6,Female,Tier-2,0,True
UPI_GIG_02679,ride,23264.71,8707.63,0.0494,2.6718,0.9056,0.6667,1.0,164.22,1226.69,0,0,1,6,Female,Tier-1,0,True
UPI_GIG_02680,delivery,15783.22,8742.45,0.043,1.8054,0.8778,0.5833,0.6667,90.97,833.25,0,0,1,6,Male,Tier-1,0,True
UPI_GIG_02681,delivery,16192.18,9613.0,0.1057,1.6844,0.9056,0.9167,0.8333,83.82,918.26,0,0,1,6,Male,Tier-2,0,True
UPI_GIG_02682,ride,24050.41,9361.88,0.062,2.569,0.95,1.0,0.8333,167.79,1285.21,0,0,1,6,Male,Tier-2,0,True
UPI_GIG_02683,delivery,17227.59,9308.36,0.0566,1.8508,0.9611,0.8333,0.8333,82.63,961.61,0,0,1,6,Female,Tier-3,0,True
UPI_GIG_02684,ride,22559.89,9354.74,0.0712,2.4116,0.9,0.9167,0.6667,164.87,1265.11,0,0,1,6,Female,Tier-2,0,True
UPI_GIG_02685,ride,23846.15,8995.41,0.05,2.6509,0.9167,0.75,0.5,176.64,1286.05,0,0,1,6,Male,Tier-2,0,True
UPI_GIG_02686,ride,18668.3,8705.41,0.378,2.1444,0.9167,0.5833,0.6667,146.23,1364.55,0,0,1,6,Male,Tier-3,0,True
UPI_GIG_02687,ride,19804.81,8685.3,0.1943,2.2803,0.8056,0.5,0.6667,154.32,1300.92,0,0,1,6,Female,Tier-1,0,True
UPI_GIG_02688,ride,21860.95,9483.09,0.0585,2.3053,0.8611,0.8333,0.8333,166.88,1207.81,0,0,1,6,Male,Tier-2,0,True
UPI_GIG_02689,vendor,26707.94,9123.23,0.181,2.9275,0.9,0.8333,1.0,98.43,1588.96,0,0,2,6,Male,Tier-3,0,True
UPI_GIG_02690,ride,20237.86,8807.11,0.1465,2.2979,0.7889,0.5833,0.8333,161.69,1290.93,0,0,1,6,Female,Tier-2,0,True
UPI_GIG_02691,ride,19041.42,9412.06,0.1743,2.0231,0.9278,0.8333,1.0,132.54,1139.42,0,0,1,6,Female,Tier-3,0,True
UPI_GIG_02692,delivery,13927.38,9702.22,0.2579,1.4355,0.9111,1.0,1.0,75.76,887.76,0,0,1,6,Female,Tier-2,0,True
UPI_GIG_02693,ride,21147.19,8486.29,0.0758,2.4919,0.8722,0.4167,0.8333,162.05,1136.14,0,1,1,6,Male,Tier-2,0,True
UPI_GIG_02694,ride,23765.26,8950.99,0.0635,2.655,0.9278,0.6667,0.6667,166.58,1332.14,0,0,1,6,Male,Tier-3,0,True
UPI_GIG_02695,vendor,27176.3,9145.32,0.0795,2.9716,0.8611,0.5833,0.8333,106.57,1494.98,0,0,2,6,Male,Tier-2,0,True
UPI_GIG_02696,delivery,14592.63,8007.58,0.0599,1.8224,0.8278,0.3333,0.3333,81.37,768.59,0,0,1,6,Male,Tier-1,0,True
UPI_GIG_02697,ride,17927.78,9320.19,0.163,1.9235,0.8611,0.75,0.5,134.63,1086.09,0,0,1,6,Female,Tier-2,0,True
UPI_GIG_02698,delivery,14941.37,8836.26,0.1116,1.6909,0.8444,0.75,0.6667,85.79,859.33,0,0,1,6,Female,Tier-1,0,True
UPI_GIG_02699,freelance,30685.77,8811.57,0.2906,3.4824,0.9111,0.5833,1.0,944.18,2118.63,0,0,2,6,Female,Tier-3,0,True
UPI_GIG_02700,freelance,28904.04,9265.17,0.2355,3.1196,0.8444,0.75,0.6667,932.39,1899.06,0,0,2,6,Male,Tier-2,0,True
UPI_GIG_02701,ride,16257.41,8269.28,0.3959,1.966,0.7889,0.3333,0.5,132.53,1232.65,0,0,1,6,Female,Tier-1,1,True
UPI_GIG_02702,ride,18840.88,9050.72,0.2236,2.0817,0.8944,0.6667,1.0,137.86,1214.48,0,0,1,6,Female,Tier-2,0,True
UPI_GIG_02703,ride,21340.31,8744.61,0.1173,2.4404,0.8278,0.6667,0.5,182.4,1221.87,0,0,1,6,Female,Tier-1,0,True
UPI_GIG_02704,ride,16448.18,9719.1,0.3989,1.6924,0.9333,0.9167,0.8333,122.44,1256.61,0,0,1,6,Female,Tier-3,0,True
UPI_GIG_02705,delivery,11727.73,9387.26,0.3477,1.2493,0.8667,0.6667,1.0,62.94,804.57,0,0,1,6,Male,Tier-3,0,True
UPI_GIG_02706,ride,22205.26,8865.89,0.0973,2.5046,0.8611,0.6667,0.8333,171.69,1246.04,0,0,1,6,Male,Tier-3,0,True
UPI_GIG_02707,delivery,10641.0,9467.07,0.3802,1.124,0.8333,0.75,0.5,59.17,796.62,0,0,1,6,Male,Tier-1,1,True
UPI_GIG_02708,ride,23115.73,9027.02,0.0702,2.5607,0.8889,0.5833,0.8333,166.9,1241.67,0,0,1,6,Male,Tier-3,0,True
UPI_GIG_02709,vendor,26621.66,8735.78,0.0796,3.0474,0.8056,0.5833,0.8333,114.67,1451.16,0,0,2,6,Male,Tier-3,0,True
UPI_GIG_02710,delivery,14611.44,9588.88,0.165,1.5238,0.95,0.9167,1.0,70.42,870.57,0,0,1,6,Male,Tier-2,0,True
UPI_GIG_02711,ride,22716.53,8959.55,0.0661,2.5355,0.8944,0.6667,1.0,164.61,1229.03,0,0,1,6,Male,Tier-3,0,True
UPI_GIG_02712,delivery,15965.75,9255.93,0.0999,1.7249,0.9056,0.6667,0.6667,87.64,886.78,0,0,1,6,Male,Tier-2,0,True
UPI_GIG_02713,freelance,36173.05,9210.64,0.1221,3.9273,0.9056,0.8333,0.8333,1028.62,2043.05,0,0,2,6,Female,Tier-1,0,True
UPI_GIG_02714,ride,23605.77,9407.3,0.0756,2.5093,0.9056,0.9167,0.6667,162.24,1322.26,0,0,1,6,Female,Tier-2,0,True
UPI_GIG_02715,vendor,22657.27,8933.32,0.334,2.5363,0.8667,0.75,0.5,93.5,1515.9,0,0,2,6,Male,Tier-1,1,True
UPI_GIG_02716,ride,23030.14,9294.26,0.0989,2.4779,0.8833,0.8333,0.8333,177.84,1360.39,0,0,1,6,Female,Tier-3,0,True
UPI_GIG_02717,delivery,11981.13,9568.11,0.3433,1.2522,0.9,0.75,0.6667,62.02,865.11,0,0,1,6,Male,Tier-2,0,True
UPI_GIG_02718,ride,21085.68,8558.33,0.0745,2.4638,0.8389,0.3333,1.0,168.24,1137.27,0,0,1,6,Female,Tier-3,0,True
UPI_GIG_02719,delivery,15651.0,9132.53,0.0486,1.7138,0.9056,0.75,0.5,81.59,813.19,0,0,1,6,Male,Tier-1,0,True
UPI_GIG_02720,ride,20871.05,9088.06,0.06,2.2965,0.8389,0.6667,0.8333,174.9,1112.98,0,0,1,6,Female,Tier-3,0,True
UPI_GIG_02721,delivery,14965.28,9013.26,0.0905,1.6604,0.8167,0.6667,0.5,83.84,856.03,0,0,1,6,Female,Tier-3,0,True
UPI_GIG_02722,delivery,16234.51,8875.22,0.0818,1.8292,0.9111,0.6667,0.8333,84.85,883.77,0,0,1,6,Female,Tier-3,0,True
UPI_GIG_02723,vendor,26983.12,9007.38,0.1558,2.9957,0.8833,0.75,1.0,100.0,1564.59,0,0,2,6,Male,Tier-1,0,True
UPI_GIG_02724,vendor,29427.86,9446.07,0.063,3.1154,0.8944,0.9167,0.8333,108.79,1606.16,0,0,2,6,Female,Tier-2,0,True
UPI_GIG_02725,vendor,30472.64,9138.05,0.0204,3.3347,0.9389,0.6667,0.8333,105.75,1567.81,0,0,2,6,Male,Tier-1,0,True
UPI_GIG_02726,delivery,15109.61,9780.05,0.0565,1.5449,0.8611,0.9167,0.8333,78.15,798.61,0,0,1,6,Male,Tier-2,0,True
UPI_GIG_02727,delivery,15556.39,8894.49,0.0557,1.749,0.8556,0.5,1.0,89.92,831.33,0,0,1,6,Female,Tier-2,0,True
UPI_GIG_02728,delivery,15654.28,9157.73,0.0542,1.7094,0.8611,0.75,1.0,85.86,854.19,0,0,1,6,Male,Tier-2,0,True
UPI_GIG_02729,delivery,13195.08,9481.25,0.2145,1.3917,0.8778,0.75,0.8333,68.84,822.58,0,0,1,6,Male,Tier-2,0,True
UPI_GIG_02730,ride,18447.05,9820.94,0.3122,1.8783,0.9333,1.0,0.8333,133.19,1297.66,0,0,1,6,Male,Tier-2,0,True
UPI_GIG_02731,delivery,16663.33,9674.55,0.0671,1.7224,0.9444,0.9167,0.8333,84.73,898.17,0,0,1,6,Male,Tier-2,0,True
UPI_GIG_02732,freelance,30073.4,9495.89,0.2983,3.167,0.8833,0.8333,0.8333,925.34,2239.09,0,0,2,6,Male,Tier-2,0,True
UPI_GIG_02733,delivery,15404.42,8805.62,0.0666,1.7494,0.8611,0.5833,0.8333,82.08,838.94,0,0,1,6,Male,Tier-2,0,True
UPI_GIG_02734,delivery,15705.47,9733.75,0.0801,1.6135,0.8778,1.0,0.6667,82.44,898.28,0,0,1,6,Male,Tier-1,0,True
UPI_GIG_02735,delivery,15919.28,9618.99,0.0516,1.655,0.8778,0.8333,0.8333,82.48,861.91,0,0,1,6,Male,Tier-1,0,True
UPI_GIG_02736,ride,22735.98,9370.61,0.1012,2.4263,0.9111,0.75,0.5,170.73,1347.66,0,0,1,6,Female,Tier-3,0,True
UPI_GIG_02737,ride,21212.08,8375.96,0.1103,2.5325,0.8444,0.4167,0.6667,167.91,1226.56,0,0,1,6,Female,Tier-1,0,True
UPI_GIG_02738,delivery,16567.13,9259.57,0.0417,1.7892,0.9,0.75,0.8333,86.81,866.29,0,0,1,6,Female,Tier-3,0,True
UPI_GIG_02739,ride,21214.73,9547.6,0.1289,2.222,0.9278,0.75,0.8333,148.18,1262.09,0,0,1,6,Male,Tier-2,0,True
UPI_GIG_02740,delivery,15627.28,9345.6,0.0787,1.6722,0.8667,0.6667,0.5,85.32,856.84,0,0,1,6,Female,Tier-2,0,True
UPI_GIG_02741,delivery,15430.84,9537.52,0.0695,1.6179,0.8722,0.9167,0.8333,83.64,886.73,0,0,1,6,Female,Tier-1,0,True
UPI_GIG_02742,ride,23125.02,9740.32,0.0578,2.3742,0.9389,1.0,1.0,161.34,1244.59,0,0,1,6,Male,Tier-1,0,True
UPI_GIG_02743,ride,19341.63,8785.78,0.1554,2.2015,0.8944,0.5,0.8333,141.01,1273.45,0,0,1,6,Male,Tier-1,0,True
UPI_GIG_02744,freelance,34076.21,8931.55,0.0717,3.8153,0.8056,0.5833,0.6667,1168.33,1887.06,2,4,2,6,Male,Tier-1,1,True
UPI_GIG_02745,delivery,13496.02,9146.59,0.2058,1.4755,0.8722,0.6667,1.0,69.57,847.91,0,0,1,6,Female,Tier-2,0,True
UPI_GIG_02746,ride,24447.08,9102.58,0.056,2.6857,0.95,0.75,1.0,171.96,1318.7,0,0,1,6,Male,Tier-3,0,True
UPI_GIG_02747,ride,21334.74,8822.35,0.0509,2.4183,0.8444,0.5833,0.8333,167.55,1148.82,0,0,1,6,Male,Tier-3,0,True
UPI_GIG_02748,freelance,40563.57,9329.1,0.0533,4.3481,0.9389,0.9167,0.5,1175.76,2158.69,0,0,2,6,Male,Tier-3,0,True
UPI_GIG_02749,freelance,27610.53,9163.9,0.4096,3.013,0.8278,0.8333,0.5,876.52,2134.64,0,0,2,6,Male,Tier-2,1,True
UPI_GIG_02750,delivery,14069.36,9152.84,0.1171,1.5372,0.8,0.6667,0.8333,85.36,825.19,0,0,1,6,Male,Tier-1,0,True
UPI_GIG_02751,ride,22174.37,9047.21,0.1031,2.451,0.8889,0.8333,0.8333,167.78,1287.8,0,0,1,6,Female,Tier-2,0,True
UPI_GIG_02752,delivery,15490.75,9482.23,0.0492,1.6337,0.8722,0.9167,0.6667,86.14,840.3,0,0,1,6,Female,Tier-1,0,True
UPI_GIG_02753,freelance,33096.37,8768.53,0.1998,3.7745,0.9111,0.5833,0.8333,978.22,2111.4,0,0,2,6,Male,Tier-2,0,True
UPI_GIG_02754,delivery,16264.57,8946.89,0.086,1.8179,0.9278,0.75,0.6667,83.19,915.33,0,0,1,6,Male,Tier-2,0,True
UPI_GIG_02755,delivery,15774.73,8730.51,0.0767,1.8069,0.8611,0.5833,0.6667,86.28,837.76,1,1,1,6,Male,Tier-3,0,True
UPI_GIG_02756,delivery,12065.68,9432.24,0.3301,1.2792,0.8833,0.75,0.6667,62.3,817.96,0,0,1,6,Female,Tier-2,0,True
UPI_GIG_02757,ride,22364.3,8928.04,0.0494,2.505,0.8722,0.75,0.6667,163.24,1192.25,0,0,1,6,Male,Tier-1,0,True
UPI_GIG_02758,vendor,22508.5,9583.2,0.2952,2.3487,0.8833,0.8333,1.0,84.3,1545.06,0,0,2,6,Male,Tier-3,0,True
UPI_GIG_02759,delivery,17037.64,10122.38,0.0832,1.6832,0.9444,1.0,1.0,84.83,989.16,0,0,1,6,Male,Tier-3,0,True
UPI_GIG_02760,ride,22216.68,8866.25,0.0645,2.5058,0.8722,0.6667,0.6667,168.31,1242.63,0,0,1,6,Male,Tier-3,0,True
UPI_GIG_02761,freelance,36790.71,8922.93,0.1033,4.1232,0.9056,0.5,1.0,1098.23,2192.84,0,0,2,6,Male,Tier-1,0,True
UPI_GIG_02762,delivery,16581.99,8973.98,0.0866,1.8478,0.9056,0.6667,0.8333,85.99,925.7,0,0,1,6,Female,Tier-1,0,True
UPI_GIG_02763,delivery,17543.24,9283.16,0.0713,1.8898,0.9444,0.9167,1.0,90.43,989.83,0,0,1,6,Female,Tier-1,0,True
UPI_GIG_02764,delivery,14500.3,9036.64,0.0824,1.6046,0.8278,0.6667,0.8333,75.2,798.94,0,1,1,6,Male,Tier-1,0,True
UPI_GIG_02765,delivery,16791.73,8783.8,0.0548,1.9117,0.9278,0.6667,0.6667,86.7,909.49,0,0,1,6,Female,Tier-3,0,True
UPI_GIG_02766,ride,16644.77,8853.5,0.3061,1.88,0.8389,0.5,0.8333,129.36,1157.32,0,0,1,6,Female,Tier-2,1,True
UPI_GIG_02767,ride,21981.23,8867.43,0.081,2.4789,0.8778,0.6667,0.5,161.03,1178.72,0,0,1,6,Male,Tier-1,0,True
UPI_GIG_02768,ride,21488.54,9421.41,0.0875,2.2808,0.8722,0.8333,0.6667,155.71,1205.02,0,0,1,6,Male,Tier-2,0,True
UPI_GIG_02769,vendor,29336.09,9131.23,0.1012,3.2127,0.8889,0.8333,1.0,102.51,1746.02,0,0,2,6,Male,Tier-2,0,True
UPI_GIG_02770,ride,21792.24,9131.06,0.0701,2.3866,0.8667,0.75,1.0,165.09,1198.86,0,0,1,6,Male,Tier-2,0,True
UPI_GIG_02771,ride,20202.93,8569.94,0.0815,2.3574,0.8111,0.5833,0.5,157.43,1117.93,0,0,1,6,Female,Tier-1,0,True
UPI_GIG_02772,delivery,17303.2,9802.92,0.027,1.7651,0.9333,1.0,0.8333,83.26,895.91,0,0,1,6,Male,Tier-2,0,True
UPI_GIG_02773,delivery,14493.93,9769.92,0.1549,1.4835,0.9556,1.0,1.0,69.57,872.19,0,0,1,6,Female,Tier-1,0,True
UPI_GIG_02774,delivery,15319.87,9372.25,0.0612,1.6346,0.8722,0.8333,0.6667,84.1,822.57,0,0,1,6,Female,Tier-1,0,True
UPI_GIG_02775,vendor,29011.37,8970.95,0.0798,3.2339,0.8722,0.6667,0.8333,103.74,1604.3,0,0,2,6,Male,Tier-1,0,True
UPI_GIG_02776,delivery,12508.15,9498.63,0.413,1.3168,0.9444,1.0,1.0,63.12,918.81,0,0,1,6,Male,Tier-3,0,True
UPI_GIG_02777,ride,22477.9,9143.22,0.0649,2.4584,0.85,0.75,0.8333,168.16,1227.08,0,0,1,6,Male,Tier-2,0,True
UPI_GIG_02778,delivery,11377.13,8951.75,0.3226,1.2709,0.8278,0.6667,0.6667,66.15,820.42,0,0,1,6,Male,Tier-2,1,True
UPI_GIG_02779,ride,19284.56,9703.39,0.3322,1.9874,0.9278,0.8333,0.8333,134.08,1319.14,0,0,1,6,Female,Tier-2,0,True
UPI_GIG_02780,delivery,13239.29,9453.15,0.1646,1.4005,0.8389,0.9167,1.0,72.15,884.27,0,0,1,6,Female,Tier-1,0,True
UPI_GIG_02781,delivery,15803.4,9195.89,0.0548,1.7185,0.8667,0.8333,0.6667,90.48,836.59,0,0,1,6,Male,Tier-3,0,True
UPI_GIG_02782,vendor,28408.12,9334.26,0.0703,3.0434,0.8667,1.0,0.5,110.18,1582.56,0,0,2,6,Female,Tier-1,0,True
UPI_GIG_02783,ride,19780.95,9226.45,0.2626,2.1439,0.9444,0.8333,0.8333,141.97,1356.67,0,0,1,6,Female,Tier-1,0,True
UPI_GIG_02784,ride,17706.67,9299.47,0.3061,1.9041,0.8944,1.0,1.0,132.97,1167.04,0,0,1,6,Female,Tier-1,0,True
UPI_GIG_02785,vendor,25173.52,8832.81,0.159,2.85,0.8778,0.5,1.0,93.7,1603.08,0,0,2,6,Female,Tier-3,0,True
UPI_GIG_02786,vendor,26266.53,9182.01,0.0462,2.8607,0.8278,0.5833,0.8333,98.68,1384.14,0,0,2,6,Male,Tier-2,0,True
UPI_GIG_02787,delivery,14700.68,9652.72,0.0891,1.523,0.8167,0.8333,0.6667,82.36,798.63,0,0,1,6,Female,Tier-2,0,True
UPI_GIG_02788,delivery,14040.91,9267.41,0.2157,1.5151,0.9389,0.9167,1.0,67.99,915.38,0,0,1,6,Male,Tier-1,0,True
UPI_GIG_02789,freelance,27628.12,9301.34,0.436,2.9703,0.9056,0.8333,0.6667,785.63,2130.99,0,0,2,6,Male,Tier-3,0,True
UPI_GIG_02790,ride,18850.88,8956.17,0.1381,2.1048,0.8389,0.5,1.0,146.51,1158.56,0,0,1,6,Male,Tier-1,0,True
UPI_GIG_02791,vendor,26716.55,8631.85,0.0657,3.0951,0.8111,0.5833,0.8333,116.24,1469.5,0,0,2,6,Female,Tier-1,0,True
UPI_GIG_02792,freelance,33826.51,8962.49,0.1454,3.7742,0.85,0.6667,0.6667,1062.61,2112.41,0,0,2,6,Male,Tier-2,0,True
UPI_GIG_02793,ride,18485.18,9272.42,0.2259,1.9936,0.9556,0.8333,1.0,126.9,1196.68,0,0,1,6,Male,Tier-2,0,True
UPI_GIG_02794,freelance,32581.71,8478.47,0.1209,3.8429,0.8722,0.4167,0.8333,992.34,1875.94,0,0,2,6,Female,Tier-1,0,True
UPI_GIG_02795,delivery,16327.46,9326.19,0.0734,1.7507,0.9,0.9167,1.0,85.41,926.73,0,0,1,6,Male,Tier-3,0,True
UPI_GIG_02796,delivery,16046.16,9350.54,0.0612,1.7161,0.8833,0.8333,0.6667,85.05,900.56,0,0,1,6,Male,Tier-2,0,True
UPI_GIG_02797,delivery,12602.61,8815.31,0.2788,1.4296,0.8889,0.5833,1.0,71.2,861.09,0,0,1,6,Male,Tier-2,1,True
UPI_GIG_02798,freelance,27607.02,8970.95,0.4402,3.0774,0.85,0.5833,0.6667,871.8,2243.68,0,0,2,6,Male,Tier-1,1,True
UPI_GIG_02799,vendor,27308.64,9558.32,0.0703,2.8571,0.8278,0.9167,0.8333,106.47,1459.5,0,0,2,6,Male,Tier-1,0,True
UPI_GIG_02800,vendor,22108.42,8866.41,0.3628,2.4935,0.9444,0.5833,0.5,79.29,1562.04,0,0,2,6,Male,Tier-2,1,True
UPI_GIG_02801,delivery,13971.26,9224.32,0.1811,1.5146,0.7667,0.6667,0.6667,82.92,893.05,0,0,1,6,Male,Tier-1,0,True
UPI_GIG_02802,ride,23858.83,9194.03,0.0745,2.595,0.9333,0.75,0.8333,164.92,1369.77,0,0,1,6,Male,Tier-3,0,True
UPI_GIG_02803,delivery,15174.41,8656.08,0.0255,1.753,0.85,0.6667,0.6667,83.84,774.94,0,1,1,6,Male,Tier-2,0,True
UPI_GIG_02804,ride,19408.02,9380.32,0.0885,2.069,0.8444,0.8333,1.0,142.71,1087.23,0,0,1,6,Male,Tier-2,0,True
UPI_GIG_02805,ride,17683.81,9650.48,0.4278,1.8324,0.9444,1.0,0.8333,126.16,1338.99,0,0,1,6,Female,Tier-2,0,True
UPI_GIG_02806,ride,21374.08,9713.56,0.0484,2.2004,0.9111,0.9167,0.8333,153.59,1120.58,0,0,1,6,Male,Tier-2,0,True
UPI_GIG_02807,freelance,35168.47,8779.78,0.1099,4.0056,0.8278,0.5833,0.3333,1153.06,2168.15,0,0,2,6,Male,Tier-2,0,True
UPI_GIG_02808,ride,20202.61,8035.61,0.0608,2.5141,0.7944,0.25,0.3333,166.28,1107.79,0,0,1,6,Female,Tier-2,0,True
UPI_GIG_02809,vendor,25482.75,9016.1,0.1948,2.8264,0.9,0.5833,0.5,91.28,1546.41,0,0,2,6,Male,Tier-1,1,True
UPI_GIG_02810,ride,23354.26,8965.88,0.0971,2.6048,0.9278,0.8333,0.8333,174.72,1325.6,0,0,1,6,Female,Tier-2,0,True
UPI_GIG_02811,delivery,15298.79,9632.37,0.1236,1.5883,0.8833,0.9167,1.0,83.68,890.74,0,0,1,6,Female,Tier-3,0,True
UPI_GIG_02812,delivery,11641.23,8634.24,0.3383,1.3483,0.8667,0.5833,0.8333,59.39,885.29,0,0,1,6,Female,Tier-2,1,True
UPI_GIG_02813,ride,16694.63,8940.76,0.2951,1.8672,0.85,0.6667,0.8333,129.42,1124.97,0,0,1,6,Male,Tier-3,1,True
UPI_GIG_02814,ride,21506.15,8882.49,0.1368,2.4212,0.8833,0.5833,1.0,158.13,1278.97,0,0,1,6,Female,Tier-1,0,True
UPI_GIG_02815,freelance,34109.96,9130.78,0.2985,3.7357,0.9333,0.75,0.8333,956.35,2394.25,0,0,2,6,Male,Tier-3,0,True
UPI_GIG_02816,ride,16370.89,8997.04,0.3829,1.8196,0.8778,0.6667,0.6667,125.77,1152.3,0,0,1,6,Male,Tier-3,1,True
UPI_GIG_02817,delivery,16395.14,10069.02,0.1076,1.6283,0.9111,1.0,1.0,82.32,964.13,0,0,1,6,Female,Tier-3,0,True
UPI_GIG_02818,ride,18961.78,9336.12,0.1412,2.031,0.8611,0.75,1.0,145.49,1092.67,0,0,1,6,Male,Tier-3,0,True
UPI_GIG_02819,ride,20703.38,9106.27,0.0979,2.2735,0.9,0.75,1.0,154.5,1145.22,0,0,1,6,Male,Tier-3,0,True
UPI_GIG_02820,delivery,16228.65,9168.98,0.0802,1.77,0.9,0.75,1.0,82.1,905.25,0,0,1,6,Female,Tier-1,0,True
UPI_GIG_02821,ride,21265.56,8878.13,0.0763,2.3953,0.8111,0.6667,0.6667,168.77,1171.3,0,0,1,6,Male,Tier-3,0,True
UPI_GIG_02822,freelance,37833.97,9539.34,0.0739,3.9661,0.8722,1.0,0.8333,1146.48,2089.33,0,0,2,6,Female,Tier-3,0,True
UPI_GIG_02823,delivery,14334.99,9330.71,0.2,1.5363,0.9389,0.8333,0.8333,71.91,920.61,0,0,1,6,Female,Tier-2,0,True
UPI_GIG_02824,delivery,15803.04,9030.78,0.0711,1.7499,0.8944,0.6667,1.0,85.42,911.4,0,0,1,6,Male,Tier-3,0,True
UPI_GIG_02825,freelance,34005.65,9379.13,0.2627,3.6257,0.9278,0.8333,1.0,995.29,2250.06,0,0,2,6,Male,Tier-1,0,True
UPI_GIG_02826,delivery,15554.65,9958.1,0.0643,1.562,0.8778,0.9167,0.8333,85.54,841.93,0,0,1,6,Female,Tier-2,0,True
UPI_GIG_02827,freelance,36195.42,8565.69,0.1166,4.2256,0.8389,0.5,0.6667,1186.74,2176.03,0,0,2,6,Female,Tier-2,0,True
UPI_GIG_02828,vendor,29623.19,9926.02,0.0345,2.9844,0.9056,0.9167,1.0,108.31,1537.02,0,0,2,6,Male,Tier-1,0,True
UPI_GIG_02829,delivery,11655.26,9248.97,0.3248,1.2602,0.8833,0.8333,0.8333,63.52,850.68,0,0,1,6,Male,Tier-3,0,True
UPI_GIG_02830,delivery,17671.27,9746.71,0.0427,1.813,0.95,0.9167,0.8333,84.02,946.8,0,0,1,6,Male,Tier-3,0,True
UPI_GIG_02831,delivery,16104.62,9123.97,0.0271,1.7651,0.8889,0.75,0.6667,84.02,836.93,0,0,1,6,Male,Tier-1,0,True
UPI_GIG_02832,ride,15590.79,9915.01,0.3263,1.5724,0.8667,1.0,1.0,116.06,1084.49,0,0,1,6,Female,Tier-1,0,True
UPI_GIG_02833,ride,20960.59,9702.65,0.1031,2.1603,0.8722,0.9167,0.8333,161.86,1160.21,0,0,1,6,Female,Tier-3,0,True
UPI_GIG_02834,delivery,15069.86,9450.18,0.0942,1.5947,0.8222,0.9167,0.8333,82.95,837.87,1,3,1,6,Female,Tier-3,0,True
UPI_GIG_02835,delivery,12170.66,9249.48,0.246,1.3158,0.8944,0.8333,0.6667,64.91,778.15,0,0,1,6,Male,Tier-1,0,True
UPI_GIG_02836,vendor,27058.46,8966.55,0.0711,3.0177,0.8333,0.6667,0.8333,109.11,1488.27,0,0,2,6,Female,Tier-2,0,True
UPI_GIG_02837,delivery,13538.83,9029.08,0.1365,1.4995,0.8611,0.6667,0.6667,73.98,800.62,0,0,1,6,Female,Tier-2,1,True
UPI_GIG_02838,delivery,13924.72,9441.84,0.1493,1.4748,0.9056,0.9167,0.6667,74.07,808.2,0,0,1,6,Male,Tier-2,0,True
UPI_GIG_02839,vendor,31949.75,9242.17,0.0926,3.457,0.95,1.0,1.0,106.91,1732.01,0,0,2,6,Male,Tier-3,0,True
UPI_GIG_02840,delivery,16953.93,9691.88,0.0709,1.7493,0.9389,1.0,1.0,84.91,901.67,0,0,1,6,Female,Tier-3,0,True
UPI_GIG_02841,delivery,16589.96,8955.56,0.0668,1.8525,0.9,0.5,0.6667,84.57,922.78,0,0,1,6,Female,Tier-1,0,True
UPI_GIG_02842,freelance,36493.27,8556.74,0.0684,4.2649,0.8333,0.5,0.6667,1203.07,2036.39,0,0,2,6,Female,Tier-1,0,True
UPI_GIG_02843,ride,23897.78,9013.44,0.0309,2.6513,0.9167,0.8333,0.5,163.31,1274.32,0,0,1,6,Female,Tier-3,0,True
UPI_GIG_02844,vendor,22298.87,8770.18,0.2465,2.5426,0.8778,0.5833,0.8333,83.62,1464.58,0,0,2,6,Female,Tier-3,0,True
UPI_GIG_02845,freelance,36395.11,8977.07,0.1115,4.0542,0.85,0.5833,0.8333,1174.04,2011.24,1,1,2,6,Male,Tier-2,0,True
UPI_GIG_02846,delivery,13321.54,9276.44,0.3062,1.4361,0.8833,0.9167,0.6667,70.24,901.21,0,0,1,6,Female,Tier-1,0,True
UPI_GIG_02847,vendor,31633.81,9818.55,0.0474,3.2218,0.9556,0.8333,1.0,108.65,1725.98,0,0,2,6,Male,Tier-1,0,True
UPI_GIG_02848,delivery,15279.32,9082.3,0.1072,1.6823,0.8778,0.75,0.6667,79.24,871.23,0,0,1,6,Male,Tier-3,0,True
UPI_GIG_02849,freelance,35736.0,8724.99,0.1406,4.0958,0.8333,0.3333,0.8333,1152.77,2178.68,0,0,2,6,Female,Tier-3,0,True
UPI_GIG_02850,vendor,24870.54,9279.68,0.1831,2.6801,0.8722,0.6667,0.8333,93.03,1630.96,0,0,2,6,Male,Tier-1,0,True
UPI_GIG_02851,delivery,17161.6,9542.19,0.0639,1.7985,0.9444,0.9167,0.8333,87.71,912.41,0,0,1,6,Female,Tier-2,0,True
UPI_GIG_02852,freelance,33150.48,8914.38,0.1668,3.7188,0.8556,0.6667,1.0,1080.99,2057.81,0,0,2,6,Male,Tier-1,0,True
UPI_GIG_02853,vendor,29313.08,8935.71,0.086,3.2804,0.8944,0.6667,0.6667,109.58,1552.59,0,0,2,6,Female,Tier-3,0,True
UPI_GIG_02854,freelance,33324.71,8891.47,0.0994,3.7479,0.8389,0.75,0.3333,1080.8,1873.62,0,0,2,6,Female,Tier-2,0,True
UPI_GIG_02855,delivery,11641.28,9104.04,0.3693,1.2787,0.85,0.75,0.3333,68.21,866.72,0,0,1,6,Male,Tier-1,1,True
UPI_GIG_02856,vendor,30301.59,9190.23,0.0737,3.2972,0.9222,0.9167,0.8333,107.26,1648.41,0,0,2,6,Female,Tier-1,0,True
UPI_GIG_02857,vendor,25806.12,9080.64,0.0899,2.8419,0.8111,0.75,0.6667,104.34,1480.22,1,2,2,6,Male,Tier-2,0,True
UPI_GIG_02858,delivery,14783.66,8891.13,0.1447,1.6627,0.8444,0.6667,1.0,85.54,874.78,0,0,1,6,Male,Tier-3,0,True
UPI_GIG_02859,vendor,26914.63,8555.12,0.1044,3.146,0.7944,0.3333,1.0,112.77,1595.5,0,0,2,6,Female,Tier-2,0,True
UPI_GIG_02860,delivery,13272.75,9198.17,0.2368,1.443,0.9111,0.6667,0.8333,67.32,885.11,0,0,1,6,Male,Tier-2,0,True
UPI_GIG_02861,vendor,21074.96,9180.79,0.3865,2.2955,0.8611,0.75,0.8333,81.74,1508.79,0,0,2,6,Male,Tier-3,1,True
UPI_GIG_02862,delivery,15012.28,9211.67,0.0676,1.6297,0.8722,0.8333,0.6667,81.07,815.02,0,0,1,6,Male,Tier-3,0,True
UPI_GIG_02863,ride,20916.05,9092.18,0.0451,2.3004,0.85,0.6667,1.0,172.15,1097.95,0,0,1,6,Male,Tier-1,0,True
UPI_GIG_02864,delivery,12082.63,9130.77,0.3525,1.3233,0.8833,0.8333,0.5,63.7,877.53,0,0,1,6,Male,Tier-3,1,True
UPI_GIG_02865,freelance,36654.04,9001.03,0.1085,4.0722,0.8667,0.75,0.6667,1067.59,2058.27,0,0,2,6,Male,Tier-3,0,True
UPI_GIG_02866,vendor,29252.05,8679.68,0.0909,3.3702,0.8833,0.6667,0.8333,107.02,1677.15,0,0,2,6,Female,Tier-2,0,True
UPI_GIG_02867,delivery,15616.44,9554.54,0.0855,1.6345,0.85,0.75,0.6667,88.56,889.0,0,0,1,6,Male,Tier-2,0,True
UPI_GIG_02868,freelance,30772.97,9213.33,0.3574,3.34,0.9056,1.0,0.6667,932.51,2230.86,0,0,2,6,Male,Tier-2,0,True
UPI_GIG_02869,freelance,37339.08,9049.88,0.1195,4.1259,0.9111,0.75,1.0,1098.21,2139.68,0,0,2,6,Female,Tier-1,0,True
UPI_GIG_02870,vendor,26411.6,9369.97,0.1949,2.8188,0.9389,0.9167,0.6667,94.5,1666.67,0,0,2,6,Male,Tier-1,0,True
UPI_GIG_02871,freelance,36707.03,9056.88,0.0994,4.0529,0.8778,0.9167,0.6667,1153.1,2080.11,0,0,2,6,Male,Tier-2,0,True
UPI_GIG_02872,delivery,11606.98,9338.77,0.3971,1.2429,0.9111,0.75,1.0,64.07,835.23,0,0,1,6,Male,Tier-1,0,True
UPI_GIG_02873,delivery,13865.08,9108.8,0.0936,1.5222,0.7944,0.6667,0.5,82.04,809.07,0,0,1,6,Male,Tier-3,0,True
UPI_GIG_02874,freelance,25732.95,8426.9,0.3266,3.0537,0.8222,0.5833,0.3333,843.7,1895.53,0,0,2,6,Male,Tier-1,1,True
UPI_GIG_02875,ride,21709.58,9264.94,0.0762,2.3432,0.8667,0.75,0.8333,168.51,1204.8,0,0,1,6,Female,Tier-2,0,True
UPI_GIG_02876,delivery,13398.2,8973.64,0.1216,1.4931,0.8667,0.75,0.5,78.74,823.99,0,0,1,6,Female,Tier-3,0,True
UPI_GIG_02877,ride,24051.19,9403.55,0.0602,2.5577,0.95,0.9167,1.0,156.01,1338.38,0,0,1,6,Male,Tier-1,0,True
UPI_GIG_02878,vendor,18648.0,8758.51,0.3967,2.1291,0.8111,0.5,0.8333,71.54,1423.64,0,0,2,6,Male,Tier-2,1,True
UPI_GIG_02879,delivery,15039.3,8655.01,0.0598,1.7376,0.8611,0.5833,0.6667,83.09,796.53,0,0,1,6,Female,Tier-1,0,True
UPI_GIG_02880,vendor,23266.79,9563.87,0.1894,2.4328,0.8333,0.8333,1.0,96.34,1472.49,0,0,2,6,Female,Tier-1,0,True
UPI_GIG_02881,ride,17540.55,8531.87,0.308,2.0559,0.8889,0.5,0.8333,124.99,1217.0,0,0,1,6,Male,Tier-2,1,True
UPI_GIG_02882,freelance,34314.86,9620.01,0.2179,3.567,0.9389,0.9167,0.8333,966.62,2190.07,0,0,2,6,Male,Tier-1,0,True
UPI_GIG_02883,delivery,14387.35,8120.39,0.0806,1.7718,0.8167,0.3333,0.5,84.05,832.23,0,0,1,6,Female,Tier-2,0,True
UPI_GIG_02884,ride,18623.55,9310.38,0.203,2.0003,0.8389,0.6667,1.0,140.56,1159.44,0,0,1,6,Male,Tier-1,0,True
UPI_GIG_02885,vendor,29080.29,9142.53,0.0771,3.1808,0.8833,0.6667,0.5,112.64,1614.9,0,0,2,6,Female,Tier-2,0,True
UPI_GIG_02886,delivery,13997.36,8899.84,0.1972,1.5728,0.8778,0.6667,1.0,77.48,900.93,0,0,1,6,Female,Tier-1,0,True
UPI_GIG_02887,ride,19431.0,9729.5,0.1401,1.9971,0.8944,1.0,1.0,152.0,1118.53,0,0,1,6,Male,Tier-3,0,True
UPI_GIG_02888,delivery,16181.44,9001.19,0.0372,1.7977,0.9111,0.75,0.6667,81.45,848.76,0,0,1,6,Female,Tier-2,0,True
UPI_GIG_02889,delivery,14642.14,8788.63,0.0419,1.666,0.8056,0.5,0.3333,84.56,775.88,0,0,1,6,Female,Tier-2,0,True
UPI_GIG_02890,ride,22626.25,8758.55,0.0817,2.5833,0.9056,0.6667,0.6667,178.39,1280.22,0,0,1,6,Male,Tier-3,0,True
UPI_GIG_02891,delivery,15639.89,8906.48,0.1061,1.756,0.8667,0.6667,0.8333,86.41,901.03,0,0,1,6,Female,Tier-1,0,True
UPI_GIG_02892,freelance,34779.06,9916.34,0.1258,3.5072,0.9167,1.0,1.0,1017.92,2120.86,0,0,2,6,Male,Tier-2,0,True
UPI_GIG_02893,delivery,16372.21,9836.4,0.083,1.6645,0.9111,1.0,1.0,85.94,888.64,0,0,1,6,Male,Tier-2,0,True
UPI_GIG_02894,freelance,34995.02,9444.34,0.2124,3.7054,0.9389,0.9167,1.0,999.86,2269.78,0,0,2,6,Female,Tier-1,0,True
UPI_GIG_02895,delivery,15511.69,9398.45,0.0362,1.6505,0.8667,0.8333,1.0,84.84,823.02,0,0,1,6,Male,Tier-1,0,True
UPI_GIG_02896,freelance,33640.43,8909.86,0.1585,3.7756,0.8833,0.75,0.5,1040.43,1956.87,0,0,2,6,Male,Tier-2,0,True
UPI_GIG_02897,ride,23115.58,9588.82,0.0652,2.4107,0.8778,0.9167,0.6667,178.96,1257.4,0,0,1,6,Male,Tier-1,0,True
UPI_GIG_02898,freelance,31354.17,8749.45,0.1755,3.5836,0.8056,0.4167,0.5,1081.18,1918.14,0,0,2,6,Female,Tier-3,1,True
UPI_GIG_02899,freelance,35595.53,9229.83,0.0943,3.8566,0.8056,0.75,0.8333,1213.48,2020.25,0,0,2,6,Male,Tier-3,0,True
UPI_GIG_02900,ride,22274.48,8941.61,0.0733,2.4911,0.8667,0.6667,1.0,175.39,1259.85,0,0,1,6,Male,Tier-3,0,True
UPI_GIG_02901,delivery,11297.62,8954.91,0.3307,1.2616,0.8611,0.6667,0.8333,63.35,780.46,0,0,1,6,Male,Tier-3,1,True
UPI_GIG_02902,delivery,11899.61,9053.88,0.3453,1.3143,0.8889,0.8333,0.8333,62.57,847.11,0,0,1,6,Male,Tier-2,0,True
UPI_GIG_02903,vendor,27432.61,9408.4,0.0493,2.9158,0.8556,0.75,0.8333,107.02,1464.93,0,0,2,6,Male,Tier-2,0,True
UPI_GIG_02904,ride,21911.46,9424.66,0.0507,2.3249,0.8389,0.8333,0.6667,170.52,1158.14,0,0,1,6,Male,Tier-3,0,True
UPI_GIG_02905,delivery,17038.64,9592.13,0.0889,1.7763,0.9222,0.9167,1.0,85.34,981.53,0,0,1,6,Male,Tier-2,0,True
UPI_GIG_02906,delivery,16823.5,9857.83,0.0854,1.7066,0.9222,1.0,1.0,86.87,943.68,0,0,1,6,Male,Tier-1,0,True
UPI_GIG_02907,ride,19366.49,9568.62,0.2761,2.024,0.9556,1.0,0.8333,127.13,1292.7,0,0,1,6,Female,Tier-3,0,True
UPI_GIG_02908,freelance,36612.42,8823.78,0.1491,4.1493,0.8278,0.5833,0.8333,1227.23,2372.47,0,0,2,6,Male,Tier-3,0,True
UPI_GIG_02909,ride,24006.45,9382.98,0.0917,2.5585,0.9333,0.9167,0.8333,164.24,1403.73,0,0,1,6,Male,Tier-3,0,True
UPI_GIG_02910,ride,18688.18,8969.96,0.2744,2.0834,0.9167,0.5833,0.8333,132.85,1264.96,0,0,1,6,Male,Tier-2,0,True
UPI_GIG_02911,delivery,14960.1,8835.09,0.0811,1.6933,0.8444,0.4167,0.8333,85.49,856.19,0,0,1,6,Female,Tier-2,0,True
UPI_GIG_02912,freelance,29737.29,9055.83,0.2028,3.2838,0.8,0.75,0.5,1025.42,1875.17,0,0,2,6,Male,Tier-2,1,True
UPI_GIG_02913,ride,22784.34,9219.26,0.0509,2.4714,0.8556,0.6667,1.0,168.56,1234.34,0,0,1,6,Male,Tier-1,0,True
UPI_GIG_02914,delivery,15225.15,8931.52,0.0368,1.7047,0.8556,0.5,0.8333,84.74,808.03,0,0,1,6,Male,Tier-3,0,True
UPI_GIG_02915,delivery,11993.96,8880.8,0.3348,1.3505,0.8611,0.75,0.1667,68.54,862.71,0,0,1,6,Male,Tier-2,1,True
UPI_GIG_02916,delivery,11372.99,9167.04,0.4191,1.2406,0.8833,0.9167,0.8333,62.15,848.79,0,0,1,6,Male,Tier-3,0,True
UPI_GIG_02917,ride,19748.79,9557.0,0.1727,2.0664,0.8667,0.8333,0.6667,140.9,1257.12,0,0,1,6,Female,Tier-2,0,True
UPI_GIG_02918,vendor,31436.64,8875.83,0.0419,3.5418,0.9389,0.5833,1.0,115.51,1677.78,0,0,2,6,Male,Tier-2,0,True
UPI_GIG_02919,delivery,16411.14,9549.21,0.1002,1.7186,0.8889,0.8333,0.8333,86.22,920.56,0,0,1,6,Male,Tier-2,0,True
UPI_GIG_02920,vendor,25805.41,9211.24,0.1651,2.8015,0.8833,0.75,0.8333,93.89,1553.75,0,0,2,6,Male,Tier-3,0,True
UPI_GIG_02921,ride,20473.08,8756.35,0.0466,2.3381,0.8056,0.4167,0.8333,173.99,1071.71,0,0,1,6,Female,Tier-3,0,True
UPI_GIG_02922,ride,16947.08,9740.38,0.4036,1.7399,0.9167,0.9167,1.0,117.28,1322.06,0,0,1,6,Male,Tier-2,0,True
UPI_GIG_02923,ride,18976.62,8901.17,0.1787,2.1319,0.8833,0.6667,0.6667,141.27,1169.35,0,0,1,6,Male,Tier-1,1,True
UPI_GIG_02924,ride,23065.69,9639.65,0.0619,2.3928,0.8833,0.9167,0.8333,173.86,1282.28,0,0,1,6,Female,Tier-1,0,True
UPI_GIG_02925,delivery,12256.35,8856.8,0.277,1.3838,0.8444,0.5,0.6667,71.81,816.85,0,0,1,6,Male,Tier-1,1,True
UPI_GIG_02926,vendor,27535.04,9273.62,0.0927,2.9692,0.8444,0.75,0.8333,107.35,1586.61,0,0,2,6,Male,Tier-2,0,True
UPI_GIG_02927,delivery,11619.34,8702.65,0.2474,1.3351,0.8167,0.4167,0.5,63.15,753.09,0,0,1,6,Male,Tier-1,1,True
UPI_GIG_02928,delivery,14669.93,9164.61,0.1126,1.6007,0.8222,0.75,0.8333,79.44,818.07,0,2,1,6,Female,Tier-1,0,True
UPI_GIG_02929,ride,19885.03,8958.03,0.1886,2.2198,0.8944,0.5833,0.8333,143.75,1205.3,0,0,1,6,Male,Tier-3,0,True
UPI_GIG_02930,ride,21132.38,8602.09,0.0484,2.4567,0.8389,0.5833,0.1667,169.28,1153.12,0,0,1,6,Male,Tier-2,0,True
UPI_GIG_02931,delivery,16537.46,9586.0,0.0661,1.7252,0.9333,0.8333,0.6667,85.54,895.92,0,0,1,6,Female,Tier-2,0,True
UPI_GIG_02932,freelance,32180.95,9412.62,0.2459,3.4189,0.8944,0.9167,1.0,941.88,2175.04,0,0,2,6,Male,Tier-2,0,True
UPI_GIG_02933,freelance,33923.31,8554.5,0.1328,3.9656,0.8333,0.5,0.6667,1049.17,2047.48,0,0,2,6,Male,Tier-2,0,True
UPI_GIG_02934,ride,23356.49,9580.71,0.0451,2.4379,0.9222,1.0,1.0,163.14,1256.19,0,0,1,6,Female,Tier-2,0,True
UPI_GIG_02935,delivery,10932.52,8615.08,0.335,1.269,0.8611,0.4167,0.8333,62.71,748.71,0,0,1,6,Female,Tier-1,1,True
UPI_GIG_02936,freelance,28265.01,9187.71,0.3793,3.0764,0.9444,0.75,0.8333,811.44,2085.71,0,0,2,6,Male,Tier-2,0,True
UPI_GIG_02937,delivery,16724.89,9039.14,0.0918,1.8503,0.9278,0.6667,0.8333,87.11,952.13,0,0,1,6,Female,Tier-2,0,True
UPI_GIG_02938,vendor,29392.01,9175.01,0.0608,3.2035,0.8944,0.9167,0.8333,107.47,1593.11,0,0,2,6,Male,Tier-1,0,True
UPI_GIG_02939,delivery,14420.52,9156.1,0.1132,1.575,0.8222,0.8333,0.6667,83.44,840.97,0,0,1,6,Female,Tier-2,0,True
UPI_GIG_02940,vendor,23345.51,8663.81,0.2321,2.6946,0.8556,0.5833,0.6667,91.73,1493.86,0,0,2,6,Female,Tier-2,1,True
UPI_GIG_02941,freelance,39599.08,9150.62,0.0694,4.3275,0.8944,0.9167,0.8333,1193.94,2258.71,0,0,2,6,Male,Tier-3,0,True
UPI_GIG_02942,delivery,12067.25,9325.34,0.3111,1.294,0.9222,0.9167,0.6667,62.26,839.03,0,0,1,6,Male,Tier-2,0,True
UPI_GIG_02943,ride,22669.74,9265.9,0.0469,2.4466,0.8944,0.9167,0.5,172.18,1174.98,0,0,1,6,Male,Tier-2,0,True
UPI_GIG_02944,delivery,15380.57,9562.85,0.089,1.6084,0.8611,0.9167,0.8333,88.06,848.52,0,0,1,6,Female,Tier-3,0,True
UPI_GIG_02945,ride,19120.8,8555.85,0.1168,2.2348,0.8556,0.4167,0.6667,146.89,1156.83,0,0,1,6,Male,Tier-1,0,True
UPI_GIG_02946,ride,22125.03,8941.15,0.0471,2.4745,0.8722,0.6667,0.6667,162.68,1175.45,0,0,1,6,Male,Tier-1,0,True
UPI_GIG_02947,delivery,15752.24,9477.0,0.0807,1.6622,0.9,0.9167,1.0,81.83,876.02,0,0,1,6,Male,Tier-1,0,True
UPI_GIG_02948,delivery,16320.16,9254.01,0.0961,1.7636,0.8944,0.75,1.0,84.41,917.59,0,0,1,6,Female,Tier-3,0,True
UPI_GIG_02949,delivery,14186.3,8900.76,0.1573,1.5938,0.9111,0.8333,1.0,76.89,872.98,0,0,1,6,Male,Tier-2,0,True
UPI_GIG_02950,freelance,33416.61,8532.46,0.0795,3.9164,0.7889,0.5,0.8333,1261.0,1858.2,0,0,2,6,Male,Tier-2,0,True
UPI_GIG_02951,freelance,26922.84,9033.08,0.2731,2.9805,0.7722,0.75,0.8333,917.82,1899.69,0,0,2,6,Male,Tier-1,1,True
UPI_GIG_02952,vendor,31334.94,9392.84,0.0676,3.336,0.9389,1.0,1.0,109.37,1720.44,0,0,2,6,Male,Tier-2,0,True
UPI_GIG_02953,ride,20271.0,9079.62,0.1823,2.2326,0.9,0.5,1.0,148.32,1325.39,0,0,1,6,Female,Tier-2,0,True
UPI_GIG_02954,ride,18401.25,9016.48,0.1696,2.0408,0.85,0.6667,1.0,141.55,1153.73,0,0,1,6,Male,Tier-3,0,True
UPI_GIG_02955,ride,13261.3,8601.02,0.3951,1.5418,0.7611,0.5,1.0,110.66,1097.45,0,0,1,6,Male,Tier-2,1,True
UPI_GIG_02956,ride,22344.0,8856.06,0.0926,2.523,0.8722,0.75,0.6667,172.76,1283.63,0,0,1,6,Female,Tier-2,0,True
UPI_GIG_02957,ride,22688.06,8905.02,0.0753,2.5478,0.8889,0.6667,0.8333,170.16,1259.75,0,0,1,6,Male,Tier-2,0,True
UPI_GIG_02958,ride,22480.75,9099.42,0.0479,2.4706,0.8278,0.75,0.6667,174.95,1220.37,0,0,1,6,Male,Tier-1,0,True
UPI_GIG_02959,delivery,16128.64,9224.71,0.0571,1.7484,0.9222,0.8333,1.0,81.39,881.56,0,0,1,6,Male,Tier-1,0,True
UPI_GIG_02960,ride,19571.8,8854.54,0.17,2.2104,0.8444,0.5833,0.8333,145.88,1202.1,0,0,1,6,Female,Tier-2,1,True
UPI_GIG_02961,delivery,16256.63,9745.28,0.0635,1.6682,0.9111,0.8333,1.0,80.95,914.17,0,0,1,6,Female,Tier-1,0,True
UPI_GIG_02962,delivery,15689.93,9222.01,0.0916,1.7014,0.8667,0.6667,0.6667,82.87,890.03,0,0,1,6,Male,Tier-2,0,True
UPI_GIG_02963,delivery,16493.02,9324.86,0.0887,1.7687,0.8944,0.9167,1.0,85.83,932.52,0,0,1,6,Female,Tier-1,0,True
UPI_GIG_02964,ride,23055.13,9441.32,0.0798,2.4419,0.8944,0.8333,0.8333,168.9,1297.51,0,0,1,6,Male,Tier-2,0,True
UPI_GIG_02965,ride,22719.58,9596.78,0.1032,2.3674,0.9,0.9167,0.8333,172.99,1375.66,0,0,1,6,Male,Tier-2,0,True
UPI_GIG_02966,ride,22307.06,9231.75,0.0461,2.4163,0.8722,0.8333,1.0,166.26,1200.0,0,0,1,6,Male,Tier-2,0,True
UPI_GIG_02967,delivery,15672.39,9267.11,0.0742,1.6912,0.8667,0.8333,0.8333,84.26,864.23,0,2,1,6,Female,Tier-2,0,True
UPI_GIG_02968,delivery,15035.11,9165.13,0.0769,1.6405,0.8278,0.6667,0.8333,81.05,831.14,0,0,1,6,Male,Tier-1,0,True
UPI_GIG_02969,delivery,16418.59,9513.46,0.0956,1.7258,0.9,0.9167,0.6667,88.67,933.68,0,0,1,6,Male,Tier-3,0,True
UPI_GIG_02970,delivery,14002.12,9718.62,0.1727,1.4408,0.85,0.9167,0.8333,74.22,855.19,0,0,1,6,Male,Tier-2,0,True
UPI_GIG_02971,freelance,34253.4,9146.89,0.1652,3.7448,0.8444,0.75,0.8333,1093.19,2128.68,0,0,2,6,Male,Tier-1,0,True
UPI_GIG_02972,freelance,33773.21,8786.59,0.1227,3.8437,0.9056,0.5833,1.0,1003.16,2088.96,0,0,2,6,Female,Tier-2,0,True
UPI_GIG_02973,ride,16189.12,8602.92,0.3846,1.8818,0.8722,0.5,1.0,126.64,1191.05,0,0,1,6,Male,Tier-3,1,True
UPI_GIG_02974,delivery,14872.81,8905.89,0.1123,1.67,0.8222,0.5833,0.8333,88.09,857.59,0,0,1,6,Female,Tier-2,0,True
UPI_GIG_02975,ride,16962.43,8677.26,0.1925,1.9548,0.8056,0.6667,0.6667,134.98,1066.58,0,0,1,6,Male,Tier-1,1,True
UPI_GIG_02976,delivery,11626.13,8877.37,0.3835,1.3096,0.8889,0.5833,1.0,62.84,831.02,0,0,1,6,Female,Tier-3,1,True
UPI_GIG_02977,ride,17470.68,8695.98,0.3046,2.0091,0.8889,0.5833,0.8333,133.03,1213.59,0,0,1,6,Male,Tier-1,1,True
UPI_GIG_02978,ride,20749.25,8610.54,0.0791,2.4097,0.8333,0.5,1.0,157.39,1120.6,0,0,1,6,Female,Tier-1,0,True
UPI_GIG_02979,delivery,15700.79,9770.8,0.0819,1.6069,0.8889,1.0,1.0,79.56,867.46,0,0,1,6,Male,Tier-2,0,True
UPI_GIG_02980,delivery,12724.45,8718.7,0.239,1.4594,0.8667,0.5,0.5,66.27,870.33,0,0,1,6,Female,Tier-3,1,True
UPI_GIG_02981,delivery,15613.86,8603.49,0.0776,1.8148,0.8667,0.5833,0.8333,81.89,864.56,0,1,1,6,Male,Tier-2,0,True
UPI_GIG_02982,delivery,16972.37,9469.91,0.0265,1.7922,0.9333,1.0,1.0,86.23,877.67,0,0,1,6,Female,Tier-2,0,True
UPI_GIG_02983,freelance,33353.76,8769.82,0.1509,3.8032,0.8333,0.5833,0.5,1026.27,1964.64,0,0,2,6,Female,Tier-1,0,True
UPI_GIG_02984,freelance,36589.82,9243.91,0.0607,3.9583,0.8278,0.9167,0.6667,1226.47,1937.02,0,0,2,6,Male,Tier-1,0,True
UPI_GIG_02985,vendor,22172.79,9492.67,0.3979,2.3358,0.9389,0.9167,1.0,74.49,1604.94,0,0,2,6,Female,Tier-2,0,True
UPI_GIG_02986,delivery,16196.33,8981.11,0.0812,1.8034,0.8944,0.8333,0.6667,82.7,906.7,0,0,1,6,Male,Tier-3,0,True
UPI_GIG_02987,freelance,40365.06,9507.55,0.108,4.2456,0.9111,0.8333,0.8333,1147.82,2404.37,0,0,2,6,Female,Tier-2,0,True
UPI_GIG_02988,delivery,14144.33,9047.82,0.1813,1.5633,0.9056,0.75,1.0,77.22,841.25,0,0,1,6,Male,Tier-1,0,True
UPI_GIG_02989,ride,21356.88,9049.67,0.0939,2.36,0.85,0.75,0.5,166.85,1193.23,0,0,1,6,Female,Tier-2,0,True
UPI_GIG_02990,ride,20123.03,9170.28,0.169,2.1944,0.9,0.75,0.8333,136.27,1293.19,0,0,1,6,Female,Tier-2,0,True
UPI_GIG_02991,vendor,23885.83,9483.52,0.2447,2.5187,0.9,0.8333,1.0,88.74,1535.08,0,0,2,6,Male,Tier-2,0,True
UPI_GIG_02992,delivery,14572.17,8796.51,0.0825,1.6566,0.8,0.6667,1.0,86.83,837.04,0,0,1,6,Male,Tier-1,0,True
UPI_GIG_02993,ride,23252.82,9400.43,0.0263,2.4736,0.9,0.8333,1.0,164.52,1212.24,0,0,1,6,Female,Tier-3,0,True
UPI_GIG_02994,ride,22740.47,9176.31,0.0701,2.4782,0.8944,0.8333,0.5,172.93,1244.11,0,0,1,6,Male,Tier-3,0,True
UPI_GIG_02995,ride,23200.12,9202.81,0.0893,2.521,0.9056,0.8333,1.0,179.38,1302.4,0,0,1,6,Female,Tier-2,0,True
UPI_GIG_02996,delivery,14141.84,9815.99,0.1988,1.4407,0.9056,0.8333,1.0,77.0,859.88,0,0,1,6,Male,Tier-3,0,True
UPI_GIG_02997,ride,21078.73,9055.3,0.1094,2.3278,0.8333,0.6667,0.8333,154.99,1235.17,0,0,1,6,Male,Tier-2,0,True
UPI_GIG_02998,freelance,31988.71,8928.59,0.1702,3.5827,0.8889,0.6667,0.6667,974.28,2049.98,0,0,2,6,Male,Tier-1,0,True
UPI_GIG_02999,delivery,15199.08,8790.09,0.0274,1.7291,0.85,0.6667,0.3333,85.07,781.84,0,0,1,6,Female,Tier-3,0,True
UPI_GIG_03000,vendor,31589.51,9508.83,0.0614,3.3221,0.95,0.9167,1.0,109.5,1788.26,0,0,2,6,Female,Tier-2,0,True
UPI_GIG_03001,delivery,13438.38,9602.12,0.1802,1.3995,0.8778,1.0,0.8333,69.09,821.74,0,0,1,6,Female,Tier-2,0,True
UPI_GIG_03002,ride,23614.7,9022.28,0.0705,2.6174,0.9056,0.5833,1.0,176.23,1284.2,0,0,1,6,Male,Tier-2,0,True
UPI_GIG_03003,vendor,27802.51,8119.92,0.0778,3.424,0.8389,0.4167,0.8333,108.82,1496.1,0,0,2,6,Female,Tier-1,0,True
UPI_GIG_03004,ride,24544.55,9559.08,0.0762,2.5677,0.95,0.9167,1.0,177.64,1362.37,0,0,1,6,Male,Tier-3,0,True
UPI_GIG_03005,ride,16604.61,9448.78,0.4314,1.7573,0.9278,0.8333,1.0,112.96,1305.53,0,0,1,6,Male,Tier-2,0,True
UPI_GIG_03006,ride,20177.45,9157.39,0.0606,2.2034,0.7889,0.75,0.3333,179.62,1111.21,0,0,1,6,Male,Tier-1,0,True
UPI_GIG_03007,ride,23321.89,8981.04,0.087,2.5968,0.8944,0.75,0.8333,162.15,1301.93,0,0,1,6,Male,Tier-1,0,True
UPI_GIG_03008,delivery,16263.58,8497.61,0.0612,1.9139,0.8778,0.5,0.5,89.52,905.28,0,0,1,6,Male,Tier-1,0,True
UPI_GIG_03009,ride,21133.88,8807.48,0.093,2.3995,0.8444,0.5833,0.5,160.11,1171.4,0,0,1,6,Male,Tier-1,0,True
UPI_GIG_03010,ride,22043.84,9145.22,0.0817,2.4104,0.9056,0.9167,1.0,161.49,1216.39,0,0,1,6,Male,Tier-2,0,True
UPI_GIG_03011,delivery,16570.32,9434.16,0.0527,1.7564,0.9222,0.8333,1.0,82.99,885.99,0,0,1,6,Female,Tier-2,0,True
UPI_GIG_03012,delivery,14578.49,8601.71,0.0988,1.6948,0.8167,0.4167,0.6667,83.23,810.79,0,0,1,6,Male,Tier-2,0,True
UPI_GIG_03013,delivery,14944.93,9654.39,0.0673,1.548,0.8333,0.75,1.0,81.74,814.0,0,0,1,6,Male,Tier-1,0,True
UPI_GIG_03014,ride,17872.55,8864.92,0.2235,2.0161,0.8444,0.5833,0.6667,141.28,1134.63,0,0,1,6,Male,Tier-1,1,True
UPI_GIG_03015,delivery,14794.42,8755.58,0.0932,1.6897,0.8333,0.6667,0.6667,83.66,838.77,0,2,1,6,Male,Tier-1,0,True
UPI_GIG_03016,delivery,16791.54,9051.72,0.0425,1.8551,0.9278,0.75,0.8333,87.53,877.69,0,0,1,6,Female,Tier-2,0,True
UPI_GIG_03017,ride,13930.92,8404.96,0.443,1.6575,0.8056,0.4167,0.5,115.13,1065.82,0,0,1,6,Male,Tier-2,1,True
UPI_GIG_03018,ride,22844.18,9627.32,0.0669,2.3728,0.8833,1.0,0.8333,166.54,1245.51,0,0,1,6,Male,Tier-2,0,True
UPI_GIG_03019,ride,21091.71,8414.16,0.0968,2.5067,0.8389,0.4167,0.5,170.32,1183.86,0,1,1,6,Female,Tier-1,0,True
UPI_GIG_03020,delivery,17626.96,9984.16,0.0595,1.7655,0.9611,1.0,0.8333,84.14,937.28,0,0,1,6,Male,Tier-1,0,True
UPI_GIG_03021,ride,24438.43,9601.03,0.0676,2.5454,0.9278,1.0,0.8333,162.2,1346.34,0,0,1,6,Female,Tier-1,0,True
UPI_GIG_03022,ride,19737.39,9440.48,0.2263,2.0907,0.9333,0.8333,1.0,144.6,1260.64,0,0,1,6,Female,Tier-1,0,True
UPI_GIG_03023,vendor,29026.13,9891.57,0.0539,2.9344,0.8889,1.0,0.5,108.24,1534.22,0,0,2,6,Female,Tier-1,0,True
UPI_GIG_03024,delivery,17066.42,9375.7,0.0683,1.8203,0.9278,0.8333,1.0,89.67,918.72,0,0,1,6,Male,Tier-2,0,True
UPI_GIG_03025,delivery,15853.12,8810.12,0.0681,1.7994,0.8833,0.75,0.6667,87.03,866.92,0,0,1,6,Male,Tier-2,0,True
UPI_GIG_03026,delivery,16323.79,9355.5,0.0704,1.7448,0.9167,0.9167,1.0,82.93,896.14,0,0,1,6,Male,Tier-3,0,True
UPI_GIG_03027,delivery,15502.24,9137.92,0.0438,1.6965,0.8778,0.75,0.6667,85.18,822.83,0,0,1,6,Male,Tier-2,0,True
UPI_GIG_03028,delivery,10843.65,8956.7,0.3457,1.2107,0.8444,0.75,0.5,61.15,781.41,0,0,1,6,Male,Tier-1,1,True
UPI_GIG_03029,vendor,30338.21,9624.68,0.0551,3.1521,0.9167,1.0,1.0,104.92,1644.14,0,0,2,6,Male,Tier-3,0,True
UPI_GIG_03030,freelance,34895.0,8869.19,0.1933,3.9344,0.8667,0.5,0.6667,1125.65,2229.03,0,0,2,6,Male,Tier-2,0,True
UPI_GIG_03031,delivery,14409.65,8845.24,0.0931,1.6291,0.7944,0.5833,0.6667,81.56,788.96,0,0,1,6,Male,Tier-2,0,True
UPI_GIG_03032,vendor,28210.75,8468.35,0.0608,3.3313,0.8444,0.3333,0.6667,113.75,1523.07,0,0,2,6,Male,Tier-2,0,True
UPI_GIG_03033,delivery,15971.61,9487.0,0.0712,1.6835,0.9,0.8333,0.6667,81.84,851.64,0,0,1,6,Female,Tier-1,0,True
UPI_GIG_03034,freelance,37684.94,9789.26,0.0949,3.8496,0.9222,1.0,1.0,1071.61,2159.52,0,0,2,6,Female,Tier-1,0,True
UPI_GIG_03035,delivery,12517.53,9751.58,0.2514,1.2836,0.8889,0.9167,0.8333,64.97,830.77,0,0,1,6,Female,Tier-2,0,True
UPI_GIG_03036,ride,23661.52,9296.11,0.0776,2.5453,0.8944,0.9167,0.8333,171.25,1287.62,0,0,1,6,Female,Tier-2,0,True
UPI_GIG_03037,delivery,15946.59,9485.78,0.0923,1.6811,0.8833,0.8333,0.8333,87.38,874.37,0,0,1,6,Male,Tier-1,0,True
UPI_GIG_03038,freelance,36090.39,9169.31,0.062,3.936,0.8778,0.75,0.8333,1082.71,1989.54,0,0,2,6,Male,Tier-2,0,True
UPI_GIG_03039,delivery,16004.67,9891.61,0.0776,1.618,0.9167,1.0,1.0,80.36,883.48,0,0,1,6,Male,Tier-2,0,True
UPI_GIG_03040,delivery,17089.11,9372.92,0.0584,1.8232,0.9111,0.75,1.0,90.58,914.79,0,1,1,6,Female,Tier-2,0,True
UPI_GIG_03041,ride,21193.74,8957.09,0.0465,2.3661,0.8444,0.75,0.6667,161.37,1113.76,0,0,1,6,Male,Tier-2,0,True
UPI_GIG_03042,freelance,39286.11,9391.55,0.045,4.1831,0.9167,0.8333,1.0,1144.26,2145.92,0,0,2,6,Male,Tier-2,0,True
UPI_GIG_03043,delivery,14796.2,8529.24,0.0596,1.7348,0.85,0.5833,0.6667,81.15,788.92,0,0,1,6,Female,Tier-2,0,True
UPI_GIG_03044,vendor,28878.35,9687.6,0.0774,2.981,0.8889,0.9167,0.8333,104.0,1546.26,0,0,2,6,Female,Tier-1,0,True
UPI_GIG_03045,delivery,16292.64,9029.71,0.0529,1.8043,0.8889,0.75,0.6667,85.45,859.28,0,0,1,6,Male,Tier-2,0,True
UPI_GIG_03046,delivery,14097.86,9314.15,0.094,1.5136,0.7889,0.5833,0.8333,87.66,776.32,0,0,1,6,Male,Tier-3,0,True
UPI_GIG_03047,delivery,16384.12,9283.4,0.0494,1.7649,0.9111,1.0,1.0,83.45,867.68,0,1,1,6,Male,Tier-2,0,True
UPI_GIG_03048,freelance,26495.54,8904.25,0.3086,2.9756,0.8389,0.75,0.8333,832.32,1863.55,0,1,2,6,Female,Tier-2,1,True
UPI_GIG_03049,delivery,13578.79,8703.02,0.12,1.5602,0.8611,0.75,0.5,78.57,776.21,0,0,1,6,Female,Tier-2,0,True
UPI_GIG_03050,delivery,13050.22,9558.46,0.2079,1.3653,0.8889,0.8333,1.0,68.27,826.33,0,0,1,6,Male,Tier-1,0,True
UPI_GIG_03051,ride,22206.48,9281.98,0.0725,2.3924,0.8889,0.8333,1.0,158.24,1228.53,0,0,1,6,Male,Tier-2,0,True
UPI_GIG_03052,delivery,17248.18,9115.54,0.064,1.8922,0.9444,0.9167,0.6667,86.89,914.7,0,0,1,6,Female,Tier-1,0,True
UPI_GIG_03053,delivery,16307.84,8905.88,0.024,1.8311,0.8944,0.5833,0.8333,84.94,842.34,0,0,1,6,Male,Tier-3,0,True
UPI_GIG_03054,delivery,15518.61,8922.87,0.0635,1.7392,0.8778,0.6667,0.8333,83.21,835.6,0,0,1,6,Male,Tier-1,0,True
UPI_GIG_03055,ride,23935.25,9578.52,0.0503,2.4988,0.9444,1.0,1.0,162.27,1273.54,0,0,1,6,Male,Tier-3,0,True
UPI_GIG_03056,ride,17216.05,8505.33,0.2521,2.0241,0.8444,0.5833,0.6667,137.73,1172.39,0,0,1,6,Female,Tier-1,1,True
UPI_GIG_03057,delivery,12629.45,9467.22,0.2867,1.334,0.9278,0.9167,0.8333,65.44,844.15,0,0,1,6,Female,Tier-2,0,True
UPI_GIG_03058,delivery,14453.22,9151.78,0.0945,1.5793,0.8111,0.8333,0.8333,87.86,797.57,0,0,1,6,Female,Tier-2,0,True
UPI_GIG_03059,ride,23501.29,9529.36,0.0675,2.4662,0.9056,0.9167,0.8333,160.97,1293.23,0,0,1,6,Male,Tier-2,0,True
UPI_GIG_03060,ride,20691.49,9180.96,0.233,2.2537,0.9333,0.75,1.0,142.7,1355.01,0,0,1,6,Female,Tier-2,0,True
UPI_GIG_03061,ride,21481.08,9225.11,0.1049,2.3285,0.8556,0.6667,1.0,159.51,1226.68,0,0,1,6,Male,Tier-3,0,True
UPI_GIG_03062,vendor,32138.83,9416.32,0.0482,3.4131,0.9556,0.9167,1.0,114.99,1761.6,0,0,2,6,Female,Tier-2,0,True
UPI_GIG_03063,delivery,16851.73,9758.59,0.0595,1.7269,0.9333,0.9167,1.0,82.81,907.79,0,0,1,6,Male,Tier-3,0,True
UPI_GIG_03064,vendor,27946.01,8785.32,0.1192,3.181,0.8278,0.5,0.8333,112.76,1644.81,0,0,2,6,Female,Tier-1,0,True
UPI_GIG_03065,freelance,37591.53,9043.85,0.1004,4.1566,0.8444,0.6667,0.5,1246.13,2153.88,0,0,2,6,Female,Tier-2,0,True
UPI_GIG_03066,delivery,15748.31,8881.69,0.0875,1.7731,0.85,0.5,0.8333,88.56,885.1,0,0,1,6,Female,Tier-3,0,True
UPI_GIG_03067,vendor,30200.13,9109.35,0.0633,3.3153,0.8944,0.75,0.3333,110.89,1606.96,0,0,2,6,Male,Tier-2,0,True
UPI_GIG_03068,vendor,26594.16,9390.27,0.0875,2.8321,0.8,0.75,0.8333,110.43,1506.97,0,0,2,6,Male,Tier-3,0,True
UPI_GIG_03069,ride,16235.02,9111.53,0.3846,1.7818,0.9222,0.75,1.0,108.84,1231.36,0,0,1,6,Female,Tier-2,0,True
UPI_GIG_03070,delivery,14534.66,8604.24,0.1214,1.6892,0.8222,0.5,1.0,86.95,823.27,0,0,1,6,Male,Tier-1,0,True
UPI_GIG_03071,delivery,13644.91,8412.13,0.2023,1.6221,0.8667,0.4167,0.8333,74.7,905.57,0,0,1,6,Female,Tier-2,1,True
UPI_GIG_03072,delivery,15905.69,9200.93,0.0784,1.7287,0.8944,0.75,0.8333,81.08,906.98,0,0,1,6,Male,Tier-2,0,True
UPI_GIG_03073,ride,20960.98,8564.84,0.0769,2.4473,0.8111,0.5,0.6667,165.7,1180.01,0,0,1,6,Female,Tier-2,0,True
UPI_GIG_03074,ride,21126.57,8764.51,0.0812,2.4105,0.8056,0.5,0.5,171.76,1140.7,0,0,1,6,Female,Tier-3,0,True
UPI_GIG_03075,ride,19864.94,8712.38,0.2417,2.2801,0.9333,0.5,0.8333,136.37,1325.22,0,0,1,6,Male,Tier-2,0,True
UPI_GIG_03076,delivery,13212.64,9295.45,0.228,1.4214,0.8889,0.9167,0.8333,68.88,845.68,0,0,1,6,Male,Tier-2,0,True
UPI_GIG_03077,ride,21783.57,9001.39,0.0767,2.42,0.8722,0.8333,0.6667,170.41,1238.63,0,0,1,6,Female,Tier-1,0,True
UPI_GIG_03078,delivery,14255.81,9014.48,0.1416,1.5814,0.8667,0.75,0.6667,81.0,839.14,0,0,1,6,Male,Tier-1,0,True
UPI_GIG_03079,vendor,30878.91,9634.82,0.0302,3.2049,0.95,0.9167,1.0,106.66,1640.03,0,0,2,6,Female,Tier-1,0,True
UPI_GIG_03080,vendor,30334.4,9924.16,0.0652,3.0566,0.9222,0.9167,1.0,105.51,1606.06,0,0,2,6,Male,Tier-3,0,True
UPI_GIG_03081,delivery,15338.68,9169.92,0.0993,1.6727,0.85,0.75,0.8333,84.9,857.35,0,0,1,6,Female,Tier-2,0,True
UPI_GIG_03082,ride,18973.68,8738.64,0.1092,2.1712,0.8389,0.5,0.6667,147.08,1093.88,0,0,1,6,Female,Tier-3,1,True
UPI_GIG_03083,ride,18553.0,8958.14,0.3297,2.0711,0.8611,0.6667,0.5,145.51,1302.4,0,0,1,6,Male,Tier-2,1,True
UPI_GIG_03084,delivery,15921.79,9458.97,0.0855,1.6832,0.8778,0.9167,1.0,88.54,902.07,0,0,1,6,Female,Tier-2,0,True
UPI_GIG_03085,delivery,16341.14,9346.9,0.0774,1.7483,0.9111,0.75,0.8333,89.95,907.1,0,0,1,6,Male,Tier-2,0,True
UPI_GIG_03086,freelance,33843.85,9229.72,0.2893,3.6668,0.9278,0.9167,0.8333,985.74,2287.99,0,0,2,6,Female,Tier-1,0,True
UPI_GIG_03087,freelance,34664.61,9020.39,0.13,3.8429,0.8278,0.75,0.5,1181.75,2155.3,0,0,2,6,Female,Tier-2,0,True
UPI_GIG_03088,vendor,23919.99,8999.17,0.2525,2.658,0.8556,0.5833,0.8333,96.06,1521.02,0,0,2,6,Female,Tier-1,1,True
UPI_GIG_03089,ride,22859.45,9477.66,0.0834,2.4119,0.8889,0.9167,0.5,171.23,1300.8,0,0,1,6,Male,Tier-3,0,True
UPI_GIG_03090,delivery,15610.32,9188.18,0.0367,1.699,0.8667,0.75,0.6667,83.03,821.89,0,0,1,6,Female,Tier-1,0,True
UPI_GIG_03091,freelance,29362.6,9349.3,0.2663,3.1406,0.8944,0.8333,1.0,855.22,1923.23,0,0,2,6,Male,Tier-2,0,True
UPI_GIG_03092,ride,21661.99,9310.36,0.0751,2.3267,0.8556,0.6667,0.8333,167.71,1233.67,0,0,1,6,Male,Tier-1,0,True
UPI_GIG_03093,ride,23810.12,9479.44,0.0836,2.5118,0.9389,0.9167,1.0,168.07,1292.03,0,0,1,6,Female,Tier-2,0,True
UPI_GIG_03094,ride,18571.57,8944.89,0.2965,2.0762,0.9278,0.5833,1.0,137.23,1251.1,0,0,1,6,Male,Tier-1,0,True
UPI_GIG_03095,delivery,16808.91,9109.4,0.067,1.8452,0.9333,0.9167,0.5,84.4,944.58,0,0,1,6,Female,Tier-2,0,True
UPI_GIG_03096,delivery,16958.51,9573.93,0.0559,1.7713,0.95,0.8333,0.6667,86.6,919.74,0,0,1,6,Male,Tier-1,0,True
UPI_GIG_03097,ride,20987.29,9473.57,0.1679,2.2154,0.9278,0.8333,1.0,139.92,1306.98,0,0,1,6,Female,Tier-2,0,True
UPI_GIG_03098,vendor,25604.96,9179.93,0.149,2.7892,0.8778,0.8333,0.5,96.68,1555.24,0,0,2,6,Female,Tier-2,0,True
UPI_GIG_03099,ride,24343.32,9809.59,0.0469,2.4816,0.95,0.9167,1.0,172.44,1279.94,0,0,1,6,Female,Tier-1,0,True
UPI_GIG_03100,delivery,13129.71,9538.47,0.3153,1.3765,0.8833,0.9167,0.8333,71.62,907.81,0,0,1,6,Male,Tier-2,0,True
UPI_GIG_03101,delivery,14114.35,8315.3,0.1111,1.6974,0.8722,0.4167,0.5,75.41,790.55,0,0,1,6,Female,Tier-1,1,True
UPI_GIG_03102,delivery,14569.08,9249.33,0.1753,1.5752,0.9333,0.9167,1.0,74.65,926.12,0,0,1,6,Male,Tier-2,0,True
UPI_GIG_03103,ride,24407.23,9621.77,0.0544,2.5367,0.9278,0.9167,0.8333,167.17,1332.68,0,0,1,6,Female,Tier-1,0,True
UPI_GIG_03104,ride,19238.97,9336.71,0.1754,2.0606,0.8833,0.8333,0.8333,136.93,1196.03,0,0,1,6,Male,Tier-2,0,True
UPI_GIG_03105,delivery,11780.81,8574.78,0.405,1.3739,0.8722,0.5,0.8333,66.62,873.42,0,0,1,6,Female,Tier-2,1,True
UPI_GIG_03106,delivery,13194.23,9071.98,0.038,1.4544,0.85,0.75,0.6667,75.76,701.54,0,0,1,6,Female,Tier-2,0,True
UPI_GIG_03107,delivery,11588.8,9097.78,0.3403,1.2738,0.8222,0.75,1.0,65.91,847.54,0,0,1,6,Male,Tier-1,1,True
UPI_GIG_03108,delivery,16009.85,9122.85,0.0783,1.7549,0.8778,0.75,0.5,83.31,896.76,0,0,1,6,Female,Tier-2,0,True
UPI_GIG_03109,delivery,15160.06,9074.22,0.0756,1.6707,0.8556,0.75,0.6667,85.49,836.47,0,1,1,6,Female,Tier-2,0,True
UPI_GIG_03110,ride,21559.01,9253.16,0.114,2.3299,0.8444,0.75,1.0,166.91,1243.76,0,0,1,6,Male,Tier-3,0,True
UPI_GIG_03111,ride,21898.84,9026.47,0.0524,2.4261,0.8944,0.75,0.8333,158.3,1204.18,0,0,1,6,Female,Tier-3,0,True
UPI_GIG_03112,freelance,30367.31,8330.87,0.2375,3.6452,0.8778,0.3333,0.5,995.65,2137.9,0,1,2,6,Female,Tier-1,1,True
UPI_GIG_03113,ride,19574.08,9553.68,0.1208,2.0489,0.8556,0.75,0.8333,141.16,1125.71,0,0,1,6,Male,Tier-3,0,True
UPI_GIG_03114,delivery,12106.12,8844.64,0.1733,1.3688,0.8222,0.75,0.3333,72.06,768.78,0,0,1,6,Female,Tier-3,1,True
UPI_GIG_03115,freelance,29092.77,9761.55,0.2872,2.9803,0.9056,1.0,1.0,843.27,1908.12,0,0,2,6,Female,Tier-2,0,True
UPI_GIG_03116,delivery,17229.58,9307.06,0.0977,1.8512,0.9389,0.8333,0.6667,85.29,995.26,0,0,1,6,Male,Tier-2,0,True
UPI_GIG_03117,ride,17193.99,8861.93,0.1799,1.9402,0.7722,0.5,0.8333,150.6,1061.33,0,0,1,6,Male,Tier-1,1,True
UPI_GIG_03118,ride,22542.18,9366.54,0.0609,2.4067,0.8833,0.8333,0.8333,161.21,1236.48,0,0,1,6,Male,Tier-2,0,True
UPI_GIG_03119,ride,19581.98,9476.61,0.1602,2.0663,0.8889,0.8333,0.8333,144.34,1214.42,0,0,1,6,Male,Tier-2,0,True
UPI_GIG_03120,ride,21523.43,9258.84,0.1039,2.3246,0.8833,0.75,0.8333,167.06,1202.72,0,0,1,6,Female,Tier-1,0,True
UPI_GIG_03121,ride,22336.28,9280.24,0.0679,2.4069,0.8722,0.75,1.0,164.24,1216.12,0,0,1,6,Female,Tier-3,0,True
UPI_GIG_03122,ride,23831.27,9405.63,0.0511,2.5337,0.9222,0.8333,0.8333,166.65,1273.25,0,0,1,6,Female,Tier-1,0,True
UPI_GIG_03123,vendor,30039.22,8892.54,0.0581,3.378,0.8944,0.6667,0.8333,108.38,1650.08,0,0,2,6,Male,Tier-1,0,True
UPI_GIG_03124,freelance,35078.13,9269.73,0.0935,3.7842,0.85,0.75,1.0,1052.34,2043.76,0,0,2,6,Male,Tier-2,0,True
UPI_GIG_03125,delivery,15122.54,9321.98,0.0702,1.6222,0.8444,0.6667,0.8333,85.92,814.13,0,0,1,6,Female,Tier-3,0,True
UPI_GIG_03126,ride,24638.02,9451.2,0.0746,2.6069,0.9222,0.9167,0.8333,172.9,1341.88,0,0,1,6,Male,Tier-1,0,True
UPI_GIG_03127,freelance,32035.81,8490.72,0.1538,3.773,0.8722,0.5,0.5,975.71,1909.04,0,0,2,6,Female,Tier-2,1,True
UPI_GIG_03128,delivery,15882.15,8517.88,0.049,1.8646,0.8611,0.4167,0.6667,88.73,849.75,0,0,1,6,Female,Tier-2,0,True
UPI_GIG_03129,delivery,16640.2,9211.33,0.0891,1.8065,0.9111,0.8333,0.5,85.55,915.27,0,0,1,6,Male,Tier-2,0,True
UPI_GIG_03130,delivery,13467.85,9471.6,0.1576,1.4219,0.8944,0.75,1.0,71.01,859.33,1,1,1,6,Female,Tier-2,0,True
UPI_GIG_03131,ride,17080.55,9185.05,0.3669,1.8596,0.9111,0.75,0.8333,122.15,1267.61,0,0,1,6,Female,Tier-1,0,True
UPI_GIG_03132,delivery,15105.64,9392.14,0.1187,1.6083,0.85,0.8333,0.8333,82.32,884.17,0,0,1,6,Female,Tier-1,0,True
UPI_GIG_03133,delivery,12989.91,8581.13,0.1492,1.5138,0.8333,0.5,0.8333,74.73,812.94,0,0,1,6,Male,Tier-2,1,True
UPI_GIG_03134,delivery,16741.81,9354.08,0.035,1.7898,0.9111,0.9167,0.8333,86.82,885.15,0,0,1,6,Female,Tier-2,0,True
UPI_GIG_03135,freelance,36122.37,8668.81,0.1407,4.1669,0.8389,0.5,1.0,1165.24,2085.82,0,0,2,6,Male,Tier-1,0,True
UPI_GIG_03136,ride,21522.12,9657.17,0.1274,2.2286,0.9389,0.9167,1.0,141.44,1266.4,0,0,1,6,Male,Tier-2,0,True
UPI_GIG_03137,freelance,38824.15,9834.04,0.0796,3.9479,0.9278,1.0,1.0,1073.48,2153.82,0,0,2,6,Male,Tier-2,0,True
UPI_GIG_03138,ride,17281.68,9566.85,0.2278,1.8064,0.8611,0.9167,1.0,127.54,1173.38,0,0,1,6,Male,Tier-2,0,True
UPI_GIG_03139,delivery,11557.59,7817.11,0.2886,1.4785,0.8167,0.1667,0.6667,70.4,786.35,0,0,1,6,Male,Tier-1,1,True
UPI_GIG_03140,ride,19397.27,9542.69,0.2524,2.0327,0.9056,0.8333,0.8333,135.96,1335.43,0,0,1,6,Female,Tier-1,0,True
UPI_GIG_03141,ride,18442.86,8813.58,0.1928,2.0926,0.8444,0.5,0.6667,145.22,1225.27,0,0,1,6,Male,Tier-1,1,True
UPI_GIG_03142,delivery,14843.77,9172.4,0.0844,1.6183,0.8333,0.75,1.0,84.58,860.43,0,0,1,6,Female,Tier-2,0,True
UPI_GIG_03143,freelance,33219.09,9686.73,0.152,3.4293,0.8778,0.9167,1.0,1016.91,2108.42,0,0,2,6,Male,Tier-2,0,True
UPI_GIG_03144,delivery,11455.27,8747.46,0.2366,1.3096,0.7944,0.5,0.6667,64.48,738.1,0,0,1,6,Male,Tier-2,1,True
UPI_GIG_03145,ride,20075.01,9358.32,0.1058,2.1452,0.8833,0.8333,1.0,148.89,1202.83,0,0,1,6,Female,Tier-3,0,True
UPI_GIG_03146,delivery,11104.39,9008.92,0.4418,1.2326,0.8222,0.6667,0.8333,65.97,887.83,0,0,1,6,Male,Tier-2,1,True
UPI_GIG_03147,ride,21353.45,8724.21,0.0439,2.4476,0.8556,0.5,0.6667,160.96,1140.35,0,0,1,6,Male,Tier-2,0,True
UPI_GIG_03148,vendor,26855.83,9182.63,0.039,2.9246,0.8222,0.75,0.8333,111.59,1428.68,0,0,2,6,Male,Tier-2,0,True
UPI_GIG_03149,delivery,16142.25,9251.22,0.1049,1.7449,0.8833,0.8333,0.6667,81.87,915.21,0,0,1,6,Male,Tier-1,0,True
UPI_GIG_03150,freelance,37724.12,9752.43,0.1326,3.8682,0.9167,1.0,0.8333,1093.45,2287.99,0,0,2,6,Male,Tier-1,0,True
UPI_GIG_03151,ride,24131.62,9382.4,0.062,2.572,0.9111,0.9167,1.0,168.56,1318.0,0,0,1,6,Male,Tier-1,0,True
UPI_GIG_03152,ride,18043.05,9456.97,0.4413,1.9079,0.9278,0.8333,1.0,132.67,1376.77,0,0,1,6,Male,Tier-1,0,True
UPI_GIG_03153,ride,20881.37,9193.85,0.1649,2.2712,0.8889,0.75,0.6667,159.4,1315.75,0,0,1,6,Female,Tier-3,0,True
UPI_GIG_03154,delivery,13568.97,9096.43,0.1641,1.4917,0.8389,0.5,1.0,81.82,806.68,0,0,1,6,Male,Tier-2,1,True
UPI_GIG_03155,delivery,15625.75,9334.04,0.131,1.6741,0.8667,0.75,0.8333,87.05,951.35,0,0,1,6,Male,Tier-2,0,True
UPI_GIG_03156,ride,21402.88,8355.61,0.1047,2.5615,0.8389,0.3333,0.8333,165.49,1255.99,0,0,1,6,Male,Tier-1,0,True
UPI_GIG_03157,freelance,33392.35,8567.4,0.0708,3.8976,0.8278,0.5,0.6667,1083.0,1843.71,0,0,2,6,Female,Tier-2,0,True
UPI_GIG_03158,delivery,15045.29,8953.68,0.0693,1.6803,0.8278,0.5833,0.8333,85.57,830.99,0,0,1,6,Male,Tier-3,0,True
UPI_GIG_03159,ride,20661.79,9559.36,0.0759,2.1614,0.8278,0.9167,0.5,162.05,1153.68,0,0,1,6,Female,Tier-2,0,True
UPI_GIG_03160,vendor,30634.18,9503.55,0.0816,3.2234,0.8889,0.9167,1.0,112.9,1710.22,0,0,2,6,Male,Tier-3,0,True
UPI_GIG_03161,delivery,15147.43,8339.17,0.0516,1.8164,0.8333,0.3333,0.6667,82.55,815.88,0,0,1,6,Male,Tier-2,0,True
UPI_GIG_03162,delivery,15444.38,8367.0,0.1234,1.8459,0.8556,0.5,0.8333,85.49,919.07,0,0,1,6,Male,Tier-2,0,True
UPI_GIG_03163,vendor,28393.34,8795.46,0.0594,3.2282,0.8556,0.6667,0.8333,105.81,1570.79,0,0,2,6,Female,Tier-1,0,True
UPI_GIG_03164,delivery,13125.42,8951.88,0.2377,1.4662,0.8556,0.5833,1.0,71.08,928.96,0,0,1,6,Male,Tier-2,0,True
UPI_GIG_03165,delivery,16503.17,9408.13,0.053,1.7541,0.9222,1.0,0.8333,83.77,890.09,0,0,1,6,Male,Tier-1,0,True
UPI_GIG_03166,ride,17831.67,8761.72,0.1665,2.0352,0.8222,0.6667,0.6667,149.01,1119.03,0,0,1,6,Female,Tier-2,1,True
UPI_GIG_03167,freelance,33454.35,9020.7,0.1854,3.7086,0.8111,0.5833,0.8333,1115.14,2096.9,0,0,2,6,Female,Tier-2,0,True
UPI_GIG_03168,vendor,21409.55,8722.82,0.2483,2.4544,0.8,0.5833,0.8333,85.52,1352.78,0,0,2,6,Female,Tier-3,1,True
UPI_GIG_03169,delivery,16338.97,9492.81,0.0847,1.7212,0.8889,0.9167,1.0,82.59,877.71,0,0,1,6,Female,Tier-2,0,True
UPI_GIG_03170,vendor,27031.75,9054.47,0.1271,2.9855,0.8389,0.75,1.0,102.98,1563.09,0,0,2,6,Male,Tier-2,0,True
UPI_GIG_03171,freelance,36467.54,9001.64,0.1237,4.0512,0.9056,0.8333,1.0,1046.91,2098.24,0,0,2,6,Female,Tier-1,0,True
UPI_GIG_03172,delivery,15963.87,9340.92,0.055,1.709,0.8667,0.75,1.0,90.19,854.84,0,0,1,6,Female,Tier-2,0,True
UPI_GIG_03173,vendor,25813.47,9632.41,0.1825,2.6799,0.8889,0.9167,1.0,94.04,1567.37,0,0,2,6,Female,Tier-2,0,True
UPI_GIG_03174,ride,23590.1,9057.23,0.0738,2.6046,0.9167,0.75,0.8333,171.98,1310.78,0,0,1,6,Male,Tier-1,0,True
UPI_GIG_03175,delivery,14263.14,9383.26,0.0571,1.5201,0.8333,0.8333,0.6667,80.28,772.41,0,0,1,6,Female,Tier-2,0,True
UPI_GIG_03176,freelance,39547.87,9930.47,0.0794,3.9825,0.9333,1.0,0.6667,1140.8,2158.62,0,0,2,6,Male,Tier-2,0,True
UPI_GIG_03177,delivery,12373.91,9255.25,0.2412,1.337,0.9111,0.6667,1.0,64.62,805.67,0,0,1,6,Female,Tier-2,0,True
UPI_GIG_03178,vendor,23743.29,9236.4,0.1788,2.5706,0.8333,0.75,0.6667,93.79,1498.95,0,0,2,6,Male,Tier-3,1,True
UPI_GIG_03179,freelance,36592.55,9247.52,0.106,3.957,0.8833,0.9167,0.8333,1071.0,2076.83,0,0,2,6,Male,Tier-3,0,True
UPI_GIG_03180,ride,23399.68,8606.82,0.0924,2.7187,0.9167,0.5833,0.5,172.48,1297.45,0,0,1,6,Male,Tier-2,0,True
UPI_GIG_03181,delivery,15655.64,9035.53,0.0578,1.7327,0.8778,0.6667,0.8333,86.65,837.98,0,0,1,6,Male,Tier-2,0,True
UPI_GIG_03182,delivery,16225.63,9319.3,0.0585,1.7411,0.8889,0.8333,0.8333,87.16,872.61,0,0,1,6,Female,Tier-3,0,True
UPI_GIG_03183,ride,22994.45,8851.81,0.0972,2.5977,0.8778,0.5,0.8333,170.96,1283.46,0,0,1,6,Male,Tier-2,0,True
UPI_GIG_03184,delivery,16788.56,9570.12,0.0768,1.7543,0.9389,1.0,1.0,81.37,910.36,0,0,1,6,Male,Tier-3,0,True
UPI_GIG_03185,ride,21676.05,8803.73,0.1095,2.4621,0.8667,0.5833,0.3333,155.01,1226.66,0,0,1,6,Male,Tier-3,0,True
UPI_GIG_03186,delivery,14685.15,8873.27,0.0784,1.655,0.8222,0.6667,0.5,83.92,805.71,0,0,1,6,Female,Tier-2,0,True
UPI_GIG_03187,delivery,16236.69,9748.0,0.0448,1.6656,0.9222,0.9167,1.0,86.37,869.21,0,0,1,6,Female,Tier-3,0,True
UPI_GIG_03188,ride,21122.99,8594.73,0.1265,2.4577,0.8,0.6667,0.6667,167.2,1237.29,0,1,1,6,Female,Tier-3,0,True
UPI_GIG_03189,ride,22925.85,9157.11,0.0443,2.5036,0.9167,0.75,0.8333,166.33,1249.82,0,0,1,6,Male,Tier-3,0,True
UPI_GIG_03190,vendor,30363.12,9415.46,0.0919,3.2248,0.8944,0.8333,1.0,111.22,1753.27,0,0,2,6,Female,Tier-2,0,True
UPI_GIG_03191,freelance,37464.09,9215.56,0.0632,4.0653,0.8944,0.75,0.8333,1141.04,2038.61,0,0,2,6,Female,Tier-2,0,True
UPI_GIG_03192,ride,22285.44,8155.9,0.0999,2.7324,0.8556,0.3333,0.8333,176.87,1219.78,0,0,1,6,Male,Tier-2,0,True
UPI_GIG_03193,delivery,16106.64,9041.77,0.0638,1.7814,0.8833,0.75,0.8333,82.81,876.24,0,0,1,6,Male,Tier-1,0,True
UPI_GIG_03194,ride,21770.36,8934.99,0.1154,2.4365,0.8556,0.8333,0.5,158.71,1245.32,0,0,1,6,Male,Tier-2,0,True
UPI_GIG_03195,vendor,26999.16,8810.45,0.0589,3.0644,0.8,0.6667,0.1667,107.14,1444.93,0,0,2,6,Male,Tier-2,0,True
UPI_GIG_03196,vendor,30934.84,9228.71,0.0588,3.352,0.9278,0.8333,0.8333,108.23,1692.74,0,0,2,6,Male,Tier-1,0,True
UPI_GIG_03197,vendor,28139.97,8956.97,0.0743,3.1417,0.8722,0.6667,0.5,105.72,1529.03,0,0,2,6,Female,Tier-1,0,True
UPI_GIG_03198,delivery,13256.98,9262.3,0.1254,1.4313,0.7611,0.75,0.8333,80.1,810.18,0,0,1,6,Female,Tier-3,0,True
UPI_GIG_03199,freelance,36333.56,8581.04,0.1185,4.2342,0.85,0.5833,0.6667,1184.79,2059.91,0,0,2,6,Male,Tier-1,0,True
UPI_GIG_03200,delivery,16774.13,9225.44,0.0619,1.8182,0.9556,1.0,1.0,82.09,896.33,0,0,1,6,Female,Tier-2,0,True
UPI_GIG_03201,delivery,15910.52,9276.36,0.0761,1.7152,0.8778,0.75,1.0,81.52,884.9,0,0,1,6,Female,Tier-3,0,True
UPI_GIG_03202,ride,21827.5,8844.14,0.0541,2.468,0.8111,0.6667,0.6667,191.47,1190.73,0,0,1,6,Female,Tier-2,0,True
UPI_GIG_03203,delivery,15983.7,9352.03,0.0859,1.7091,0.8889,0.8333,0.8333,84.87,880.87,0,0,1,6,Female,Tier-3,0,True
UPI_GIG_03204,ride,21542.8,9511.91,0.0827,2.2648,0.8556,0.8333,1.0,166.35,1209.66,0,0,1,6,Female,Tier-3,0,True
UPI_GIG_03205,freelance,35402.86,8861.14,0.1088,3.9953,0.8556,0.5833,1.0,1106.34,2095.22,0,0,2,6,Female,Tier-1,0,True
UPI_GIG_03206,ride,18077.59,9585.05,0.2979,1.886,0.8667,0.9167,1.0,131.63,1228.66,0,0,1,6,Male,Tier-3,0,True
UPI_GIG_03207,freelance,39133.42,8788.84,0.138,4.4526,0.8833,0.6667,0.8333,1150.98,2401.05,0,0,2,6,Male,Tier-2,0,True
UPI_GIG_03208,vendor,22184.94,9303.32,0.39,2.3846,0.9167,0.9167,1.0,78.53,1576.88,0,0,2,6,Female,Tier-2,0,True
UPI_GIG_03209,delivery,15326.6,8795.5,0.0674,1.7425,0.8722,0.5833,0.8333,84.68,836.33,0,0,1,6,Male,Tier-1,0,True
UPI_GIG_03210,ride,17425.43,9935.81,0.2787,1.7538,0.9167,1.0,0.8333,125.36,1164.7,0,0,1,6,Male,Tier-1,0,True
UPI_GIG_03211,ride,22482.96,8723.03,0.0932,2.5774,0.8444,0.5,0.8333,163.71,1290.72,0,0,1,6,Male,Tier-2,0,True
UPI_GIG_03212,delivery,17181.39,9665.63,0.0479,1.7776,0.9444,1.0,1.0,87.51,937.61,0,0,1,6,Female,Tier-1,0,True
UPI_GIG_03213,ride,18077.14,9844.47,0.27,1.8363,0.8833,1.0,1.0,139.95,1166.9,0,0,1,6,Male,Tier-1,0,True
UPI_GIG_03214,ride,17514.58,8628.69,0.1238,2.0298,0.7722,0.4167,1.0,154.54,1072.85,0,0,1,6,Male,Tier-1,1,True
UPI_GIG_03215,delivery,14134.92,9304.69,0.1242,1.5191,0.8667,0.8333,0.6667,75.66,838.11,0,0,1,6,Male,Tier-1,0,True
UPI_GIG_03216,delivery,13537.46,9446.2,0.2172,1.4331,0.9167,0.9167,1.0,70.39,856.0,0,0,1,6,Female,Tier-1,0,True
UPI_GIG_03217,ride,21225.13,9754.79,0.0759,2.1759,0.8222,0.8333,1.0,166.25,1205.34,0,0,1,6,Male,Tier-1,0,True
UPI_GIG_03218,delivery,15591.41,9427.2,0.0972,1.6539,0.8333,0.8333,0.6667,86.22,891.16,0,0,1,6,Female,Tier-1,0,True
UPI_GIG_03219,freelance,37490.71,8866.72,0.136,4.2282,0.8889,0.75,0.8333,1076.29,2305.58,0,0,2,6,Female,Tier-1,0,True
UPI_GIG_03220,freelance,37627.94,9542.36,0.1318,3.9433,0.9167,0.8333,1.0,1146.03,2297.36,0,0,2,6,Male,Tier-2,0,True
UPI_GIG_03221,ride,23434.5,9463.31,0.0943,2.4764,0.8667,0.8333,0.8333,177.98,1361.49,0,0,1,6,Male,Tier-3,0,True
UPI_GIG_03222,freelance,38141.81,8933.49,0.0842,4.2695,0.9222,0.75,1.0,1110.93,2155.14,0,0,2,6,Male,Tier-2,0,True
UPI_GIG_03223,freelance,28856.02,8910.59,0.2496,3.2384,0.8778,0.6667,0.6667,861.37,1924.22,0,0,2,6,Male,Tier-2,0,True
UPI_GIG_03224,vendor,22442.19,8706.32,0.2469,2.5777,0.8444,0.5833,0.6667,86.82,1501.79,0,0,2,6,Male,Tier-3,1,True
UPI_GIG_03225,delivery,16665.67,9110.85,0.0298,1.8292,0.9222,0.8333,1.0,90.9,879.17,0,0,1,6,Female,Tier-3,0,True
UPI_GIG_03226,ride,24500.56,9590.8,0.0709,2.5546,0.9278,0.9167,1.0,173.56,1376.33,0,1,1,6,Male,Tier-3,0,True
UPI_GIG_03227,vendor,29927.43,9126.16,0.0511,3.2793,0.9111,0.75,0.8333,108.5,1609.74,0,0,2,6,Female,Tier-2,0,True
UPI_GIG_03228,vendor,22587.01,8535.6,0.1694,2.6462,0.8222,0.5,0.8333,91.02,1359.95,0,0,2,6,Female,Tier-3,1,True
UPI_GIG_03229,delivery,14469.41,8226.86,0.1197,1.7588,0.8056,0.4167,0.3333,87.6,836.33,0,0,1,6,Male,Tier-1,0,True
UPI_GIG_03230,delivery,15020.37,9510.05,0.1805,1.5794,0.9222,0.8333,1.0,74.17,922.53,0,0,1,6,Female,Tier-2,0,True
UPI_GIG_03231,vendor,30603.83,9866.22,0.0415,3.1019,0.9278,1.0,1.0,107.26,1568.36,0,0,2,6,Male,Tier-1,0,True
UPI_GIG_03232,ride,20030.47,9367.81,0.1174,2.1382,0.8222,0.9167,0.6667,164.86,1246.61,0,0,1,6,Male,Tier-3,0,True
UPI_GIG_03233,delivery,15313.28,9222.75,0.082,1.6604,0.85,0.75,0.8333,84.37,840.13,0,0,1,6,Female,Tier-1,0,True
UPI_GIG_03234,delivery,15476.22,8775.31,0.086,1.7636,0.8556,0.5,1.0,86.95,868.46,0,0,1,6,Male,Tier-2,0,True
UPI_GIG_03235,ride,17777.96,8586.04,0.2225,2.0706,0.8556,0.5,1.0,130.56,1103.59,0,0,1,6,Male,Tier-1,1,True
UPI_GIG_03236,delivery,16173.74,9328.79,0.0388,1.7337,0.9167,0.8333,0.6667,83.87,837.21,0,0,1,6,Female,Tier-3,0,True
UPI_GIG_03237,vendor,30739.6,9286.72,0.0547,3.3101,0.9222,0.9167,1.0,102.41,1640.57,0,0,2,6,Male,Tier-1,0,True
UPI_GIG_03238,vendor,29230.69,9176.23,0.0583,3.1855,0.8944,0.8333,0.6667,105.65,1591.79,0,0,2,6,Male,Tier-2,0,True
UPI_GIG_03239,ride,22830.93,9093.36,0.0729,2.5107,0.8944,0.75,1.0,167.26,1304.11,0,0,1,6,Male,Tier-2,0,True
UPI_GIG_03240,delivery,14063.81,9090.96,0.0888,1.547,0.7833,0.8333,0.6667,84.72,808.33,0,0,1,6,Male,Tier-2,0,True
UPI_GIG_03241,ride,24359.34,8932.08,0.1121,2.7272,0.9111,0.75,1.0,172.56,1354.34,0,0,1,6,Male,Tier-2,0,True
UPI_GIG_03242,ride,22294.24,9603.6,0.0534,2.3214,0.8833,0.9167,0.8333,158.12,1179.83,0,0,1,6,Male,Tier-1,0,True
UPI_GIG_03243,delivery,13258.01,9111.39,0.2483,1.4551,0.8778,0.6667,1.0,72.58,902.79,0,0,1,6,Male,Tier-1,0,True
UPI_GIG_03244,delivery,15854.28,9136.83,0.0713,1.7352,0.8778,0.6667,0.5,86.71,841.21,0,0,1,6,Female,Tier-2,0,True
UPI_GIG_03245,ride,23394.82,9403.46,0.0656,2.4879,0.9056,0.9167,1.0,166.12,1294.4,0,0,1,6,Male,Tier-3,0,True
UPI_GIG_03246,delivery,17020.28,9852.65,0.0454,1.7275,0.9222,1.0,1.0,87.58,914.25,0,0,1,6,Female,Tier-1,0,True
UPI_GIG_03247,delivery,15743.23,9637.93,0.0491,1.6335,0.8778,0.8333,1.0,82.64,833.58,0,0,1,6,Male,Tier-1,0,True
UPI_GIG_03248,vendor,28225.41,9254.19,0.0776,3.05,0.8556,0.75,0.6667,113.97,1583.41,0,0,2,6,Male,Tier-2,0,True
UPI_GIG_03249,delivery,15743.87,9506.84,0.0543,1.6561,0.8722,0.8333,1.0,82.43,857.31,0,0,1,6,Male,Tier-2,0,True
UPI_GIG_03250,freelance,30776.28,8867.95,0.2995,3.4705,0.9056,0.6667,0.8333,892.07,2095.87,0,0,2,6,Female,Tier-2,0,True
UPI_GIG_03251,delivery,11091.74,9056.25,0.3696,1.2248,0.8333,0.6667,0.8333,60.23,803.77,0,1,1,6,Male,Tier-2,1,True
UPI_GIG_03252,ride,22992.37,9284.01,0.0888,2.4766,0.9,0.8333,0.6667,166.41,1261.65,0,0,1,6,Female,Tier-3,0,True
UPI_GIG_03253,ride,16858.02,9055.34,0.419,1.8617,0.8833,0.8333,0.8333,120.85,1252.52,0,0,1,6,Female,Tier-1,0,True
UPI_GIG_03254,vendor,24199.15,9321.87,0.1882,2.596,0.8611,0.8333,0.6667,98.24,1509.95,0,0,2,6,Male,Tier-2,0,True
UPI_GIG_03255,ride,23286.04,9655.6,0.0888,2.4117,0.9222,0.9167,1.0,158.77,1350.93,0,0,1,6,Female,Tier-1,0,True
UPI_GIG_03256,ride,25010.92,9658.4,0.0734,2.5896,0.9222,1.0,0.8333,175.72,1378.58,0,0,1,6,Male,Tier-1,0,True
UPI_GIG_03257,delivery,13514.09,8907.83,0.1191,1.5171,0.8667,0.6667,1.0,74.87,774.64,0,0,1,6,Female,Tier-3,0,True
UPI_GIG_03258,vendor,27197.91,8609.2,0.0858,3.1592,0.8167,0.5833,0.5,110.34,1505.87,0,0,2,6,Male,Tier-3,0,True
UPI_GIG_03259,freelance,28781.59,9404.95,0.2382,3.0603,0.8556,0.9167,0.3333,899.42,1861.59,0,0,2,6,Female,Tier-3,1,True
UPI_GIG_03260,delivery,15842.32,9104.64,0.1269,1.74,0.8722,0.9167,0.8333,89.0,896.69,0,0,1,6,Male,Tier-1,0,True
UPI_GIG_03261,ride,20868.64,9607.97,0.0608,2.172,0.8278,0.8333,0.8333,156.51,1165.09,0,0,1,6,Female,Tier-2,0,True
UPI_GIG_03262,ride,17590.94,9528.24,0.3201,1.8462,0.9389,0.8333,0.8333,123.45,1248.06,0,0,1,6,Female,Tier-2,0,True
UPI_GIG_03263,delivery,16837.59,9200.07,0.0853,1.8302,0.9111,0.8333,0.5,82.67,936.66,0,0,1,6,Female,Tier-2,0,True
UPI_GIG_03264,ride,22999.1,9501.91,0.0708,2.4205,0.9167,1.0,1.0,172.06,1264.31,0,0,1,6,Female,Tier-3,0,True
UPI_GIG_03265,delivery,17243.91,9825.12,0.0336,1.7551,0.95,1.0,0.8333,86.65,906.88,0,0,1,6,Female,Tier-1,0,True
UPI_GIG_03266,delivery,15234.63,8737.2,0.052,1.7437,0.8833,0.5,0.5,82.5,817.0,0,0,1,6,Male,Tier-3,0,True
UPI_GIG_03267,delivery,11749.97,8604.04,0.2515,1.3656,0.8111,0.5,0.6667,69.6,806.96,0,0,1,6,Male,Tier-3,1,True
UPI_GIG_03268,freelance,35497.46,9007.28,0.0467,3.941,0.85,0.8333,0.3333,1157.53,1845.56,0,0,2,6,Female,Tier-2,0,True
UPI_GIG_03269,delivery,16552.08,9261.71,0.065,1.7872,0.9333,0.75,1.0,87.5,928.45,0,0,1,6,Male,Tier-1,0,True
UPI_GIG_03270,delivery,16081.81,9170.13,0.0716,1.7537,0.8833,0.75,0.8333,84.27,869.13,0,0,1,6,Male,Tier-3,0,True
UPI_GIG_03271,delivery,14274.72,9217.54,0.1828,1.5486,0.9,0.6667,0.8333,77.44,885.67,0,0,1,6,Male,Tier-3,0,True
UPI_GIG_03272,delivery,14795.92,9704.25,0.1113,1.5247,0.8167,0.8333,0.6667,85.36,841.54,0,0,1,6,Female,Tier-3,0,True
UPI_GIG_03273,delivery,16100.56,9179.73,0.0863,1.7539,0.9,0.8333,1.0,85.34,900.78,0,0,1,6,Male,Tier-1,0,True
UPI_GIG_03274,ride,20849.32,8526.46,0.0459,2.4452,0.8667,0.5833,0.5,159.56,1141.54,0,0,1,6,Female,Tier-1,0,True
UPI_GIG_03275,vendor,21830.11,9118.78,0.2166,2.394,0.8056,0.6667,0.8333,92.44,1397.25,0,0,2,6,Female,Tier-1,1,True
UPI_GIG_03276,vendor,25950.09,9251.34,0.1921,2.805,0.9056,0.9167,0.8333,96.05,1643.31,0,0,2,6,Female,Tier-3,0,True
UPI_GIG_03277,ride,23389.46,9107.94,0.1166,2.568,0.9,0.75,1.0,173.9,1375.05,0,0,1,6,Male,Tier-1,0,True
UPI_GIG_03278,vendor,25370.63,9032.84,0.2109,2.8087,0.8778,0.75,1.0,93.85,1673.75,0,0,2,6,Male,Tier-3,0,True
UPI_GIG_03279,delivery,15498.05,9007.38,0.0303,1.7206,0.8722,0.75,0.8333,85.78,819.64,0,0,1,6,Female,Tier-2,0,True
UPI_GIG_03280,ride,17436.78,8711.76,0.2336,2.0015,0.8889,0.5,0.8333,136.05,1193.9,0,0,1,6,Male,Tier-3,0,True
UPI_GIG_03281,vendor,26139.72,9013.21,0.0972,2.9002,0.8111,0.6667,1.0,105.26,1491.71,0,0,2,6,Male,Tier-2,0,True
UPI_GIG_03282,vendor,25861.6,9184.65,0.1815,2.8157,0.9278,0.75,1.0,90.64,1599.25,0,0,2,6,Male,Tier-1,0,True
UPI_GIG_03283,delivery,15988.01,9274.96,0.0499,1.7238,0.8833,0.9167,0.8333,84.74,867.19,0,0,1,6,Female,Tier-3,0,True
UPI_GIG_03284,vendor,30424.63,9681.47,0.0661,3.1426,0.9167,0.9167,0.8333,111.79,1702.34,0,0,2,6,Female,Tier-1,0,True
UPI_GIG_03285,delivery,17463.76,9245.54,0.0756,1.8889,0.9556,0.8333,0.8333,87.25,1008.09,0,0,1,6,Female,Tier-3,0,True
UPI_GIG_03286,vendor,26979.61,9268.28,0.0802,2.911,0.8278,0.5833,0.5,107.7,1438.18,0,0,2,6,Female,Tier-2,0,True
UPI_GIG_03287,ride,18691.53,9204.55,0.127,2.0307,0.8667,0.5833,0.8333,142.32,1148.64,0,0,1,6,Male,Tier-2,0,True
UPI_GIG_03288,delivery,14494.19,8592.61,0.0789,1.6868,0.8556,0.5833,0.5,78.49,811.93,0,1,1,6,Female,Tier-1,0,True
UPI_GIG_03289,delivery,10872.37,9301.79,0.3694,1.1688,0.8222,0.8333,1.0,60.23,791.92,0,0,1,6,Male,Tier-1,0,True
UPI_GIG_03290,ride,20889.16,8795.66,0.1563,2.3749,0.8,0.4167,1.0,183.78,1340.31,0,0,1,6,Male,Tier-1,0,True
UPI_GIG_03291,freelance,27860.96,9113.05,0.4001,3.0573,0.8389,0.6667,1.0,908.51,2145.61,0,0,2,6,Female,Tier-2,1,True
UPI_GIG_03292,delivery,15941.39,9270.78,0.0888,1.7195,0.8889,0.8333,0.5,85.4,886.7,0,0,1,6,Male,Tier-1,0,True
UPI_GIG_03293,delivery,14617.28,8683.23,0.0665,1.6834,0.8056,0.4167,0.8333,84.17,815.74,0,0,1,6,Male,Tier-3,0,True
UPI_GIG_03294,freelance,28604.83,8944.21,0.1304,3.1981,0.8389,0.75,0.6667,937.86,1653.47,0,0,2,6,Female,Tier-2,0,True
UPI_GIG_03295,ride,17952.47,8522.25,0.1735,2.1065,0.8389,0.5,1.0,137.22,1113.16,0,0,1,6,Male,Tier-1,1,True
UPI_GIG_03296,freelance,28522.73,8491.02,0.3072,3.3592,0.8222,0.4167,0.3333,972.37,2008.94,0,0,2,6,Female,Tier-2,1,True
UPI_GIG_03297,freelance,25889.81,9171.74,0.4312,2.8228,0.8833,0.75,1.0,796.61,1970.96,0,0,2,6,Male,Tier-2,0,True
UPI_GIG_03298,vendor,24569.06,8769.22,0.1388,2.8017,0.8778,0.6667,1.0,95.97,1408.81,0,0,2,6,Male,Tier-3,0,True
UPI_GIG_03299,delivery,15582.78,9289.3,0.0535,1.6775,0.8778,0.75,0.8333,79.84,852.85,0,0,1,6,Male,Tier-1,0,True
UPI_GIG_03300,freelance,39897.55,9258.63,0.111,4.3092,0.9056,0.8333,0.8333,1215.15,2428.1,0,0,2,6,Male,Tier-2,0,True
UPI_GIG_03301,ride,21129.3,9551.55,0.1432,2.2121,0.9111,0.9167,1.0,151.46,1268.02,0,0,1,6,Male,Tier-2,0,True
UPI_GIG_03302,vendor,28223.77,8644.66,0.0748,3.2649,0.8722,0.5833,0.3333,104.73,1570.79,0,0,2,6,Male,Tier-1,0,True
UPI_GIG_03303,vendor,29153.11,9891.89,0.0715,2.9472,0.8889,1.0,1.0,106.79,1584.31,0,0,2,6,Male,Tier-3,0,True
UPI_GIG_03304,ride,21777.86,9815.17,0.1329,2.2188,0.8611,0.9167,1.0,159.54,1281.16,0,0,1,6,Male,Tier-2,0,True
UPI_GIG_03305,vendor,30323.23,9715.22,0.0672,3.1212,0.9111,0.9167,0.6667,107.59,1742.07,0,0,2,6,Male,Tier-2,0,True
UPI_GIG_03306,delivery,16099.77,8803.85,0.0425,1.8287,0.9167,0.5833,0.8333,85.87,866.21,0,0,1,6,Male,Tier-1,0,True
UPI_GIG_03307,delivery,16134.93,9565.71,0.0742,1.6867,0.9222,1.0,1.0,81.08,872.82,0,0,1,6,Male,Tier-3,0,True
UPI_GIG_03308,ride,19426.82,9415.71,0.1827,2.0632,0.8611,0.9167,0.6667,150.4,1209.31,0,0,1,6,Female,Tier-2,0,True
UPI_GIG_03309,vendor,27431.12,9088.76,0.079,3.0181,0.85,0.6667,0.8333,110.39,1553.44,0,0,2,6,Female,Tier-1,0,True
UPI_GIG_03310,delivery,13391.03,8474.77,0.1511,1.5801,0.7556,0.5,0.5,83.78,774.82,0,0,1,6,Female,Tier-2,1,True
UPI_GIG_03311,delivery,13448.36,8868.84,0.2091,1.5164,0.8389,0.5833,0.5,73.69,895.39,0,0,1,6,Male,Tier-1,1,True
UPI_GIG_03312,vendor,30971.18,9791.75,0.056,3.163,0.9389,1.0,1.0,109.12,1628.31,0,0,2,6,Female,Tier-2,0,True
UPI_GIG_03313,ride,20208.08,8209.01,0.0831,2.4617,0.8167,0.4167,0.8333,168.17,1179.09,0,0,1,6,Male,Tier-2,0,True
UPI_GIG_03314,ride,22688.43,9023.58,0.0914,2.5143,0.8889,0.75,1.0,166.42,1256.6,0,0,1,6,Female,Tier-2,0,True
UPI_GIG_03315,delivery,10855.54,9110.36,0.3812,1.1916,0.8167,0.6667,0.8333,63.73,812.26,0,0,1,6,Male,Tier-3,1,True
UPI_GIG_03316,ride,21224.12,8587.62,0.1226,2.4715,0.8111,0.5,1.0,171.62,1270.21,0,0,1,6,Female,Tier-1,0,True
UPI_GIG_03317,delivery,11328.49,8510.31,0.3312,1.3311,0.8389,0.5,0.5,61.68,823.51,0,0,1,6,Female,Tier-2,1,True
UPI_GIG_03318,ride,22735.85,9188.12,0.0722,2.4745,0.8667,0.8333,0.5,164.95,1238.59,0,0,1,6,Female,Tier-2,0,True
UPI_GIG_03319,ride,23613.08,9304.07,0.0796,2.5379,0.9222,0.8333,1.0,161.73,1352.65,0,0,1,6,Male,Tier-2,0,True
UPI_GIG_03320,vendor,28660.02,9176.09,0.0174,3.1233,0.8944,0.9167,0.8333,104.47,1480.72,0,0,2,6,Female,Tier-1,0,True
UPI_GIG_03321,vendor,31417.78,9193.69,0.0238,3.4173,0.9444,0.8333,1.0,109.85,1642.72,0,0,2,6,Female,Tier-2,0,True
UPI_GIG_03322,delivery,17659.82,9780.46,0.0724,1.8056,0.9556,0.9167,1.0,85.66,993.73,0,0,1,6,Male,Tier-2,0,True
UPI_GIG_03323,ride,24012.07,8957.32,0.0364,2.6807,0.9167,0.5833,1.0,165.03,1281.33,0,0,1,6,Female,Tier-3,0,True
UPI_GIG_03324,ride,23807.2,9484.97,0.0818,2.51,0.9167,0.9167,0.6667,169.65,1308.89,0,0,1,6,Male,Tier-1,0,True
UPI_GIG_03325,delivery,15886.66,9449.95,0.0351,1.6811,0.9111,0.75,0.6667,83.18,836.45,0,0,1,6,Female,Tier-1,0,True
UPI_GIG_03326,ride,21715.69,9072.1,0.0965,2.3937,0.8833,0.75,1.0,163.48,1298.67,0,0,1,6,Female,Tier-3,0,True
UPI_GIG_03327,vendor,24886.42,9146.79,0.1509,2.7208,0.8278,0.6667,1.0,97.91,1587.94,0,0,2,6,Female,Tier-1,0,True
UPI_GIG_03328,delivery,12858.41,8784.41,0.2318,1.4638,0.9056,0.5,1.0,66.97,818.22,0,1,1,6,Male,Tier-1,0,True
UPI_GIG_03329,delivery,15016.06,8977.8,0.1014,1.6726,0.85,0.6667,0.8333,80.01,823.01,0,0,1,6,Male,Tier-2,0,True
UPI_GIG_03330,ride,18139.8,9292.84,0.1569,1.952,0.8611,0.9167,0.6667,138.47,1125.28,0,0,1,6,Male,Tier-2,0,True
UPI_GIG_03331,delivery,14343.76,9595.06,0.1637,1.4949,0.9389,1.0,1.0,72.93,873.62,0,0,1,6,Male,Tier-2,0,True
UPI_GIG_03332,delivery,13596.05,9579.91,0.2235,1.4192,0.9167,1.0,0.8333,66.81,859.07,0,0,1,6,Male,Tier-1,0,True
UPI_GIG_03333,vendor,19427.32,9130.14,0.4145,2.1278,0.8556,0.8333,0.6667,76.24,1508.91,0,0,2,6,Male,Tier-2,0,True
UPI_GIG_03334,ride,21900.52,9290.88,0.0499,2.3572,0.8833,0.8333,0.6667,163.64,1159.79,0,0,1,6,Male,Tier-2,0,True
UPI_GIG_03335,vendor,30181.6,8943.81,0.0386,3.3746,0.9056,0.75,0.6667,113.32,1615.62,0,0,2,6,Male,Tier-2,0,True
UPI_GIG_03336,ride,20850.27,8782.26,0.0696,2.3741,0.8389,0.75,0.8333,160.39,1165.91,0,0,1,6,Male,Tier-1,0,True
UPI_GIG_03337,vendor,28831.93,9462.29,0.0776,3.047,0.8778,0.9167,0.8333,106.52,1600.13,0,0,2,6,Female,Tier-2,0,True
UPI_GIG_03338,freelance,25352.44,8728.05,0.303,2.9047,0.8611,0.5833,0.6667,792.26,1722.76,0,0,2,6,Male,Tier-2,1,True
UPI_GIG_03339,delivery,16100.5,9099.57,0.0512,1.7694,0.8889,0.8333,0.8333,82.71,845.71,0,0,1,6,Male,Tier-2,0,True
UPI_GIG_03340,delivery,15876.06,9535.61,0.0606,1.6649,0.9167,0.8333,0.8333,84.82,883.8,0,0,1,6,Female,Tier-1,0,True
UPI_GIG_03341,vendor,27443.91,8767.67,0.0725,3.1301,0.8444,0.5,0.6667,111.33,1531.04,0,0,2,6,Female,Tier-1,0,True
UPI_GIG_03342,ride,22990.81,9589.91,0.0558,2.3974,0.9167,1.0,0.8333,162.67,1265.45,0,0,1,6,Male,Tier-2,0,True
UPI_GIG_03343,vendor,22441.86,9328.92,0.2849,2.4056,0.9,0.75,1.0,81.36,1528.63,0,0,2,6,Male,Tier-3,0,True
UPI_GIG_03344,ride,22446.13,9645.02,0.0454,2.3272,0.8722,0.9167,0.8333,169.4,1220.52,0,0,1,6,Male,Tier-2,0,True
UPI_GIG_03345,delivery,15693.73,8565.82,0.0561,1.8321,0.8556,0.5833,0.6667,85.45,855.12,0,0,1,6,Female,Tier-3,0,True
UPI_GIG_03346,delivery,11494.19,9269.97,0.259,1.2399,0.8167,0.75,0.8333,67.28,750.8,0,0,1,6,Male,Tier-1,0,True
UPI_GIG_03347,vendor,27957.54,8597.32,0.0684,3.2519,0.8389,0.4167,0.6667,107.46,1542.0,0,0,2,6,Female,Tier-2,0,True
UPI_GIG_03348,delivery,12917.78,8471.1,0.157,1.5249,0.8056,0.4167,0.8333,73.96,777.7,0,0,1,6,Male,Tier-1,1,True
UPI_GIG_03349,freelance,34565.88,9741.93,0.0584,3.5482,0.8833,0.9167,1.0,1063.57,1933.24,0,0,2,6,Female,Tier-3,0,True
UPI_GIG_03350,freelance,27580.0,9123.37,0.412,3.023,0.8389,0.6667,0.6667,875.56,2094.1,0,1,2,6,Female,Tier-2,1,True
UPI_GIG_03351,ride,22749.09,9273.51,0.0412,2.4531,0.8778,0.9167,0.5,168.72,1202.12,0,0,1,6,Female,Tier-3,0,True
UPI_GIG_03352,freelance,36301.84,9623.2,0.147,3.7723,0.85,0.9167,0.8333,1128.55,2215.44,0,0,2,6,Female,Tier-3,0,True
UPI_GIG_03353,freelance,34639.91,9036.17,0.1408,3.8335,0.8278,0.75,0.8333,1194.48,2025.12,0,0,2,6,Female,Tier-3,0,True
UPI_GIG_03354,vendor,28080.53,8707.36,0.1062,3.2249,0.85,0.6667,0.8333,116.04,1579.11,0,0,2,6,Male,Tier-1,0,True
UPI_GIG_03355,freelance,36175.2,9498.7,0.0565,3.8084,0.9,0.8333,0.6667,1096.22,2017.23,0,0,2,6,Male,Tier-1,0,True
UPI_GIG_03356,ride,16348.21,8673.4,0.4123,1.8849,0.9056,0.5,1.0,117.19,1210.52,0,0,1,6,Male,Tier-3,0,True
UPI_GIG_03357,ride,23245.77,9437.38,0.0765,2.4632,0.9056,0.8333,0.8333,166.24,1316.72,0,0,1,6,Male,Tier-2,0,True
UPI_GIG_03358,vendor,23184.37,8438.82,0.3234,2.7473,0.9333,0.6667,0.6667,82.36,1670.56,0,0,2,6,Female,Tier-3,1,True
UPI_GIG_03359,freelance,33957.63,9129.97,0.1185,3.7194,0.8278,0.8333,1.0,1119.48,1957.28,0,0,2,6,Male,Tier-3,0,True
UPI_GIG_03360,vendor,27542.53,9534.41,0.0764,2.8888,0.9389,0.8333,0.8333,98.13,1506.48,0,0,2,6,Male,Tier-3,0,True
UPI_GIG_03361,delivery,14840.96,8821.67,0.0743,1.6823,0.8222,0.5,1.0,87.9,847.31,0,0,1,6,Male,Tier-3,0,True
UPI_GIG_03362,delivery,12865.39,9354.65,0.3617,1.3753,0.9333,0.9167,0.8333,65.36,964.86,0,0,1,6,Female,Tier-3,0,True
UPI_GIG_03363,ride,22320.94,9337.35,0.099,2.3905,0.9056,0.9167,1.0,153.41,1286.6,0,0,1,6,Female,Tier-3,0,True
UPI_GIG_03364,delivery,12646.32,9014.52,0.2791,1.4029,0.85,0.6667,1.0,68.48,846.84,0,0,1,6,Female,Tier-1,0,True
UPI_GIG_03365,delivery,14465.17,8812.07,0.1696,1.6415,0.8111,0.5,0.6667,80.96,871.27,0,0,1,6,Male,Tier-3,0,True
UPI_GIG_03366,ride,16863.81,8734.75,0.2135,1.9307,0.85,0.5833,0.8333,132.61,1035.44,0,0,1,6,Female,Tier-3,1,True
UPI_GIG_03367,ride,16517.2,9105.63,0.2833,1.814,0.8111,0.5833,0.8333,124.97,1205.3,0,0,1,6,Male,Tier-1,1,True
UPI_GIG_03368,ride,22741.06,8714.38,0.0452,2.6096,0.8611,0.5,0.8333,181.93,1237.35,0,0,1,6,Female,Tier-3,0,True
UPI_GIG_03369,delivery,13467.22,9039.3,0.21,1.4899,0.8889,0.8333,1.0,71.32,852.69,0,0,1,6,Male,Tier-3,0,True
UPI_GIG_03370,freelance,37832.78,9257.64,0.0782,4.0867,0.8778,0.8333,0.8333,1182.27,2108.29,0,0,2,6,Male,Tier-2,0,True
UPI_GIG_03371,freelance,36860.23,8540.92,0.0652,4.3157,0.8444,0.5,0.5,1105.81,1973.93,0,0,2,6,Female,Tier-3,0,True
UPI_GIG_03372,delivery,15212.0,9458.99,0.1279,1.6082,0.8389,0.9167,0.8333,85.14,848.63,0,0,1,6,Male,Tier-2,0,True
UPI_GIG_03373,delivery,16145.74,9699.96,0.1288,1.6645,0.9,0.9167,1.0,80.73,984.51,0,0,1,6,Female,Tier-2,0,True
UPI_GIG_03374,ride,16339.36,8919.34,0.3877,1.8319,0.9,0.6667,0.6667,118.98,1220.31,0,0,1,6,Female,Tier-2,1,True
UPI_GIG_03375,delivery,16819.81,9491.14,0.0315,1.7722,0.9389,0.9167,1.0,80.16,877.32,0,0,1,6,Male,Tier-2,0,True
UPI_GIG_03376,freelance,30309.13,9195.92,0.268,3.2959,0.8778,0.8333,0.3333,999.2,1978.64,0,0,2,6,Female,Tier-2,1,True
UPI_GIG_03377,freelance,37971.7,9304.46,0.0859,4.081,0.9222,0.9167,0.6667,1079.76,2186.59,0,0,2,6,Female,Tier-3,0,True
UPI_GIG_03378,ride,17972.69,9315.32,0.1379,1.9294,0.8111,0.6667,0.8333,146.52,1080.16,0,0,1,6,Male,Tier-2,0,True
UPI_GIG_03379,delivery,15795.38,9012.79,0.0311,1.7526,0.8944,0.75,0.8333,81.77,824.69,0,0,1,6,Male,Tier-1,0,True
UPI_GIG_03380,freelance,38317.34,9186.53,0.1324,4.171,0.85,0.75,0.6667,1149.52,2260.74,0,0,2,6,Female,Tier-2,0,True
UPI_GIG_03381,delivery,16031.4,9314.68,0.056,1.7211,0.85,0.75,0.8333,88.9,883.72,0,0,1,6,Male,Tier-2,0,True
UPI_GIG_03382,vendor,29926.22,9342.5,0.0911,3.2032,0.8889,0.8333,1.0,111.94,1739.62,0,0,2,6,Female,Tier-2,0,True
UPI_GIG_03383,delivery,16389.44,9225.73,0.0991,1.7765,0.9278,0.75,0.8333,81.88,949.93,0,0,1,6,Female,Tier-3,0,True
UPI_GIG_03384,ride,21516.67,9188.2,0.0962,2.3418,0.8556,0.75,0.6667,159.58,1231.03,0,0,1,6,Female,Tier-2,0,True
UPI_GIG_03385,ride,19364.99,9413.94,0.2457,2.0571,0.8611,0.8333,0.8333,148.58,1318.98,0,0,1,6,Male,Tier-2,0,True
UPI_GIG_03386,delivery,16274.75,9498.14,0.0539,1.7135,0.9111,0.8333,1.0,85.66,862.68,0,0,1,6,Female,Tier-1,0,True
UPI_GIG_03387,delivery,11776.38,9212.0,0.4214,1.2784,0.9,0.75,0.8333,57.92,899.5,0,0,1,6,Female,Tier-2,0,True
UPI_GIG_03388,delivery,15206.89,9471.52,0.1284,1.6055,0.8833,0.8333,0.8333,76.67,904.28,0,0,1,6,Female,Tier-1,0,True
UPI_GIG_03389,delivery,15718.04,9441.36,0.1181,1.6648,0.8556,0.8333,1.0,87.4,915.87,0,0,1,6,Male,Tier-1,0,True
UPI_GIG_03390,vendor,30495.77,9274.02,0.0827,3.2883,0.8944,0.8333,0.8333,111.57,1679.62,0,0,2,6,Male,Tier-2,0,True
UPI_GIG_03391,delivery,16095.86,9640.66,0.0334,1.6696,0.9111,1.0,1.0,82.54,840.63,0,0,1,6,Female,Tier-3,0,True
UPI_GIG_03392,freelance,37355.26,9282.38,0.0653,4.0243,0.8833,0.9167,0.8333,1167.35,2061.29,0,0,2,6,Female,Tier-1,0,True
UPI_GIG_03393,ride,22822.48,8384.22,0.0635,2.7221,0.8667,0.6667,0.5,167.61,1248.94,0,0,1,6,Male,Tier-2,0,True
UPI_GIG_03394,ride,22062.02,9270.88,0.0581,2.3797,0.8556,0.75,0.6667,167.35,1188.01,0,0,1,6,Female,Tier-2,0,True
UPI_GIG_03395,delivery,16437.95,9304.5,0.063,1.7667,0.9,0.75,0.8333,88.69,897.07,0,0,1,6,Male,Tier-1,0,True
UPI_GIG_03396,ride,21486.47,9252.9,0.0752,2.3221,0.8556,0.8333,0.6667,166.78,1175.31,0,0,1,6,Female,Tier-2,0,True
UPI_GIG_03397,delivery,15351.92,9421.67,0.0478,1.6294,0.8611,0.6667,0.6667,83.43,805.07,0,0,1,6,Female,Tier-1,0,True
UPI_GIG_03398,vendor,26728.06,8613.0,0.0914,3.1032,0.8056,0.5833,0.5,112.94,1524.78,0,0,2,6,Male,Tier-1,0,True
UPI_GIG_03399,vendor,28748.58,9383.31,0.0323,3.0638,0.8667,0.75,0.5,109.52,1505.98,0,0,2,6,Male,Tier-3,0,True
UPI_GIG_03400,delivery,12308.1,9074.46,0.2848,1.3563,0.8889,0.75,0.5,64.67,829.61,0,0,1,6,Male,Tier-3,0,True
UPI_GIG_03401,vendor,26184.04,9638.57,0.197,2.7166,0.95,1.0,1.0,94.07,1625.24,0,0,2,6,Female,Tier-2,0,True
UPI_GIG_03402,delivery,16506.5,9532.6,0.0771,1.7316,0.9222,0.8333,0.6667,82.95,934.8,0,0,1,6,Male,Tier-1,0,True
UPI_GIG_03403,ride,23464.35,9289.42,0.1142,2.5259,0.9056,0.6667,0.6667,166.41,1355.2,0,0,1,6,Male,Tier-3,0,True
UPI_GIG_03404,ride,21207.47,9205.1,0.0902,2.3039,0.8167,0.75,1.0,178.46,1213.81,0,1,1,6,Male,Tier-1,0,True
UPI_GIG_03405,ride,21727.95,9417.97,0.076,2.3071,0.8667,0.75,0.8333,156.69,1212.79,0,0,1,6,Male,Tier-3,0,True
UPI_GIG_03406,delivery,16132.62,9815.98,0.0205,1.6435,0.8889,0.9167,1.0,84.98,832.42,0,1,1,6,Female,Tier-2,0,True
UPI_GIG_03407,freelance,34319.13,9187.84,0.0748,3.7353,0.7667,0.75,0.6667,1176.66,1874.63,0,0,2,6,Male,Tier-2,0,True
UPI_GIG_03408,ride,24070.53,9180.42,0.0259,2.6219,0.9278,0.75,1.0,164.87,1238.35,0,0,1,6,Male,Tier-2,0,True
UPI_GIG_03409,delivery,15022.36,9069.68,0.0482,1.6563,0.8278,0.75,1.0,88.54,788.02,0,0,1,6,Male,Tier-1,0,True
UPI_GIG_03410,delivery,12391.37,9273.31,0.3559,1.3362,0.9222,0.9167,0.5,62.53,942.02,0,0,1,6,Female,Tier-2,0,True
UPI_GIG_03411,delivery,14777.42,8601.92,0.085,1.7179,0.8222,0.5833,0.8333,89.92,844.92,0,0,1,6,Female,Tier-3,0,True
UPI_GIG_03412,delivery,15391.6,9323.32,0.0764,1.6509,0.8889,0.8333,0.8333,82.97,862.97,0,0,1,6,Male,Tier-1,0,True
UPI_GIG_03413,delivery,12045.14,9055.6,0.2038,1.3301,0.8667,0.6667,0.6667,65.17,769.11,0,0,1,6,Female,Tier-1,1,True
UPI_GIG_03414,vendor,29966.69,9142.82,0.064,3.2776,0.9,0.8333,0.8333,109.77,1654.81,0,0,2,6,Male,Tier-2,0,True
UPI_GIG_03415,delivery,15559.85,8810.08,0.0893,1.7661,0.8556,0.5833,0.8333,85.73,888.36,0,0,1,6,Male,Tier-3,0,True
UPI_GIG_03416,ride,22385.0,9172.9,0.0421,2.4403,0.8556,0.75,0.6667,172.19,1186.15,0,0,1,6,Male,Tier-3,0,True
UPI_GIG_03417,ride,22342.49,9140.12,0.068,2.4444,0.8778,0.6667,0.8333,166.12,1218.86,0,0,1,6,Female,Tier-2,0,True
UPI_GIG_03418,delivery,16336.5,8970.17,0.0389,1.8212,0.9,0.5833,0.8333,82.93,855.51,0,0,1,6,Female,Tier-1,0,True
UPI_GIG_03419,ride,22632.73,8956.43,0.1087,2.527,0.8889,0.5,1.0,156.81,1291.15,0,0,1,6,Female,Tier-2,0,True
UPI_GIG_03420,ride,19997.84,9599.47,0.1973,2.0832,0.9333,1.0,0.5,137.28,1270.47,0,0,1,6,Female,Tier-3,0,True
UPI_GIG_03421,ride,21964.2,9229.16,0.12,2.3799,0.8944,0.8333,1.0,156.7,1248.93,0,0,1,6,Female,Tier-2,0,True
UPI_GIG_03422,delivery,16063.39,8983.54,0.1103,1.7881,0.8778,0.5833,1.0,84.69,952.27,0,0,1,6,Female,Tier-2,0,True
UPI_GIG_03423,vendor,28492.96,9423.3,0.0928,3.0237,0.8722,0.9167,0.8333,108.41,1604.59,0,0,2,6,Female,Tier-3,0,True
UPI_GIG_03424,freelance,30295.61,9474.2,0.3614,3.1977,0.9333,0.9167,1.0,891.05,2121.09,0,0,2,6,Female,Tier-3,0,True
UPI_GIG_03425,delivery,14000.93,9716.07,0.2639,1.441,0.9556,1.0,1.0,66.15,917.42,0,0,1,6,Male,Tier-2,0,True
UPI_GIG_03426,delivery,12671.83,9143.63,0.3196,1.3859,0.9278,0.9167,0.6667,65.83,864.58,0,0,1,6,Male,Tier-2,0,True
UPI_GIG_03427,delivery,15908.45,9068.94,0.0917,1.7542,0.8778,0.6667,0.6667,86.07,900.65,0,0,1,6,Female,Tier-2,0,True
UPI_GIG_03428,delivery,16220.39,8593.39,0.091,1.8875,0.9056,0.5833,0.6667,85.97,911.01,0,0,1,6,Female,Tier-3,0,True
UPI_GIG_03429,delivery,15966.08,9465.54,0.0715,1.6868,0.8833,0.8333,1.0,88.21,894.16,0,0,1,6,Female,Tier-2,0,True
UPI_GIG_03430,ride,22968.29,8921.41,0.0407,2.5745,0.8833,0.75,1.0,165.64,1192.9,0,0,1,6,Female,Tier-3,0,True
UPI_GIG_03431,vendor,28926.46,8968.5,0.0717,3.2253,0.8667,0.6667,0.8333,108.68,1620.34,0,0,2,6,Male,Tier-3,0,True
UPI_GIG_03432,vendor,23529.68,9407.33,0.2751,2.5012,0.8889,0.8333,0.8333,87.58,1581.29,0,0,2,6,Male,Tier-2,0,True
UPI_GIG_03433,vendor,28400.58,8536.0,0.0553,3.3272,0.85,0.5,0.8333,110.65,1526.59,0,0,2,6,Male,Tier-1,0,True
UPI_GIG_03434,delivery,12509.15,8951.16,0.2897,1.3975,0.8889,0.8333,1.0,64.15,882.92,0,0,1,6,Female,Tier-1,0,True
UPI_GIG_03435,delivery,15017.99,8266.03,0.075,1.8168,0.8389,0.4167,0.6667,79.74,819.59,0,0,1,6,Male,Tier-3,0,True
UPI_GIG_03436,freelance,36607.68,8377.52,0.0898,4.3698,0.8389,0.4167,0.6667,1162.15,2048.66,0,0,2,6,Male,Tier-2,0,True
UPI_GIG_03437,ride,13839.96,8928.61,0.394,1.5501,0.7833,0.6667,0.8333,116.47,1131.96,2,2,1,6,Female,Tier-3,1,True
UPI_GIG_03438,ride,23099.63,8346.94,0.0736,2.7674,0.9,0.5833,0.6667,171.32,1224.24,0,0,1,6,Male,Tier-2,0,True
UPI_GIG_03439,delivery,13310.36,9123.71,0.2677,1.4589,0.9,0.75,1.0,68.43,914.98,0,0,1,6,Male,Tier-3,0,True
UPI_GIG_03440,ride,21171.19,9062.01,0.0983,2.3363,0.8333,0.75,0.8333,170.51,1169.15,0,0,1,6,Female,Tier-3,0,True
UPI_GIG_03441,vendor,19146.59,9082.29,0.3973,2.1081,0.8444,0.6667,0.5,73.08,1429.55,0,0,2,6,Male,Tier-2,1,True
UPI_GIG_03442,freelance,30979.96,9182.36,0.1452,3.3739,0.7944,0.6667,0.6667,1074.45,1786.53,0,0,2,6,Male,Tier-2,0,True
UPI_GIG_03443,delivery,13452.63,8885.63,0.1719,1.514,0.9,0.8333,0.3333,70.31,847.21,0,0,1,6,Male,Tier-1,0,True
UPI_GIG_03444,freelance,34506.55,8856.31,0.2045,3.8963,0.85,0.6667,0.6667,1107.16,2399.81,0,0,2,6,Male,Tier-2,0,True
UPI_GIG_03445,ride,21962.58,8918.45,0.0817,2.4626,0.9056,0.75,1.0,158.19,1226.66,0,0,1,6,Male,Tier-2,0,True
UPI_GIG_03446,delivery,17178.5,9702.27,0.0711,1.7706,0.9167,1.0,0.6667,88.17,973.65,0,0,1,6,Female,Tier-1,0,True
UPI_GIG_03447,freelance,30239.4,9812.79,0.237,3.0816,0.9222,1.0,0.8333,880.76,1947.63,0,0,2,6,Male,Tier-2,0,True
UPI_GIG_03448,freelance,38777.11,8926.01,0.143,4.3443,0.8833,0.75,0.8333,1199.29,2388.74,0,0,2,6,Male,Tier-3,0,True
UPI_GIG_03449,vendor,22326.78,8747.69,0.2761,2.5523,0.8222,0.6667,0.5,93.09,1542.67,0,0,2,6,Female,Tier-3,1,True
UPI_GIG_03450,freelance,36079.5,9376.15,0.0325,3.848,0.8889,0.75,0.8333,1139.35,1890.19,0,0,2,6,Female,Tier-3,0,True
UPI_GIG_03451,delivery,11769.78,9030.18,0.3533,1.3034,0.8722,0.6667,0.5,60.56,890.03,0,0,1,6,Female,Tier-2,1,True
UPI_GIG_03452,vendor,29048.55,8454.64,0.0392,3.4358,0.8722,0.5833,0.6667,107.45,1528.6,0,0,2,6,Female,Tier-2,0,True
UPI_GIG_03453,delivery,15460.42,8711.9,0.0784,1.7746,0.8556,0.5,0.8333,86.29,847.78,0,0,1,6,Female,Tier-1,0,True
UPI_GIG_03454,ride,20422.58,9044.9,0.0813,2.2579,0.7944,0.6667,0.8333,162.08,1127.72,0,0,1,6,Male,Tier-3,0,True
UPI_GIG_03455,delivery,12718.45,9852.74,0.2492,1.2909,0.8889,0.9167,1.0,65.73,841.82,0,1,1,6,Female,Tier-1,0,True
UPI_GIG_03456,freelance,29932.25,9183.84,0.2421,3.2592,0.8389,0.6667,1.0,876.07,2030.57,0,0,2,6,Male,Tier-2,0,True
UPI_GIG_03457,vendor,28648.0,9080.8,0.0853,3.1548,0.8833,0.75,0.6667,107.36,1571.68,0,0,2,6,Male,Tier-3,0,True
UPI_GIG_03458,ride,22942.41,8892.47,0.0821,2.58,0.8722,0.6667,0.5,170.58,1276.26,0,0,1,6,Female,Tier-2,0,True
UPI_GIG_03459,freelance,30567.72,9893.36,0.321,3.0897,0.9111,1.0,1.0,894.67,2174.35,0,0,2,6,Male,Tier-1,0,True
UPI_GIG_03460,freelance,38199.61,9866.58,0.1033,3.8716,0.9389,1.0,1.0,1041.81,2279.22,0,0,2,6,Male,Tier-3,0,True
UPI_GIG_03461,delivery,10885.77,9080.82,0.3342,1.1988,0.8167,0.75,0.3333,62.09,797.35,0,0,1,6,Female,Tier-3,1,True
UPI_GIG_03462,ride,20409.31,9437.89,0.1067,2.1625,0.9389,0.9167,1.0,143.22,1156.36,0,0,1,6,Male,Tier-2,0,True
UPI_GIG_03463,freelance,37256.16,8332.93,0.1601,4.471,0.8389,0.4167,0.5,1241.87,2496.32,0,0,2,6,Male,Tier-2,0,True
UPI_GIG_03464,delivery,14704.92,8513.68,0.1075,1.7272,0.8111,0.4167,0.6667,86.25,888.23,0,0,1,6,Male,Tier-1,0,True
UPI_GIG_03465,ride,19298.28,8843.94,0.2154,2.1821,0.9,0.75,0.6667,140.01,1275.93,0,0,1,6,Male,Tier-2,0,True
UPI_GIG_03466,delivery,15977.55,9523.68,0.1109,1.6777,0.8944,0.8333,0.6667,86.13,894.76,0,0,1,6,Male,Tier-1,0,True
UPI_GIG_03467,delivery,16690.77,10052.21,0.0485,1.6604,0.95,1.0,0.8333,81.82,890.95,0,0,1,6,Female,Tier-3,0,True
UPI_GIG_03468,ride,16214.71,9273.73,0.4099,1.7485,0.8556,0.6667,0.6667,128.35,1193.96,0,0,1,6,Male,Tier-2,1,True
UPI_GIG_03469,ride,17152.04,8860.18,0.3251,1.9359,0.8556,0.5833,1.0,130.27,1192.98,0,0,1,6,Female,Tier-1,1,True
UPI_GIG_03470,ride,22474.64,8987.88,0.0756,2.5005,0.8667,0.8333,0.8333,167.51,1304.14,0,0,1,6,Male,Tier-2,0,True
UPI_GIG_03471,delivery,15264.42,8982.93,0.083,1.6993,0.85,0.5833,0.8333,85.44,863.93,0,0,1,6,Female,Tier-1,0,True
UPI_GIG_03472,ride,21742.77,8932.94,0.0613,2.434,0.8556,0.75,0.6667,161.46,1180.23,0,0,1,6,Male,Tier-3,0,True
UPI_GIG_03473,delivery,16177.04,9723.49,0.0369,1.6637,0.9111,0.9167,1.0,83.17,855.3,0,0,1,6,Male,Tier-2,0,True
UPI_GIG_03474,vendor,29871.16,9299.55,0.0511,3.2121,0.8833,0.6667,0.8333,109.22,1645.15,0,0,2,6,Female,Tier-1,0,True
UPI_GIG_03475,delivery,15208.0,9024.54,0.0916,1.6852,0.8222,0.6667,1.0,86.49,866.16,0,0,1,6,Male,Tier-2,0,True
UPI_GIG_03476,ride,23393.97,9648.45,0.0822,2.4246,0.9389,1.0,0.6667,163.02,1294.46,0,0,1,6,Female,Tier-1,0,True
UPI_GIG_03477,ride,17264.26,9333.56,0.2373,1.8497,0.9167,0.9167,0.8333,127.25,1146.81,0,0,1,6,Male,Tier-3,0,True
UPI_GIG_03478,delivery,12258.33,9310.93,0.4323,1.3166,0.9556,0.9167,1.0,56.75,921.22,0,0,1,6,Male,Tier-2,0,True
UPI_GIG_03479,vendor,27845.92,9316.88,0.0519,2.9888,0.8611,0.75,0.8333,108.42,1469.96,0,0,2,6,Female,Tier-3,0,True
UPI_GIG_03480,freelance,33152.81,9548.82,0.2143,3.4719,0.9167,1.0,1.0,947.22,2120.99,0,0,2,6,Female,Tier-2,0,True
UPI_GIG_03481,delivery,16148.32,8962.86,0.0573,1.8017,0.8778,0.6667,1.0,84.03,861.82,0,0,1,6,Male,Tier-3,0,True
UPI_GIG_03482,ride,19106.29,8891.61,0.2945,2.1488,0.9556,0.8333,1.0,127.09,1257.25,0,0,1,6,Female,Tier-1,0,True
UPI_GIG_03483,freelance,31045.16,8763.38,0.1648,3.5426,0.8389,0.4167,1.0,985.56,1888.2,0,0,2,6,Female,Tier-3,1,True
UPI_GIG_03484,delivery,15771.01,8901.07,0.128,1.7718,0.85,0.75,0.8333,89.44,973.55,0,0,1,6,Female,Tier-2,0,True
UPI_GIG_03485,freelance,38957.64,9491.41,0.0552,4.1045,0.9278,1.0,1.0,1102.57,2064.13,0,0,2,6,Male,Tier-1,0,True
UPI_GIG_03486,ride,22798.46,8700.27,0.0566,2.6204,0.8722,0.75,0.5,177.19,1223.84,0,0,1,6,Female,Tier-2,0,True
UPI_GIG_03487,delivery,15942.84,8815.98,0.1219,1.8084,0.8667,0.75,0.8333,86.18,932.16,0,0,1,6,Female,Tier-1,0,True
UPI_GIG_03488,delivery,14649.7,9140.02,0.0447,1.6028,0.8389,0.75,0.5,77.79,783.86,0,0,1,6,Female,Tier-3,0,True
UPI_GIG_03489,delivery,16202.51,9417.63,0.0836,1.7204,0.8944,1.0,1.0,85.8,893.52,0,0,1,6,Female,Tier-2,0,True
UPI_GIG_03490,vendor,29355.41,9251.0,0.0665,3.1732,0.8833,0.9167,0.6667,106.04,1587.36,0,0,2,6,Male,Tier-1,0,True
UPI_GIG_03491,ride,23894.64,8967.83,0.0897,2.6645,0.9278,0.9167,1.0,162.36,1288.69,0,0,1,6,Male,Tier-2,0,True
UPI_GIG_03492,freelance,27388.78,9396.0,0.3191,2.9149,0.9056,0.9167,0.6667,813.53,1952.11,0,0,2,6,Female,Tier-1,0,True
UPI_GIG_03493,vendor,28111.08,8754.4,0.1418,3.2111,0.8444,0.5,0.6667,113.66,1692.27,0,0,2,6,Female,Tier-2,0,True
UPI_GIG_03494,freelance,23640.93,9267.97,0.4002,2.5508,0.8611,0.8333,1.0,746.56,1997.0,0,0,2,6,Male,Tier-2,0,True
UPI_GIG_03495,delivery,16803.67,9255.9,0.0404,1.8155,0.9222,0.8333,0.6667,87.52,902.02,0,0,1,6,Female,Tier-1,0,True
UPI_GIG_03496,delivery,15972.28,9375.83,0.0445,1.7036,0.8889,0.9167,0.5,82.47,850.66,0,0,1,6,Female,Tier-3,0,True
UPI_GIG_03497,vendor,28871.73,8922.5,0.0619,3.2358,0.8778,0.75,0.6667,115.03,1572.57,0,0,2,6,Female,Tier-3,0,True
UPI_GIG_03498,delivery,16138.33,9156.59,0.039,1.7625,0.8889,0.9167,0.6667,85.69,867.38,0,0,1,6,Male,Tier-2,0,True
UPI_GIG_03499,delivery,16506.22,9084.24,0.073,1.817,0.9333,0.75,1.0,86.72,916.47,0,0,1,6,Male,Tier-3,0,True
UPI_GIG_03500,vendor,28117.7,8963.15,0.0347,3.137,0.8778,0.6667,0.5,103.76,1469.22,0,0,2,6,Male,Tier-1,0,True
