ID,LIMIT_BAL,SEX,EDUCATION,MARRIAGE,AGE,PAY_0,PAY_2,PAY_3,PAY_4,PAY_5,PAY_6,BILL_AMT1,BILL_AMT2,BILL_AMT3,BILL_AMT4,BILL_AMT5,BILL_AMT6,PAY_AMT1,PAY_AMT2,PAY_AMT3,PAY_AMT4,PAY_AMT5,PAY_AMT6,default_label
1,50000,1,2,2,42,0,-1,-1,0,0,-1,33709.08,35207.29,38561.21,40220.23,40617.46,38565.96,5529.68,12545.68,16568.38,14116.73,6666.12,8474.68,0
2,300000,2,1,2,22,0,2,-1,-1,0,-1,244778.48,248736.85,225869.93,196875.62,178608.52,127753.39,35901.38,116960.77,28340.93,10254.22,96510.82,45540.17,0
3,100000,2,1,2,24,0,-1,-1,-1,0,-1,78536.05,78356.34,76236.45,77564.12,77386.31,56360.06,28110.43,10009.47,35956.06,44568.76,23640.39,9410.17,0
4,100000,1,2,1,33,0,0,0,0,-1,-1,25917.53,26208.9,27624.4,28294.95,20856.71,16124.58,3152.55,12119.66,4946.3,5063.29,1331.69,8854.58,0
5,20000,2,2,1,52,-1,0,-1,-1,-1,-1,6475.52,5691.28,5018.69,3864.11,3145.68,2930.27,2279.28,1453.91,1926.47,559.53,1849.31,1554.99,0
6,20000,1,3,1,42,0,0,-1,0,-1,2,2871.16,2397.92,2239.72,2017.35,1730.35,1736.92,1590.09,1155.94,283.61,808.07,913.99,934.08,0
7,10000,2,1,1,45,2,0,-1,-1,-1,0,4866.33,4802.09,4062.55,3467.78,2711.87,2747.09,2361.67,820.29,204.47,1790.96,245.34,1225.63,1
8,200000,2,2,2,47,3,2,-1,-1,-1,0,84844.7,73577.74,73265.85,55824.06,44221.22,35848.17,48173.64,35814.82,33540.41,22501.08,11538.79,21434.93,1
9,100000,1,2,2,37,0,1,-1,-1,-1,0,53624.3,43665.52,34987.36,26218.08,26340.57,22486.48,10003.8,21191.84,18591.19,10384.0,13826.93,11342.39,0
10,100000,2,2,1,26,-1,0,0,1,1,-1,46630.2,40861.89,38197.39,27437.94,21111.52,16751.99,26749.64,9263.24,18706.84,8742.1,6938.37,5407.43,0
11,10000,1,3,1,63,-1,0,1,-1,-1,-1,6886.39,6997.13,7548.11,7403.08,5514.23,3940.08,2144.09,3413.29,928.96,3996.76,3077.8,1797.92,1
12,300000,2,2,1,36,1,-1,-1,1,-1,0,190760.73,193150.29,206514.5,209170.33,169877.34,152553.72,75706.18,22818.87,36981.46,121730.91,64199.7,15670.47,0
13,200000,2,3,3,28,1,0,0,-1,0,-1,88576.5,94863.48,98765.3,87758.45,67049.23,61552.91,18750.37,46976.03,49721.79,33119.63,33211.84,34157.41,0
14,20000,2,1,2,53,2,0,0,2,-1,0,2605.49,2612.18,2200.37,2036.59,1591.06,1708.85,1555.04,341.04,130.36,190.18,473.49,1010.43,1
15,20000,1,2,2,30,0,0,-1,-1,-1,2,7500.86,6990.18,6683.16,5378.6,5449.53,5366.43,2181.03,4138.65,2276.5,567.37,550.38,2797.81,0
16,20000,1,1,2,54,1,0,0,0,-1,-1,7186.91,6311.18,6410.53,6320.27,5539.25,5947.61,1100.57,2354.33,3267.31,1773.32,968.53,413.81,1
17,50000,1,1,2,39,1,-1,-1,0,-1,-1,8574.32,8810.29,7315.64,6829.75,5966.72,4843.79,3135.34,4228.34,1151.28,2190.49,743.39,682.32,1
18,100000,1,1,2,34,0,-1,0,0,0,-1,34338.78,31715.0,26770.67,28187.54,25649.05,25388.56,6543.9,11413.58,3460.29,11340.28,12594.08,2742.64,0
19,50000,2,1,1,23,1,-1,0,-1,-1,0,44494.62,46481.15,37743.61,37685.45,27723.11,26040.78,12894.14,17121.0,5659.34,22473.53,15470.25,7398.41,1
20,50000,2,1,2,61,-1,0,0,0,-1,-1,37850.06,39950.27,35832.28,25353.99,27759.35,22727.11,6223.66,12607.28,16683.14,11138.02,4909.41,1612.89,0
21,100000,2,1,1,43,0,-1,-1,0,-1,0,74131.06,67123.47,71365.46,73073.94,75912.75,59550.51,19475.78,8460.85,41453.72,38753.12,17227.26,33874.85,0
22,20000,2,1,2,60,3,0,0,-1,0,-1,15492.87,13992.34,13324.11,9471.47,7739.18,6318.39,1563.06,2792.45,2213.19,5384.73,3535.67,2349.03,1
23,50000,2,3,1,31,-1,-1,0,0,-1,-1,39602.04,42536.16,44917.38,46064.49,33290.8,36349.36,8183.24,24020.85,4929.57,7260.66,9600.16,13163.57,0
24,50000,2,1,2,26,0,-1,0,-1,0,0,18014.22,16558.28,13662.15,14958.79,14164.92,10046.96,3365.44,4221.58,2718.17,3493.06,7020.4,2966.91,0
25,50000,2,2,1,54,-1,-1,0,-1,0,-1,17890.43,18105.86,14789.43,13197.37,12363.87,13129.61,10219.96,1465.35,1641.22,5653.59,2783.71,3096.25,0
26,200000,2,1,2,21,1,-1,0,0,-1,0,73831.79,67433.91,70210.18,55519.34,45746.61,46143.43,27754.7,32944.99,3707.07,22714.06,15561.22,14597.93,0
27,20000,1,3,1,55,0,-1,-1,0,-1,0,15096.72,15389.36,14609.5,10282.59,8598.67,7888.74,975.27,6806.91,4344.76,2907.66,4374.1,2639.9,0
28,100000,1,3,2,45,2,0,-1,-1,0,-1,73785.04,62870.75,59178.9,44982.9,40948.29,42721.25,40768.05,13776.58,27415.21,23379.66,9928.17,18484.55,1
29,100000,2,2,2,49,0,-1,0,0,0,-1,11352.22,11928.53,11244.96,10137.48,10661.29,7684.52,4590.79,3031.36,2486.57,5976.23,4293.03,1082.65,0
30,10000,1,2,1,43,0,-1,0,0,-1,-1,8593.42,9409.35,8603.17,8797.89,6542.87,6004.33,2023.19,3012.73,1996.44,2367.68,2652.63,2199.84,0
31,100000,1,1,2,38,-1,2,-1,-1,-1,1,32845.28,33821.82,36051.41,37803.19,34171.4,27821.31,8261.32,4344.73,6320.43,9113.53,8322.82,10252.75,1
32,20000,2,4,2,34,1,-1,-1,-1,-1,0,12018.24,10909.41,10432.66,10155.4,8883.95,6253.61,808.59,6499.35,1277.03,2117.41,4077.5,1574.94,1
33,10000,2,3,1,37,0,0,-1,0,-1,-1,6119.32,5914.7,6459.83,4746.22,4207.8,3987.39,3585.17,1525.36,560.23,1702.44,1433.59,2314.12,0
34,300000,2,3,2,22,0,2,-1,-1,0,-1,57212.2,57262.55,60352.31,66178.58,70407.54,67809.81,29937.21,29879.04,21945.47,25593.12,26523.95,31179.39,0
35,300000,1,2,2,51,-1,0,-1,-1,0,0,196979.86,168981.49,172575.94,172376.03,158196.07,148120.62,16934.01,85437.03,81152.4,25876.84,41891.03,65309.7,0
36,200000,1,1,2,39,2,0,-1,-1,-1,-1,105372.63,93241.15,92389.15,80432.41,78660.49,67348.93,44768.46,18259.71,30212.99,16497.24,7824.91,35709.75,0
37,50000,2,3,1,52,0,-1,-1,0,0,-1,29436.22,30629.3,32177.65,32997.22,35144.26,35907.19,8744.72,2865.95,16550.04,3840.4,15255.86,8488.48,0
38,10000,2,1,2,48,2,-1,-1,0,0,-1,4575.4,4957.84,5277.72,4936.93,4053.04,3393.46,2262.83,1468.84,1604.24,2702.56,967.32,566.6,1
39,100000,2,2,2,61,0,-1,0,-1,-1,-1,74349.01,65552.4,55062.2,51819.75,43708.92,41155.59,29208.04,11168.02,4910.06,21072.82,16813.07,11978.65,0
40,50000,2,1,1,28,-1,-1,-1,-1,-1,0,30406.43,25671.38,23307.62,25370.83,20058.95,22033.22,8423.95,6638.12,8908.66,9027.27,11018.89,8342.9,0
41,20000,2,3,2,62,0,-1,-1,0,0,-1,5086.85,5567.49,5799.29,5917.89,5685.56,5903.54,1475.33,3091.75,2570.85,3302.7,2895.28,2105.68,0
42,50000,2,1,1,61,2,0,0,-1,-1,0,35109.01,31457.34,27254.38,21935.97,17582.02,16838.47,14337.28,11694.58,3212.7,12952.92,6964.08,2883.13,1
43,10000,1,1,1,60,1,-1,0,1,0,-1,5020.5,5188.9,5063.64,3899.32,3095.56,3001.66,2058.86,1464.82,1711.32,248.28,542.04,593.67,1
44,300000,2,2,2,59,0,0,-1,-1,-1,-1,38945.93,35585.03,36799.73,28296.18,30975.78,32103.32,13891.94,13396.4,7855.16,13712.31,10345.36,17950.74,0
45,50000,2,2,2,42,3,0,1,-1,1,-1,20793.76,22555.48,19559.69,17247.76,16884.49,13006.53,11151.45,2424.06,11332.84,5973.86,4325.3,1230.5,1
46,100000,2,2,2,44,-1,-1,-1,-1,0,-1,42138.18,41289.56,38011.34,32515.87,33353.17,24817.54,20168.61,19332.15,6329.98,1669.8,12510.14,8120.98,0
47,50000,2,1,1,58,-1,-1,-1,-1,-1,-1,37057.34,34260.78,36814.4,32437.34,35276.36,27810.4,4270.89,12383.62,15662.43,9286.74,15953.17,8650.91,0
48,100000,2,1,1,22,0,-1,-1,-1,-1,-1,28717.34,24510.24,22225.91,16115.54,17540.52,17502.21,15206.78,14301.57,4883.81,7664.91,7883.48,4565.52,0
49,100000,1,2,1,61,-1,0,0,2,-1,2,46202.82,40504.82,39752.08,31039.65,25863.52,26067.67,7437.87,10809.09,11090.53,14233.01,2103.46,12538.16,0
50,20000,2,4,2,61,0,-1,-1,-1,0,2,2870.51,3034.39,2822.45,2876.07,2610.05,1856.47,1644.01,463.79,1425.0,1610.81,665.64,1034.83,0
51,300000,1,3,2,39,0,0,0,0,0,0,241545.55,197362.99,209818.61,210456.56,225054.0,162937.09,119328.99,29345.17,125565.73,82455.26,59532.91,97517.92,0
52,200000,2,2,2,61,0,0,-1,-1,0,-1,91011.97,77091.95,71483.07,61284.2,43527.28,47559.04,50058.24,40207.62,8332.22,10690.25,6659.5,5588.53,0
53,300000,1,3,1,22,-1,0,-1,-1,-1,0,235582.4,202079.93,183441.75,157060.15,167500.63,150221.46,99441.45,61318.28,55532.85,70582.92,53209.59,11051.9,0
54,200000,1,2,2,48,0,-1,-1,1,-1,-1,128357.9,105408.01,89805.7,94612.94,98700.22,90247.66,52415.81,22186.35,35127.27,55791.35,20085.27,18177.25,0
55,100000,2,2,2,52,0,0,-1,-1,-1,-1,35588.25,35790.82,32382.55,25023.64,22200.82,20976.96,6655.37,17311.52,8615.8,13435.59,5351.87,8923.1,0
56,300000,2,2,2,39,0,-1,-1,-1,-1,0,201049.64,220025.02,220215.63,185616.63,168311.39,182748.69,79286.45,100206.41,26979.27,9497.06,61421.26,49797.42,0
57,10000,2,2,1,36,1,-1,0,-1,-1,-1,4750.8,3999.03,3410.15,3428.53,2465.34,1883.02,1335.62,2202.13,215.29,985.51,1272.35,576.67,1
58,20000,1,2,2,50,-1,-1,-1,0,-1,-1,7459.75,7755.76,7845.82,7295.31,6728.54,6413.87,1002.34,4082.36,527.37,1199.48,1921.53,3846.28,0
59,10000,2,2,1,42,1,0,0,2,0,0,6343.42,5410.63,4345.79,3146.81,2357.73,1721.9,1573.52,561.57,1406.42,1011.44,818.28,551.41,1
60,50000,1,1,1,34,1,2,-1,-1,-1,-1,35973.44,39287.83,35755.3,25197.82,20298.66,18377.96,14899.45,5674.7,9872.46,6689.75,9893.1,10171.11,1
61,50000,2,1,1,21,0,-1,2,0,0,-1,32544.5,30986.11,29120.14,20606.98,21052.44,18444.18,17301.59,9400.5,17140.21,7401.22,6028.3,5098.32,1
62,50000,2,1,1,22,0,0,0,-1,-1,0,23514.41,24790.18,20547.0,19774.28,17833.83,14396.81,6841.1,13438.98,11334.5,9971.35,4679.6,4205.07,0
63,200000,2,2,1,42,-1,-1,0,0,0,-1,61489.35,52337.69,52611.38,49927.98,49965.63,43780.94,12881.09,24097.91,20317.49,20146.2,20798.65,20765.72,0
64,50000,1,1,1,53,-1,0,0,2,0,-1,37415.83,39869.45,33124.62,23777.0,25506.07,24978.18,5184.18,4848.98,10303.69,5869.34,5075.28,13633.01,0
65,50000,2,1,1,35,0,-1,-1,-1,0,-1,18865.9,15554.78,12863.62,9683.54,7441.45,7712.26,5124.99,2400.62,4699.25,2284.8,488.65,3833.89,0
66,100000,1,2,2,61,0,-1,-1,0,-1,-1,59036.43,47634.59,43365.57,42889.57,34474.81,34956.14,12190.75,14541.37,13244.68,7097.77,4272.32,10811.76,0
67,20000,2,2,1,42,-1,0,0,-1,0,0,3845.58,3894.37,3978.06,3277.27,3063.57,2861.21,1138.12,1669.19,957.47,1093.02,617.37,1241.53,0
68,200000,1,2,2,60,0,0,-1,0,-1,-1,138444.5,115179.78,125442.58,137569.64,148552.65,157286.29,14593.38,18137.68,48383.66,68238.0,73551.74,30682.75,0
69,10000,2,2,1,59,1,-1,-1,-1,-1,-1,8623.3,9138.46,9438.25,7786.5,7877.76,7700.83,3919.41,876.0,5301.45,393.65,1306.0,711.95,1
70,500000,1,3,2,61,-1,0,0,0,2,-1,229715.32,226587.12,212946.89,177656.22,169790.79,175785.44,12044.57,13638.12,86305.92,78115.9,66451.0,24066.8,0
71,200000,2,3,2,61,3,-1,-1,-1,1,-1,107737.23,96887.5,85433.38,74138.11,72037.73,61901.53,46840.75,11802.83,12609.02,24382.47,15857.68,3914.55,0
72,20000,2,3,1,31,-1,-1,1,-1,-1,-1,16391.84,14476.98,12890.66,13291.07,11603.77,11364.15,3584.05,3987.82,4018.44,6951.53,955.63,3346.54,0
73,10000,2,2,2,24,0,-1,0,0,-1,-1,7362.39,6070.86,5373.38,4959.18,4272.29,3117.92,1822.81,3190.3,778.69,1641.48,2168.95,1280.26,0
74,200000,1,1,1,27,0,1,0,-1,-1,-1,173964.81,175011.22,154621.86,161254.87,176531.1,191157.61,25075.41,12664.64,17888.13,86003.92,99462.78,13072.08,0
75,100000,2,4,2,41,-1,1,-1,-1,0,-1,31285.2,33634.97,27605.19,24040.89,25063.95,23853.95,18223.58,14256.65,6385.38,10977.88,3545.22,1872.5,1
76,100000,2,1,2,27,2,-1,0,-1,0,0,47599.44,48886.13,42341.93,39941.66,40115.84,41828.11,3766.51,6046.5,6755.55,12663.88,13252.88,14073.03,1
77,200000,2,1,1,24,0,0,-1,-1,-1,0,92902.9,91585.38,76233.68,53504.43,52856.31,47261.96,19108.26,29342.72,43028.59,11458.62,11011.31,26786.56,0
78,10000,1,2,1,32,-1,0,-1,0,0,-1,4784.81,3998.25,3207.45,2983.63,2765.36,1969.87,625.87,831.98,258.93,1748.18,974.61,251.67,0
79,50000,2,1,1,47,0,2,1,0,-1,-1,41525.03,43530.22,38553.87,28229.49,23476.75,21054.33,13090.64,22251.73,22371.91,4657.21,10243.89,8909.73,1
80,20000,2,4,1,37,0,1,-1,-1,2,2,5288.24,5762.15,5218.53,4055.87,3541.35,3507.05,1893.19,2393.13,2674.2,1939.55,2094.71,1437.72,1
81,200000,1,2,2,40,3,0,0,0,1,-1,163183.58,143413.11,154632.32,169943.29,122961.28,89285.98,25779.1,30585.55,29952.51,72450.33,29707.24,19488.53,0
82,100000,1,2,2,51,0,-1,0,0,-1,-1,55690.14,51575.14,56652.54,54095.91,39799.64,29456.53,22856.22,16853.54,5717.13,14920.75,7559.92,2702.4,0
83,50000,2,2,1,46,-1,-1,2,-1,0,-1,26473.7,21290.56,20733.41,21722.44,18546.29,13385.25,9370.7,9925.12,7502.36,9668.62,7744.45,5154.02,0
84,10000,1,2,1,51,-1,0,-1,-1,-1,1,4332.0,4546.74,4866.36,3518.03,2625.45,1963.71,2223.05,2395.33,902.43,426.79,1348.59,576.92,0
85,50000,1,1,1,55,0,2,-1,1,-1,-1,26585.76,21434.07,21122.59,18034.98,15496.2,14655.33,14584.91,8375.88,3966.88,3292.79,1012.59,3247.29,0
86,50000,2,2,1,29,0,-1,1,-1,0,-1,37131.61,35124.74,33342.98,34842.63,27364.23,28725.8,16040.22,13628.96,12192.79,15524.04,2020.52,13761.42,0
87,100000,2,2,2,25,3,0,0,-1,-1,0,49378.73,48042.58,39049.25,33750.8,28351.1,25186.25,19586.08,5122.82,11781.7,4062.05,10481.4,6868.58,1
88,100000,1,2,1,28,0,0,0,0,-1,1,72081.82,58866.52,47880.78,38374.15,32683.21,33451.71,27604.88,19821.08,15743.32,21043.03,3979.02,13025.96,0
89,200000,2,2,2,41,2,-1,0,0,1,-1,86661.9,73896.63,59800.05,53365.25,54311.27,46676.87,12298.62,36829.68,13484.88,20207.45,21508.45,8912.09,0
90,50000,1,1,1,36,3,0,-1,0,-1,-1,12315.84,12774.6,10794.85,9589.88,9342.96,9736.38,6598.6,5433.59,2464.72,854.48,3375.32,906.15,1
91,20000,1,1,1,36,0,-1,-1,2,-1,2,8634.6,7561.84,6223.93,6823.13,7000.27,5341.38,2142.4,575.89,3732.37,3225.96,3435.57,722.83,0
92,100000,1,1,2,38,-1,0,-1,-1,-1,-1,67867.53,69049.55,59272.38,49895.6,42209.41,39236.8,29201.59,30020.24,15782.33,14502.02,20618.58,9895.33,0
93,200000,2,2,2,48,-1,0,0,0,0,0,156280.3,160149.2,153064.67,165759.67,170787.79,155086.62,45690.4,43472.4,26424.16,35303.26,86733.85,70346.47,0
94,100000,1,3,1,38,-1,2,-1,2,0,-1,71730.02,66149.1,62905.16,66982.24,72331.53,53607.45,39207.37,28191.51,27518.33,22924.26,40783.49,19947.41,0
95,200000,1,3,2,34,0,2,0,-1,-1,0,79912.69,65458.5,59125.71,52019.06,42186.15,33550.5,21908.0,32478.97,28443.81,24091.02,15804.44,8619.55,0
96,50000,2,2,2,57,-1,-1,0,0,0,-1,28165.95,22624.08,22619.38,24383.52,24078.22,21522.26,10083.23,3301.89,4057.34,13435.58,3121.31,6690.36,0
97,100000,2,2,1,60,-1,-1,-1,-1,1,-1,38836.21,36807.18,33773.42,33488.09,24212.74,24424.32,5946.23,19465.29,3719.59,7575.96,13390.58,9034.91,0
98,50000,1,2,2,36,-1,0,-1,-1,0,-1,33179.89,27255.16,23604.94,24879.71,22601.19,24000.38,11769.62,4279.68,4997.78,10745.49,13517.69,3433.65,0
99,10000,2,1,2,41,-1,0,0,0,-1,-1,4491.62,4572.21,4607.16,4868.43,3712.35,3691.05,725.04,950.96,1561.33,1157.12,264.15,736.33,0
100,20000,1,1,1,21,-1,0,1,2,-1,-1,14237.4,13016.5,14240.85,10455.41,10802.36,8827.75,6933.36,5522.7,3694.53,599.69,4116.8,1783.89,1
101,10000,2,4,2,31,-1,-1,0,-1,0,0,1102.37,1107.87,1155.74,1223.62,1059.3,785.06,277.82,498.56,156.05,709.09,270.99,83.75,0
102,100000,2,2,1,31,0,0,-1,-1,0,1,37212.28,34326.42,31725.0,28420.28,26764.04,24357.61,10545.37,9755.34,2015.09,6079.95,5809.48,3894.24,0
103,50000,2,4,1,22,-1,-1,-1,1,-1,-1,40128.9,39667.45,36204.5,34568.57,32248.15,27015.79,16138.75,4441.59,11879.88,10559.24,15256.62,9661.06,0
104,100000,1,1,2,52,1,-1,0,-1,-1,-1,35883.59,37674.37,30576.32,25078.91,18601.34,17212.34,3490.62,20894.43,16169.34,10207.63,4013.45,3003.06,0
105,300000,1,2,2,39,-1,-1,0,0,-1,1,124743.45,132893.67,132511.18,126973.23,93967.45,80734.73,27834.37,31984.17,50021.7,53820.44,12433.93,29879.85,0
106,20000,1,1,2,25,1,1,-1,-1,0,0,14651.71,11795.57,10224.25,7267.72,6748.88,5747.87,8253.81,6864.8,5395.53,3651.7,1238.07,363.32,1
107,50000,1,1,1,23,0,0,-1,-1,0,-1,8784.63,8728.86,8772.99,7443.64,6148.39,6546.76,4604.6,4513.3,4135.54,1935.7,2124.61,953.17,0
108,200000,1,2,1,48,0,2,-1,-1,0,-1,69902.8,67752.62,69653.14,66270.47,49342.64,47715.03,12384.46,14395.94,16628.62,29103.94,9365.24,18434.83,0
109,20000,2,1,2,46,0,0,-1,-1,-1,-1,14391.48,14263.56,15175.55,11817.95,9738.0,9425.24,4778.82,6581.02,4207.43,4589.87,2358.79,3500.82,0
110,10000,2,1,1,43,-1,-1,-1,-1,-1,-1,8656.14,7075.78,6824.41,6613.18,5133.55,3868.07,3209.91,1417.42,3577.97,3914.21,1879.66,779.91,0
111,50000,2,1,2,50,-1,0,0,-1,-1,-1,36313.46,29812.22,31272.81,32259.56,23093.48,19764.92,7840.24,1904.06,13696.53,14736.11,9945.03,7763.48,0
112,20000,2,1,2,28,1,-1,-1,-1,-1,-1,4758.6,4516.36,4592.94,3283.65,2797.45,2811.74,1147.78,878.93,1642.76,1870.4,247.64,397.16,1
113,300000,2,2,2,56,2,0,0,-1,-1,-1,230404.61,188271.55,170554.13,160590.34,156141.53,144708.74,135449.47,25995.45,97395.65,33068.74,43144.1,72302.71,0
114,200000,2,2,1,49,3,-1,-1,-1,2,-1,96124.0,99288.71,82601.13,77004.96,57391.63,50742.54,12130.22,21775.27,6250.2,23165.33,25422.16,9523.43,0
115,100000,1,1,1,33,0,0,-1,2,-1,0,72640.44,74946.27,65401.93,66241.27,61872.96,67386.08,40042.18,23444.27,34092.29,22595.44,14250.62,20688.82,0
116,200000,2,1,2,45,0,0,0,-1,-1,1,58296.73,48689.27,51287.98,50211.13,38193.56,28818.86,14273.08,6465.29,11553.43,25934.53,17821.0,16456.35,0
117,200000,2,1,2,42,0,-1,2,-1,-1,0,74581.21,69846.6,67075.54,59150.44,43023.23,32882.85,13535.33,7211.46,27300.48,16774.2,10254.53,12093.96,0
118,20000,2,2,2,53,0,-1,-1,-1,-1,-1,16426.2,16072.94,16067.62,13525.86,9967.07,9222.51,3175.1,5299.98,8889.69,4820.62,4660.72,4276.95,0
119,200000,2,1,1,57,1,-1,-1,-1,-1,-1,165727.96,175312.63,182644.6,199860.6,156675.26,135065.2,34109.05,42288.24,44697.62,25079.97,90195.89,62134.76,0
120,100000,1,2,2,27,-1,2,-1,0,0,0,32814.05,35981.55,35985.61,32412.64,28725.51,25631.01,6818.63,10641.74,11598.26,5051.73,9401.36,6657.97,0
121,200000,1,1,2,43,2,-1,0,-1,-1,-1,33368.34,26867.06,28393.55,24508.51,21513.56,19774.18,6330.73,15977.08,6458.25,6493.5,6787.86,2078.1,0
122,200000,2,1,1,26,-1,0,2,0,-1,0,168642.39,159013.2,131330.26,144095.62,128328.74,96373.35,86575.4,38709.31,57435.38,11206.88,40610.59,22869.73,0
123,50000,1,3,2,35,0,-1,-1,-1,-1,-1,17016.16,17713.58,18972.91,14650.89,12458.42,10067.01,3357.04,6764.45,2309.68,1347.88,7148.64,690.43,0
124,20000,2,2,2,35,3,-1,0,-1,0,0,3921.91,4073.92,4252.3,3293.21,3464.7,3169.72,2055.13,1287.9,1973.69,1440.24,476.75,619.06,1
125,20000,2,1,1,60,2,0,-1,-1,0,-1,7569.82,7286.34,7802.95,8509.82,8967.93,6971.86,4413.95,3318.82,3740.54,757.63,4099.8,487.73,1
126,50000,2,3,1,54,0,0,-1,0,-1,-1,16279.96,13914.11,14182.06,13658.41,13155.26,13626.69,3310.62,8232.47,1224.11,696.93,5648.26,3825.74,0
127,200000,2,2,2,34,-1,0,1,-1,1,-1,32889.11,31827.74,28082.19,25495.7,21151.7,21435.03,11866.48,10753.79,7578.13,2152.74,8415.05,1178.07,0
128,200000,1,3,2,49,-1,0,-1,0,-1,0,177398.27,162756.93,135765.94,98716.82,76407.81,70850.52,53375.87,39507.9,58820.06,39618.19,34893.53,33184.71,0
129,10000,1,2,2,36,-1,0,-1,-1,0,-1,3350.17,3091.32,2593.28,2184.43,2138.76,1920.55,1727.62,430.84,264.21,784.56,482.55,1113.3,0
130,100000,2,2,1,49,0,-1,2,-1,-1,-1,31790.36,28566.83,27129.1,23692.77,26029.25,27898.76,6979.73,14191.98,13195.05,11802.21,14587.14,1880.77,0
131,50000,2,4,1,43,0,-1,-1,0,-1,0,21797.22,18382.6,16862.01,15252.73,15675.71,15690.36,10258.32,1662.46,6801.62,2487.49,8610.57,5771.07,0
132,20000,2,1,3,30,0,-1,-1,-1,-1,-1,8637.15,8822.6,8789.65,7687.66,6389.34,4569.99,2691.35,3262.36,2678.48,2876.01,1129.41,908.28,0
133,20000,1,2,2,24,0,-1,-1,0,-1,1,8941.24,9053.42,8609.65,7535.54,5853.09,4620.15,3549.67,4256.55,879.96,3721.13,1948.48,1561.81,1
134,50000,1,2,1,32,0,2,-1,-1,-1,0,41265.2,39732.18,33279.52,36538.72,37527.35,27364.67,15150.82,6180.12,2969.83,16269.45,8348.77,15562.75,0
135,300000,2,1,2,62,0,0,-1,1,-1,-1,44456.73,40297.3,32264.99,35155.82,30265.48,33227.68,3748.46,12669.86,5964.73,7908.06,14676.53,15647.12,0
136,50000,1,1,1,54,2,-1,-1,2,-1,-1,42665.8,44662.8,37449.48,27505.87,25690.14,22321.56,15945.14,11983.56,18149.41,10722.53,14005.27,10278.54,1
137,100000,2,1,1,24,-1,1,0,0,-1,-1,63273.64,53654.16,45285.27,34754.14,24918.79,18780.76,31960.21,8891.38,24431.73,15725.26,8577.69,3969.75,0
138,100000,1,2,1,40,1,1,1,0,0,0,65800.86,61219.21,62197.23,66964.27,68474.52,57742.38,13728.76,32758.76,11583.38,33514.55,15498.95,28181.77,1
139,50000,2,2,1,48,-1,-1,-1,0,0,0,11314.08,11269.43,9980.03,8259.47,6449.85,7043.1,3071.83,3862.84,2169.99,4903.78,2612.09,749.15,0
140,500000,2,2,2,48,0,1,0,-1,-1,-1,181650.24,190087.79,157410.01,148692.01,149495.77,113198.3,29574.84,99029.2,22602.51,40110.3,19185.92,49707.87,0
141,300000,2,1,2,26,2,-1,0,0,-1,-1,42532.65,42315.02,43441.18,44272.88,42684.49,35973.52,7030.88,21930.41,18559.32,2951.5,14080.19,9795.27,0
142,50000,1,2,3,34,-1,1,-1,-1,-1,-1,31123.16,25997.53,28133.12,24992.04,21618.07,17517.56,6812.71,15314.6,1835.22,8444.8,10101.07,5088.49,0
143,50000,2,3,2,55,-1,-1,-1,-1,-1,-1,18593.97,15440.2,12817.6,9057.53,8273.19,8406.28,8637.65,8580.96,7203.22,2055.11,1609.4,2685.05,0
144,50000,2,2,1,21,-1,0,0,1,-1,-1,27050.14,22049.37,24009.95,24759.79,22656.5,16090.7,8512.77,9985.99,4832.24,5350.94,6016.79,7603.41,0
145,50000,2,2,2,39,-1,-1,0,0,-1,1,35109.13,33985.4,36876.85,36968.9,29209.11,31507.46,15102.56,14324.1,17469.97,15743.13,11972.32,6973.54,0
146,10000,2,2,3,21,0,2,-1,-1,-1,0,5428.27,4738.24,4534.19,3249.08,2442.32,2558.28,3064.76,664.4,2632.17,240.03,1411.22,583.09,1
147,100000,2,2,2,33,-1,-1,-1,1,0,0,15719.6,13328.0,11844.99,12543.24,12844.69,10863.36,7100.54,3814.18,1549.09,4363.04,1203.03,3652.06,0
148,100000,2,2,2,28,-1,-1,-1,0,2,-1,14931.21,12325.59,10371.09,10815.03,10555.87,11194.51,3811.0,4436.72,1227.82,4316.92,1431.13,2208.54,0
149,10000,2,3,2,38,0,0,-1,-1,0,-1,7937.26,7878.02,8249.52,6682.26,6338.42,5516.29,2626.29,661.99,1664.05,3003.26,762.98,1629.31,0
150,50000,1,2,1,55,0,0,0,0,2,-1,15485.98,15888.99,15593.8,11415.53,9261.92,7564.85,3147.15,2146.09,5836.24,6614.4,1586.94,3125.71,0
151,300000,1,3,2,43,0,0,0,-1,0,0,116930.58,123634.15,123064.15,105991.4,91241.88,78723.69,10074.88,49752.39,6244.45,5813.61,7603.69,46794.99,0
152,20000,1,1,2,46,0,0,0,0,-1,-1,5494.34,5376.89,5690.17,5974.46,4534.05,4670.07,2287.34,703.7,2180.82,2019.04,1129.79,906.45,0
153,20000,2,1,3,61,0,0,1,-1,-1,-1,13182.1,11946.55,11148.32,9955.06,9972.64,9219.23,5457.59,2820.87,4094.77,5282.96,2037.81,1790.22,1
154,50000,2,1,1,58,-1,-1,2,-1,0,0,20443.95,19240.29,17516.99,14234.84,10050.15,7908.34,10649.93,1356.53,1317.95,2308.16,1597.65,2109.67,0
155,500000,2,2,2,40,0,-1,0,-1,-1,0,232530.17,230401.4,237011.94,187880.85,131733.03,95885.12,32053.83,33029.91,80033.52,110259.4,25237.81,39551.62,0
156,20000,1,2,2,22,1,-1,-1,-1,-1,-1,12791.42,12969.23,11531.8,9709.94,8820.35,8314.26,6860.7,4603.61,5868.84,1501.43,3562.83,4651.3,1
157,100000,1,1,1,46,-1,2,-1,-1,-1,-1,59845.16,59453.31,53411.53,58623.42,49108.44,50452.32,29138.29,23965.8,11467.47,23472.72,21063.88,28856.85,0
158,200000,2,1,2,56,1,-1,-1,-1,-1,0,143895.05,156640.02,143220.26,150577.44,114068.05,118882.33,15683.8,16700.16,71607.36,13714.67,63953.81,28045.52,0
159,20000,2,3,1,45,1,-1,0,0,-1,1,13981.13,14331.53,15147.1,13917.41,13767.35,14168.96,8253.34,2619.43,4442.76,4669.8,2280.74,3960.24,1
160,100000,1,3,1,50,1,0,2,-1,0,-1,45191.56,46329.77,47892.69,49011.73,52581.25,47605.65,3230.27,12398.13,24574.3,9203.22,5550.09,13804.9,1
161,50000,2,2,1,38,0,-1,-1,-1,-1,-1,12674.19,13256.46,11764.12,9723.15,7897.81,6721.72,6174.26,5638.3,3635.55,2150.02,649.49,1626.0,0
162,100000,1,2,2,27,0,-1,0,-1,-1,-1,27857.58,26133.57,22032.79,20844.87,19616.37,21385.01,7958.87,2384.94,12017.84,5284.9,6300.84,4779.1,0
163,100000,1,2,1,47,1,0,2,0,1,-1,66539.05,58500.07,53693.58,56329.96,56214.01,60090.78,34996.57,17367.68,29671.82,10048.86,22780.95,5364.03,1
164,100000,2,2,2,31,0,-1,0,-1,-1,2,30903.16,32289.84,31881.87,27006.32,25556.67,25577.41,13924.44,14699.19,1707.52,14227.01,4646.54,8947.04,0
165,10000,1,3,1,57,0,0,0,-1,0,-1,4523.64,4248.84,4261.05,4346.95,3708.77,3234.15,377.11,540.78,1117.17,581.07,1543.39,1339.86,0
166,200000,2,1,1,28,-1,-1,-1,-1,0,-1,37264.9,36599.82,31480.57,29772.09,27457.29,29911.6,6782.14,12813.79,16937.46,8531.4,4202.73,17808.4,0
167,50000,1,2,1,31,-1,-1,-1,0,-1,0,9890.36,9186.93,8036.92,7604.07,7526.82,6394.49,5675.4,2686.6,463.48,4484.21,1297.13,2497.33,0
168,20000,1,1,1,44,-1,2,-1,-1,0,-1,5999.16,5512.13,5947.76,4261.21,4590.5,4470.2,785.63,1460.47,631.33,1590.77,1906.54,1724.33,1
169,10000,1,2,2,50,-1,-1,0,-1,-1,-1,1678.67,1680.98,1538.97,1630.85,1645.43,1345.5,147.17,947.46,441.71,647.79,946.03,341.37,0
170,100000,2,2,2,50,0,-1,-1,0,0,-1,31964.83,31952.15,28572.98,28871.78,23848.95,24666.28,4310.22,8549.04,16834.96,13022.86,13038.85,2013.54,0
171,100000,2,2,1,35,3,1,-1,-1,0,0,55455.41,49505.45,49936.79,35684.27,34568.49,36091.35,24741.72,14640.25,27967.38,18803.64,2242.19,13995.91,1
172,10000,2,1,1,55,3,-1,0,1,1,0,6958.15,5961.02,5605.52,5293.28,5645.23,5101.3,499.57,502.19,2084.04,2652.82,3329.32,607.3,1
173,100000,1,2,2,59,1,-1,0,0,0,-1,12616.22,10590.02,9256.11,9240.93,8386.99,7756.88,3634.08,2656.03,1748.76,2312.59,2100.63,3561.59,1
174,20000,1,1,1,44,3,-1,-1,-1,-1,-1,11609.87,9684.18,8936.46,9097.75,6716.29,7249.72,1163.97,3273.49,3601.0,4645.62,2383.26,3369.56,1
175,100000,2,1,3,28,3,0,2,0,0,-1,39054.92,40824.49,34425.6,25317.25,24215.16,18327.19,16712.87,2253.5,7834.65,4117.07,5809.93,1975.74,1
176,20000,2,1,2,63,2,-1,-1,-1,-1,-1,5626.26,4983.99,4405.2,4211.27,3966.97,3524.86,1064.13,385.21,1803.38,1147.85,1997.06,714.47,1
177,100000,2,2,1,62,-1,0,-1,-1,-1,-1,12548.62,12593.33,11655.61,9245.12,6968.72,6351.08,5352.78,2285.23,1668.72,3859.26,2925.55,3181.53,0
178,50000,1,2,1,40,0,-1,-1,0,0,-1,18037.49,15985.32,15272.34,13448.44,10702.61,10987.06,2640.66,7325.68,5818.61,2481.78,5698.7,6363.71,0
179,300000,2,2,2,61,0,-1,-1,-1,1,-1,219522.77,219528.68,224467.47,204396.02,198012.28,200215.58,58816.65,105557.78,96611.49,50094.55,33002.47,90459.82,0
180,20000,2,2,1,46,-1,0,-1,-1,-1,0,10480.37,11478.54,10508.41,7470.82,8139.18,7657.57,5858.52,5634.4,4654.98,2478.98,3273.82,2073.13,0
181,50000,1,2,1,44,1,-1,0,2,1,-1,36025.78,29533.47,28461.74,23333.39,17955.32,13686.22,9409.97,10788.01,16718.38,4262.93,6148.02,6911.08,1
182,20000,2,2,1,42,-1,-1,0,-1,-1,-1,8597.69,8564.39,9294.95,9471.34,8956.42,7724.75,969.04,4363.97,598.99,4436.39,3348.46,1630.64,0
183,300000,1,2,2,25,-1,0,-1,-1,-1,-1,232381.02,205604.87,214958.84,222899.39,198277.97,146028.28,58903.19,25781.68,19894.47,100451.23,49762.15,76875.58,0
184,200000,2,2,2,35,-1,2,0,-1,-1,-1,44056.7,36340.97,31656.71,26338.52,22015.63,16734.98,13218.59,20279.37,12119.12,14674.63,1178.73,1231.02,0
185,50000,2,2,1,56,0,-1,1,-1,0,-1,37801.35,31136.7,26903.51,23586.82,25136.04,19872.62,11422.01,15364.44,8485.18,2030.98,10998.64,11846.25,0
186,100000,2,2,2,57,0,-1,-1,-1,-1,0,48080.02,43824.9,43772.71,45194.35,48579.33,40489.12,21158.99,16642.78,17329.98,24631.38,21515.26,4485.93,0
187,200000,2,3,1,49,0,-1,-1,0,0,-1,139360.59,134090.44,131220.77,102393.58,78364.6,68652.9,16525.45,49549.83,56625.08,6011.48,41417.8,37988.49,0
188,100000,1,3,2,35,-1,0,-1,1,0,-1,29233.77,29063.87,28019.37,27806.15,27320.27,26999.75,8882.98,3236.79,1930.62,13991.64,15829.0,14010.08,0
189,100000,2,1,1,47,0,1,-1,-1,0,-1,48892.56,47438.41,40144.81,34642.11,34975.34,24807.06,9273.6,23271.07,12660.3,6626.71,5578.78,5240.8,0
190,20000,1,1,2,28,0,1,-1,-1,-1,-1,13724.68,14676.98,13338.23,14603.25,15615.32,16377.2,4041.62,4755.87,4313.23,5972.7,1365.74,4983.48,0
191,10000,1,2,3,49,1,-1,-1,0,-1,-1,4870.04,4120.35,4234.94,3983.86,2905.25,3186.57,707.01,2067.67,1658.75,1665.61,1399.45,535.22,1
192,200000,2,1,1,39,-1,-1,1,0,-1,1,93296.34,97840.06,99510.81,75551.53,81049.19,87990.75,16747.14,21874.45,24592.73,19816.35,43222.16,27680.82,0
193,300000,2,1,1,51,-1,-1,-1,-1,-1,-1,224558.67,215232.34,182851.09,140566.02,112248.05,97654.69,79508.22,16793.37,15986.25,23017.32,16180.27,14593.8,0
194,100000,2,3,1,29,-1,-1,2,-1,1,-1,22987.92,24325.11,22575.11,16049.16,16743.84,14395.42,4958.58,7980.02,5137.04,1123.98,1841.48,3036.53,0
195,50000,1,1,1,30,1,0,-1,-1,-1,-1,24004.07,22275.75,20779.13,20486.79,21127.63,19203.54,3307.36,11911.74,3527.71,7552.95,10919.54,1373.76,1
196,50000,2,3,1,57,-1,-1,-1,-1,-1,0,37894.98,35793.33,34095.81,29913.39,30435.2,29395.6,14809.16,3537.65,16450.61,13073.42,17888.65,10392.19,0
197,100000,2,2,2,30,-1,0,-1,-1,1,-1,77620.28,71930.34,67495.66,47543.1,38866.62,31522.27,39590.74,19880.92,36031.08,12174.18,10661.34,14120.36,0
198,200000,1,2,2,53,-1,1,0,-1,0,-1,38923.75,32265.45,30668.78,22712.32,22800.7,21933.69,19530.74,16414.91,4464.49,3517.39,12488.2,3537.12,0
199,200000,1,1,1,45,1,-1,0,-1,-1,-1,156024.47,131606.91,137390.16,112078.51,90192.62,74291.45,79378.42,23126.21,52909.98,15604.16,42775.16,28726.58,0
200,200000,1,1,2,24,0,0,0,-1,-1,-1,21944.54,20962.72,19219.47,16714.15,13770.87,13278.79,1305.19,4072.4,3085.17,3277.1,2881.21,1015.11,0
201,100000,1,2,2,25,0,-1,-1,-1,2,-1,78444.7,75303.99,72714.1,78195.19,80295.81,77170.47,33523.8,29500.38,36908.99,38312.57,10947.63,7400.95,0
202,10000,2,1,2,43,0,-1,-1,-1,-1,-1,3118.15,2932.12,2879.43,2639.04,2464.15,1725.72,1868.81,1540.96,1366.13,351.56,387.48,603.06,0
203,20000,2,1,1,59,-1,-1,0,-1,0,-1,11250.7,9043.91,9791.77,10356.7,8498.17,8910.33,5057.83,3322.45,3623.25,2992.87,2883.97,736.06,0
204,200000,2,1,1,25,-1,-1,0,0,0,-1,21540.69,20499.7,20426.33,16345.39,16015.65,12444.47,4226.39,2173.74,4586.86,6676.12,4300.82,3751.57,0
205,100000,2,1,2,28,-1,-1,-1,0,0,-1,68519.42,57564.35,48308.29,40235.64,41967.62,46042.84,24680.84,32302.72,28535.61,20762.44,24225.04,3924.63,0
206,10000,1,1,1,37,-1,0,-1,0,-1,0,4452.49,4318.53,4209.43,4429.67,4088.74,3761.71,1393.32,1487.43,1707.06,1468.86,1138.44,910.72,0
207,20000,2,2,2,21,1,0,-1,-1,-1,1,15532.8,13769.55,13749.94,12327.43,9707.57,8296.11,4698.08,3283.68,6274.24,5228.63,1004.09,4433.17,1
208,100000,2,1,2,32,0,-1,-1,-1,0,1,54441.6,59746.91,47967.83,44900.99,41843.2,30825.29,24360.28,27748.82,25626.95,14853.83,4841.99,14195.66,0
209,10000,2,1,1,55,0,1,0,-1,1,-1,7677.25,6969.22,5732.82,5329.64,4979.12,4841.66,919.55,2997.89,2883.91,2486.67,2729.36,1343.35,1
210,20000,1,2,1,34,-1,0,-1,-1,1,0,11786.63,12331.67,9935.62,9519.82,9066.31,7651.19,1363.1,2694.58,4982.62,4589.01,3036.67,1856.63,0
211,100000,2,4,2,38,-1,0,0,1,-1,0,69669.58,60868.8,49576.17,46382.52,46953.57,50953.56,22890.44,31682.1,9406.88,22253.52,26763.2,12768.8,0
212,100000,1,1,2,30,-1,-1,0,-1,-1,-1,69838.12,59840.48,49482.06,48380.91,52847.85,55115.49,40902.15,5760.63,11072.14,21999.68,30261.79,6750.11,0
213,100000,1,1,2,35,0,-1,0,0,-1,-1,29732.72,25758.24,28008.09,21255.65,15813.59,11856.48,2492.96,13742.35,7447.24,10519.7,9164.45,3140.28,0
214,20000,2,2,1,62,-1,0,0,-1,-1,-1,11236.01,10111.68,8716.43,8579.16,6663.02,5883.94,2851.67,1066.38,4830.84,4207.51,3710.16,2195.39,0
215,100000,1,3,2,53,0,1,0,0,0,2,79909.07,84276.9,72593.37,55188.3,56622.33,49694.23,26359.03,5886.6,5914.83,28974.35,30481.69,25660.51,0
216,20000,2,2,2,39,0,-1,0,-1,-1,-1,16062.02,16530.84,17476.83,14613.56,13321.38,13101.71,814.18,8689.43,3364.98,4484.6,5214.56,5573.4,0
217,50000,2,2,2,54,3,0,0,0,-1,-1,20388.31,18973.94,19463.97,20097.31,20062.11,16233.84,4323.8,1636.48,5714.28,10818.18,11504.4,6507.78,1
218,100000,2,1,1,45,-1,-1,0,-1,0,0,35991.53,30824.11,30908.71,29150.42,25255.88,26126.92,3993.71,18350.24,13702.22,2654.85,12313.15,2271.89,0
219,100000,1,2,1,36,-1,0,-1,-1,0,0,62317.4,50764.51,47034.36,51120.06,52936.96,56990.92,27298.05,4840.43,6546.78,12601.17,22481.53,7323.61,0
220,200000,1,1,1,28,-1,-1,-1,2,0,-1,144559.1,142472.03,115310.18,92354.13,80206.55,73865.09,42134.19,72057.39,37950.72,51545.94,43457.12,7529.8,0
221,100000,1,2,2,55,0,0,-1,-1,0,-1,12837.51,12991.89,13615.01,14544.87,15689.19,16801.56,5038.17,7538.24,3189.97,4042.73,7762.27,2603.91,0
222,100000,2,2,2,41,-1,0,-1,0,-1,-1,17474.56,17157.25,18156.47,17371.56,14877.26,12350.28,6663.58,6263.25,3068.02,9122.87,3864.17,5874.91,0
223,10000,1,4,3,39,0,-1,0,-1,-1,1,7229.86,6871.08,6490.0,5501.54,4470.33,3696.66,1784.1,983.06,544.25,1950.62,911.56,1446.14,0
224,50000,1,1,3,31,0,-1,0,-1,2,-1,22471.97,24536.22,24375.88,24734.58,18323.64,18128.26,1561.48,3409.69,12239.75,4742.52,2435.57,5316.84,0
225,50000,1,1,1,64,-1,2,0,-1,0,-1,31705.93,25599.34,24147.76,26126.61,27156.03,23836.08,6253.72,11984.15,10299.44,2710.04,15556.2,1343.77,0
226,20000,1,2,1,31,-1,0,-1,-1,-1,-1,15125.82,16585.8,14742.25,14916.56,16106.09,13053.37,4759.12,1443.38,3014.93,6464.64,1565.04,5449.27,0
227,500000,2,2,1,31,-1,0,-1,0,-1,-1,352721.03,311415.42,299609.23,210502.3,222651.69,183432.89,56955.95,133051.92,79111.22,36444.77,105480.71,63589.65,0
228,50000,2,2,1,42,-1,0,-1,-1,-1,0,37388.71,34208.56,34433.64,24244.99,24341.49,25143.43,21151.78,7132.56,12101.74,8903.59,6389.46,2402.58,0
229,200000,1,1,2,41,-1,1,-1,0,0,-1,102220.81,104854.03,88744.99,66600.2,58136.29,55741.02,28365.2,58682.11,20116.54,17717.51,17818.37,24270.36,0
230,100000,2,1,2,47,0,-1,0,-1,0,-1,22621.79,19638.76,18837.79,19596.76,16132.02,16399.58,5513.12,6964.77,2882.82,8202.58,1881.6,3253.72,0
231,200000,2,2,1,38,0,1,-1,1,-1,-1,95761.32,97001.89,100182.38,100192.28,81539.2,70540.38,10452.66,16713.02,16616.57,39279.18,9397.15,22305.11,0
232,100000,2,1,2,62,-1,-1,-1,-1,-1,-1,87063.08,78336.34,73845.88,70589.97,70860.0,76211.9,17576.18,40393.95,38242.38,27131.6,17231.79,17172.41,0
233,100000,2,3,2,60,0,-1,-1,-1,0,0,34436.28,37265.82,31566.7,30865.99,25864.05,27319.75,12679.03,22016.05,9992.95,10298.38,11437.74,6212.94,0
234,50000,2,2,2,58,-1,0,-1,-1,2,-1,21770.84,18538.13,19667.43,18643.2,18905.09,13504.2,10902.74,8516.51,6083.63,7996.38,3732.26,1113.62,0
235,20000,2,2,1,50,0,2,-1,1,-1,-1,14246.96,15380.09,15413.28,12934.11,14135.84,11958.59,6772.79,6672.46,4056.49,5725.38,6120.23,912.03,1
236,100000,1,2,2,53,1,-1,-1,-1,0,1,16077.87,16677.93,16507.12,16312.0,12650.57,9229.46,6862.09,8694.69,7386.65,2705.45,7566.85,4409.73,1
237,50000,2,2,1,41,1,-1,-1,-1,-1,-1,35281.89,30027.39,29892.31,32105.51,23939.31,19034.64,19858.93,1835.29,15134.63,12130.48,6788.32,986.11,1
238,10000,2,1,2,22,-1,0,-1,-1,-1,-1,3193.7,2926.35,2556.22,2555.89,1911.25,2045.56,586.57,1577.04,1140.87,146.36,1078.96,425.86,0
239,100000,1,3,1,33,0,-1,0,1,0,-1,31386.19,26090.99,24726.28,25886.4,18731.38,19824.69,5621.62,4888.87,7827.22,8648.92,1754.76,11363.53,0
240,20000,1,1,1,22,1,2,-1,-1,0,1,11318.77,11091.45,9957.86,7915.13,7728.11,5583.08,856.35,4156.75,1596.03,3852.57,1718.74,2731.97,1
241,300000,2,2,3,63,-1,0,0,-1,-1,-1,91268.91,99315.03,104286.57,87570.9,82070.86,58624.05,39885.71,29395.53,36292.4,7288.24,31141.62,19645.84,0
242,300000,2,1,2,51,0,0,-1,-1,0,-1,183877.19,151472.38,147932.34,133596.98,123682.89,118532.4,90212.58,43683.65,66492.87,30394.75,20795.22,54311.9,0
243,300000,2,2,2,30,1,-1,1,-1,0,-1,248124.39,217712.78,221019.44,196397.31,183168.84,145498.15,47842.98,64813.78,61287.99,13748.57,46758.28,82800.57,0
244,50000,2,1,3,43,-1,-1,0,-1,0,0,21185.37,21749.05,21707.52,19241.43,14004.22,9815.4,10272.4,9266.8,12915.06,6948.05,4176.68,5564.64,0
245,10000,2,1,1,42,0,0,-1,-1,0,0,8548.43,8014.11,7574.26,7242.67,5913.65,6109.88,3760.77,3380.4,4274.11,4051.56,2488.37,1803.67,0
246,300000,2,4,1,49,0,-1,-1,-1,-1,-1,256143.06,230960.79,240535.63,250675.77,202129.59,172560.35,89020.43,59296.65,135415.58,57234.31,34333.11,39227.6,0
247,50000,2,1,2,53,-1,0,-1,0,0,1,13302.76,13041.46,12840.75,13545.26,12077.09,10469.37,4714.62,7773.6,4834.09,3400.04,2946.86,4831.34,0
248,300000,2,2,1,51,-1,-1,0,2,-1,-1,133628.78,118687.93,103025.35,78319.94,82361.15,61251.31,58503.08,69013.8,36473.76,13097.97,47362.62,16880.99,0
249,300000,2,4,2,34,-1,-1,-1,-1,-1,-1,267627.35,240505.24,213382.11,157062.22,171019.48,152224.0,160305.0,32822.24,73319.7,71467.37,33589.05,20571.66,0
250,200000,2,1,1,30,-1,1,-1,-1,-1,-1,40558.54,42255.25,44287.31,36514.28,34499.38,34861.15,9146.12,18098.33,13645.64,11990.35,15676.74,5458.15,0
251,50000,1,2,1,38,-1,0,1,-1,0,-1,24014.13,22032.37,23847.16,23725.32,18949.82,15536.07,2160.74,7303.5,3304.82,4794.01,10025.17,5417.65,0
252,50000,2,1,2,31,-1,-1,-1,0,-1,-1,22275.13,22501.61,21700.58,22077.76,18816.29,19402.4,9684.15,4477.52,11549.78,1622.24,7888.19,6403.74,0
253,200000,2,1,1,59,-1,1,-1,-1,-1,1,149599.11,126445.48,115781.35,98797.47,82018.16,78744.76,9853.64,62534.68,57858.71,51272.44,39674.07,24004.14,0
254,50000,1,2,2,23,0,0,0,1,0,-1,11483.43,10560.69,10428.72,8595.14,6718.19,5818.23,6225.94,1832.23,4782.07,3699.07,3971.94,1475.09,0
255,20000,2,3,2,22,0,0,0,-1,0,0,5544.16,5353.31,5059.16,3805.49,4153.31,3745.7,3243.27,2241.29,2172.65,2234.89,965.71,857.04,0
256,100000,2,1,2,28,-1,-1,0,-1,-1,-1,24044.26,21163.5,22274.76,17714.96,13332.71,9928.97,10808.95,9624.66,6828.71,6357.65,2559.76,1524.38,0
257,300000,1,2,2,51,-1,-1,1,-1,0,0,69991.17,64845.45,68081.13,50401.16,46700.09,49388.1,16705.4,17603.9,40682.37,29103.16,13901.99,20990.67,0
258,100000,2,2,1,28,-1,0,2,1,1,-1,30622.96,31478.79,29490.78,24227.88,24699.59,26120.86,5332.89,2228.79,8624.41,10491.45,9906.4,8533.87,0
259,100000,2,3,2,63,-1,-1,1,2,0,-1,52257.67,44338.09,46172.57,44808.13,48206.03,41118.81,5781.11,10019.93,8978.55,12850.57,5251.64,10408.81,0
260,10000,2,1,2,22,-1,-1,-1,2,-1,-1,6655.14,6323.88,5425.18,4077.46,3181.97,3066.09,354.54,3130.28,1266.57,728.35,250.82,1464.26,0
261,100000,1,2,2,42,0,-1,-1,0,1,-1,40424.73,35514.52,32395.43,26840.3,20852.46,20974.39,11591.51,14920.67,14362.63,2221.04,2620.8,8344.18,0
262,500000,2,2,2,25,-1,-1,-1,-1,-1,1,228491.73,210914.2,173768.11,158381.94,142366.5,146677.54,92747.5,66819.04,37467.67,8367.53,20190.91,68291.9,0
263,20000,2,2,2,27,-1,0,0,-1,0,-1,14678.3,13395.65,13962.8,11600.89,9904.13,9803.78,3772.29,5913.97,5832.92,5881.97,709.15,3965.06,0
264,100000,1,3,2,40,0,-1,-1,-1,0,-1,52017.48,51840.73,56639.78,49606.8,39672.24,35723.06,15137.5,8750.34,24973.07,19485.83,14907.16,14066.14,0
265,200000,2,3,2,48,0,-1,-1,0,0,-1,114364.44,117812.57,114635.08,103027.96,76009.71,74424.02,48819.35,65885.44,62783.91,15734.46,28063.74,20578.09,0
266,100000,2,1,1,33,0,1,-1,-1,0,0,51437.89,48861.94,50325.3,50828.74,42993.89,46389.06,14143.8,25000.4,15241.66,21714.39,13484.93,9489.91,0
267,100000,1,2,1,22,1,0,0,0,1,-1,73177.87,62199.41,57253.2,59385.21,48258.07,42880.83,34787.19,4216.49,18281.1,32923.65,5882.17,7594.16,0
268,100000,2,2,2,52,-1,-1,0,-1,2,-1,24678.55,26173.76,25348.39,19694.58,15141.38,11094.17,9952.57,10948.81,2228.74,1596.38,8640.0,6038.17,0
269,50000,2,1,1,46,3,0,-1,0,-1,1,44250.07,37871.89,34244.02,29029.81,24595.93,25172.34,18552.71,7671.95,5018.2,14291.49,10772.71,4039.42,1
270,50000,1,2,1,23,2,-1,0,1,2,1,40177.13,39113.85,39468.0,36707.76,26894.06,26584.83,15694.03,12619.94,7454.28,18702.26,2845.02,11166.87,1
271,200000,1,2,1,61,-1,-1,-1,0,-1,0,84041.63,80527.9,70371.2,63316.62,67549.05,55307.27,9735.74,12758.13,39595.81,25869.62,24799.24,8526.55,0
272,200000,1,2,2,62,2,0,-1,0,-1,-1,86414.71,76563.27,64770.44,47422.8,44558.51,41675.55,36833.71,34733.71,26069.8,26791.16,3202.67,23605.39,1
273,200000,1,4,1,33,1,0,2,-1,0,-1,155839.02,169223.1,180995.56,151671.69,135245.36,98612.88,58553.05,12638.84,98862.81,88195.8,36855.86,15562.98,0
274,300000,2,1,2,41,2,1,0,-1,2,0,136935.51,137346.23,145488.73,115082.88,86526.96,77148.46,50097.29,48683.21,32258.86,54676.17,42787.15,40130.43,1
275,100000,2,3,1,57,0,0,-1,2,-1,0,50653.07,47664.25,50070.72,43406.66,43883.1,37722.52,19203.01,5269.55,11584.39,6187.04,15017.29,21287.48,0
276,100000,1,2,2,43,0,1,2,-1,1,0,69678.08,65012.84,68033.52,56821.11,41488.69,33203.88,41311.5,14240.62,22061.66,5433.43,4265.43,5438.57,1
277,200000,1,2,1,27,-1,2,-1,-1,2,-1,82078.38,67939.27,69220.02,67707.78,74074.79,56408.06,23789.0,10621.24,28573.63,19144.98,38199.85,30340.72,0
278,100000,1,3,2,37,0,0,0,-1,1,-1,46321.51,47905.91,50896.57,43800.46,45425.32,38043.09,5018.39,13823.12,6662.68,11857.72,4132.49,4192.47,0
279,100000,2,2,1,48,-1,1,0,0,-1,0,12969.51,10701.06,9235.7,7357.25,6536.1,7022.72,4306.92,3368.06,1341.14,947.66,2078.14,3054.83,0
280,200000,1,2,3,50,-1,0,-1,-1,0,0,41308.82,35534.51,37706.41,35740.41,34622.59,31350.05,5472.17,14658.2,18532.93,2573.47,11515.71,10307.48,0
281,200000,2,2,2,25,3,-1,-1,-1,0,-1,93385.5,79316.84,85292.37,84503.97,62158.5,48511.81,46085.34,23583.09,44727.35,15779.5,29556.32,28069.61,0
282,50000,2,2,2,44,-1,-1,-1,1,-1,-1,6826.58,5600.84,5683.74,4224.77,3782.91,3912.18,1278.58,2512.4,305.74,882.14,2239.89,1230.46,0
283,50000,1,3,2,27,0,-1,-1,1,2,-1,17280.53,18125.12,17759.09,14216.05,14611.63,11802.8,10327.1,8948.66,7819.33,7931.15,3936.21,1034.36,0
284,10000,2,3,1,54,-1,2,-1,-1,-1,0,4497.95,4821.3,4198.49,3289.62,2405.62,2456.36,664.25,2876.08,1037.58,1937.55,968.11,293.37,1
285,100000,2,1,2,62,-1,0,-1,0,-1,-1,18129.39,17905.59,18977.2,14810.47,11653.1,8234.94,4675.84,2113.22,4532.06,8766.1,3917.4,1867.65,0
286,10000,2,1,2,53,0,0,0,0,-1,0,1522.6,1619.03,1575.39,1671.16,1689.41,1806.57,198.53,445.15,561.6,830.06,158.54,556.31,0
287,50000,2,2,2,47,-1,-1,0,-1,-1,-1,5651.22,5665.45,5570.28,4180.0,3692.46,3374.2,1585.61,1075.33,2590.84,1982.09,1803.78,1946.44,0
288,100000,1,1,2,34,3,-1,0,-1,-1,-1,48825.81,49094.44,48209.18,50545.1,48825.68,49084.03,15440.18,22024.2,27016.47,28608.82,16478.83,15528.48,1
289,50000,1,2,2,39,-1,-1,-1,-1,1,-1,10873.4,11600.2,12296.6,10545.1,10832.53,8944.29,4989.24,3870.27,685.97,2501.02,4155.91,5022.3,0
290,100000,2,1,3,58,-1,1,-1,0,2,2,65087.73,53865.21,45305.66,43326.73,32849.56,34111.19,3304.27,5991.71,8901.59,14993.93,7758.09,18841.0,0
291,10000,1,2,1,32,-1,1,-1,-1,-1,-1,4943.52,4035.99,3303.46,2895.09,2569.16,2509.2,874.72,341.19,869.41,1080.27,1421.12,358.31,0
292,10000,1,1,2,23,-1,0,2,0,-1,-1,1151.5,939.71,814.91,765.61,708.22,509.1,228.52,305.83,75.84,280.39,303.18,282.86,1
293,200000,1,1,2,27,-1,-1,0,0,-1,-1,29445.57,27248.09,25818.32,23769.96,22486.25,16105.73,11199.19,6618.41,1795.1,6834.41,5539.43,3065.72,0
294,50000,1,2,2,55,0,-1,1,-1,-1,-1,41711.34,45211.68,42536.27,37141.8,38594.32,32589.57,8444.75,15359.52,25370.33,21786.18,12475.32,16628.6,1
295,20000,2,2,1,45,0,-1,-1,-1,1,-1,3989.36,4232.63,4036.27,3269.42,2911.57,2098.52,1267.67,790.66,1635.53,737.95,635.03,1230.58,0
296,100000,1,4,2,35,-1,-1,0,-1,-1,-1,70585.92,73027.42,60926.82,65334.8,54024.86,38753.15,22465.86,19220.91,12041.34,11225.33,21683.63,3471.75,0
297,200000,2,3,2,39,-1,0,0,-1,-1,-1,59403.43,54720.93,56793.08,60563.4,61832.63,52622.9,29448.98,32049.63,14572.88,27618.61,30596.95,22352.96,0
298,20000,2,2,1,39,1,-1,0,-1,0,-1,7145.06,7482.7,6664.37,4854.64,5139.84,4072.46,3799.34,1366.58,2925.25,2694.6,1226.24,1158.36,1
299,100000,2,1,2,43,0,0,0,-1,0,-1,11983.27,10372.09,11139.3,8793.46,7417.01,6232.77,7038.59,652.14,1446.58,5122.39,3709.74,1871.86,0
300,10000,1,3,1,31,0,0,-1,0,-1,0,5449.19,5316.26,5592.65,5199.07,5149.87,4436.1,2792.37,2963.64,1586.63,2557.83,2882.86,1585.12,0
301,10000,2,3,3,41,0,-1,0,-1,0,-1,4736.36,4848.97,3971.5,4337.59,3403.98,2499.45,2523.9,2385.29,2084.45,1131.03,909.77,1424.66,0
302,100000,1,3,2,54,0,-1,0,-1,-1,-1,69596.36,57607.16,47011.43,46587.17,34289.67,32313.8,40646.86,17280.1,9364.7,23196.68,6072.65,12850.21,0
303,100000,2,1,1,59,1,2,-1,-1,0,0,82455.14,87587.21,86596.91,88964.01,75674.06,63502.31,41646.83,30030.03,12557.95,41767.32,43051.18,37815.83,1
304,100000,2,4,1,27,1,-1,1,-1,-1,-1,53816.7,54795.94,45107.07,37244.41,32133.89,32272.0,8747.92,12847.27,24210.4,10110.45,2574.4,18746.33,1
305,100000,2,1,2,62,-1,0,-1,0,0,-1,86181.34,82732.68,80379.05,63303.73,47199.55,51754.0,41866.94,10648.73,46018.1,6807.11,14907.36,26962.17,0
306,500000,2,2,1,64,-1,-1,0,-1,-1,-1,109258.9,89452.72,73686.6,58240.77,43150.9,36791.02,48100.96,17659.04,39359.78,30272.98,20651.4,15986.65,0
307,100000,2,3,2,47,-1,0,0,-1,-1,0,37571.65,37885.59,35756.59,31941.81,31382.42,31281.3,13365.1,9351.88,19926.61,6964.13,2361.66,5552.49,0
308,50000,1,1,2,43,1,-1,0,0,0,-1,38193.67,35679.58,33029.73,34462.96,34033.07,27842.3,5575.22,12684.99,9057.29,3866.6,13688.98,10166.24,1
309,200000,2,3,2,58,-1,0,-1,-1,-1,-1,108530.31,110809.79,108292.21,85177.02,62093.94,63615.39,8292.64,22746.98,33309.38,50485.7,31759.13,11361.43,0
310,50000,2,1,1,40,0,0,0,-1,-1,0,26878.86,21796.37,19766.22,18345.57,16560.56,16116.75,4554.12,4962.17,7735.51,10260.59,3542.69,9264.47,0
311,50000,1,4,3,47,0,-1,-1,0,-1,-1,23415.43,22769.82,19172.51,19623.41,18129.46,14497.88,12464.49,8002.63,1577.48,9148.92,4000.78,8370.21,0
312,10000,2,1,2,28,0,-1,2,-1,-1,-1,1149.33,1073.6,1130.1,1017.26,914.96,809.06,227.9,220.46,480.28,88.63,62.77,188.45,1
313,10000,2,4,1,57,-1,2,-1,-1,0,-1,1642.72,1526.0,1357.82,1176.9,1284.8,1313.66,485.98,892.04,473.05,526.81,453.61,100.44,1
314,300000,2,1,1,23,-1,-1,-1,-1,-1,0,51483.52,49180.74,40339.96,33829.61,29874.55,29390.07,30821.45,14532.86,22816.23,13984.56,2503.28,14850.2,0
315,200000,2,2,1,22,-1,0,2,-1,-1,-1,50313.33,42117.32,40018.97,37625.01,34543.81,24617.68,16614.5,20821.62,13977.17,6980.95,1769.39,5998.1,0
316,100000,2,2,2,42,-1,0,-1,0,-1,0,17542.08,18956.6,20156.6,20702.36,17060.16,11952.66,8282.05,8043.11,11994.33,6258.9,2043.85,2698.1,0
317,50000,1,2,1,26,-1,-1,-1,0,1,0,9264.15,9369.86,8284.98,9100.66,7288.78,7300.03,4514.13,1165.54,4831.73,5282.72,2106.92,2693.51,0
318,20000,2,1,1,59,0,-1,0,1,-1,-1,12190.25,10062.5,9410.71,9860.01,10131.96,8930.93,6504.68,4830.3,2548.77,588.57,4667.72,448.89,0
319,20000,1,2,2,60,2,-1,-1,-1,0,-1,3893.55,3207.66,2953.52,2602.34,2787.55,2521.6,907.46,597.72,203.64,801.98,1174.44,646.12,1
320,50000,2,1,2,56,0,0,-1,1,-1,0,23601.31,20372.62,16593.83,12141.65,10061.79,10925.69,3159.99,11003.17,8200.22,4506.13,2231.63,3048.28,0
321,100000,1,2,2,64,0,0,-1,0,-1,0,15050.34,13122.64,13916.61,10412.62,10819.61,8145.94,8108.22,5866.14,7221.7,5492.91,2451.1,4756.69,0
322,100000,1,1,2,44,0,1,1,-1,0,-1,31552.56,29900.63,30727.82,21869.91,18998.26,13543.6,12156.02,13289.57,10881.52,9576.11,7821.24,1857.01,1
323,100000,2,4,1,32,-1,0,-1,0,0,0,83947.94,80668.65,66852.59,56494.8,51399.32,39864.72,31707.6,17605.16,30281.85,5936.65,22566.11,5295.6,0
324,50000,2,1,2,37,-1,0,0,-1,0,-1,6240.27,5265.18,4420.91,3946.19,3043.51,2997.9,2267.66,1400.93,1381.06,1016.48,1362.23,1171.13,0
325,300000,1,1,1,42,-1,-1,-1,-1,0,-1,240470.83,262608.47,210920.44,216877.62,202513.45,156515.91,16659.51,118786.58,83960.47,25709.87,27769.01,14556.45,0
326,100000,2,1,2,39,1,0,-1,-1,-1,-1,70768.74,74125.35,81220.29,59639.54,64474.0,58765.42,13220.56,18524.68,26940.0,33517.76,5532.11,23012.01,1
327,100000,1,2,2,29,3,-1,-1,0,-1,-1,83673.29,82840.43,76615.31,60621.69,43661.17,45506.23,35130.42,24777.3,24050.93,26080.94,14299.65,12472.98,0
328,100000,1,1,1,32,0,-1,2,-1,-1,-1,72949.73,64441.72,69540.15,62882.43,50589.85,52418.76,4971.28,23032.09,34847.69,11792.11,13622.53,2696.72,0
329,50000,2,2,3,52,-1,0,-1,-1,-1,-1,38047.16,40828.48,37808.93,39317.91,38443.18,30143.71,14599.16,8740.55,5622.49,5023.56,21570.59,8812.65,0
330,20000,2,3,2,51,0,0,-1,2,-1,-1,3723.58,3331.02,2768.54,2035.03,1643.24,1739.99,289.05,1564.96,784.95,240.26,87.37,793.99,0
331,50000,1,2,1,37,0,-1,-1,-1,-1,-1,38421.85,34417.18,31078.62,24781.3,20994.41,23042.05,2100.22,6918.97,13079.0,8211.94,10390.53,2832.58,0
332,200000,1,2,2,43,0,0,-1,-1,-1,-1,96339.36,87271.69,80767.29,74108.99,60475.71,65894.77,52066.09,6902.7,47820.95,14379.93,36015.37,9947.27,0
333,10000,1,1,2,30,0,-1,-1,1,-1,0,3812.63,3104.93,2648.46,2197.55,2388.71,2523.61,2100.84,1498.85,965.22,1279.22,1236.66,451.62,0
334,20000,1,2,2,50,1,1,-1,-1,1,-1,4461.73,3652.18,2980.37,3269.34,2925.57,2121.76,934.89,928.37,1050.9,869.47,1457.3,561.07,1
335,10000,2,1,2,39,0,-1,-1,-1,-1,1,1005.36,947.79,848.23,747.17,563.02,535.36,528.52,488.34,279.42,445.37,35.11,306.25,0
336,10000,2,2,2,46,0,-1,0,0,0,-1,6141.03,6537.29,6287.49,6693.3,5012.71,4391.06,560.1,2569.34,493.82,3504.85,2636.56,389.94,0
337,200000,1,1,1,46,3,0,-1,-1,-1,0,136163.54,147425.96,129233.27,139100.89,114638.42,93054.16,37631.86,74753.61,52724.75,76250.35,42562.85,46705.8,0
338,100000,2,2,1,31,0,0,-1,2,0,-1,41047.1,42389.97,46103.56,37056.8,31883.45,26342.33,12808.49,11013.83,26745.68,9778.26,13062.42,12918.35,0
339,50000,2,2,2,40,0,0,-1,-1,-1,-1,11569.77,10659.54,10067.16,8361.79,6819.42,7346.11,3178.22,3813.26,4503.81,976.54,1829.79,2248.85,0
340,10000,1,3,1,24,0,0,-1,0,-1,-1,2156.53,1926.1,1616.15,1340.85,1233.87,1333.58,521.03,109.72,364.87,686.16,702.32,166.46,0
341,50000,2,1,2,32,1,2,-1,-1,-1,-1,11729.51,10142.64,9372.29,8196.3,8595.61,6365.09,4530.24,1941.11,3854.95,432.54,2902.66,2461.27,1
342,50000,2,2,1,45,0,0,-1,-1,0,0,7248.33,6969.53,7055.32,5116.94,5195.08,4059.79,3058.46,3700.74,2308.17,1517.49,2024.53,1818.12,0
343,20000,1,1,1,30,0,0,0,-1,0,-1,7754.37,7325.85,6931.31,7090.32,6605.31,7049.1,4475.5,2142.41,2887.81,926.67,1089.24,954.36,0
344,50000,1,2,1,42,-1,0,-1,-1,-1,-1,29646.46,27869.71,25065.19,18857.59,18663.35,17647.5,3547.52,11140.55,15004.74,10302.32,6662.46,7666.43,0
345,50000,2,3,2,27,1,1,-1,-1,-1,-1,22884.29,20478.39,17035.77,18014.75,17383.68,17079.76,12476.88,4176.41,6564.71,9506.18,2978.79,9501.33,1
346,100000,2,2,2,44,0,-1,0,-1,0,-1,20038.49,19529.07,18315.67,17045.16,12381.36,10388.02,9789.93,10133.87,1109.73,2142.57,1399.13,1602.05,0
347,100000,1,2,1,22,0,0,0,0,1,-1,75291.96,73965.28,61333.19,54745.7,52220.81,41594.98,15472.78,27843.63,11620.94,19343.59,17403.79,4954.78,0
348,10000,1,3,2,52,2,0,-1,-1,-1,0,3296.45,3502.67,3191.86,3077.96,3228.25,2835.02,527.9,1924.29,902.91,550.25,1663.71,1181.58,1
349,50000,2,2,1,41,2,-1,-1,-1,0,0,29107.2,29934.45,24991.29,26821.66,27680.33,23149.11,3320.39,5507.06,2208.5,8931.22,14741.79,7283.03,1
350,100000,2,2,2,27,1,0,-1,-1,-1,0,29654.71,26658.6,26734.52,21886.67,19435.8,20948.17,8393.7,11997.81,8140.9,12849.42,10987.81,10886.02,0
351,100000,2,2,1,28,-1,-1,1,-1,1,0,57599.23,52637.7,54310.58,43886.98,36441.96,27913.32,20308.05,3225.14,16214.78,7756.22,20587.91,9316.25,0
352,200000,2,2,2,58,0,-1,0,-1,0,-1,40745.13,35523.64,31013.76,26298.16,22383.14,24547.28,14805.77,13455.83,16512.59,2259.13,13044.07,12310.4,0
353,100000,1,1,2,41,-1,1,-1,-1,-1,-1,62439.99,53152.39,43713.31,39111.33,36229.6,38496.93,17434.04,11470.32,9124.75,7429.24,16193.05,10290.69,0
354,20000,2,3,2,28,-1,-1,-1,-1,-1,0,11170.63,9301.42,8409.5,6141.3,5305.13,4925.61,4769.22,1095.31,2306.8,3631.51,590.68,777.59,0
355,10000,2,2,1,45,2,0,0,0,0,-1,5154.34,4176.24,4043.26,3930.03,3298.83,2761.02,2264.39,1648.4,727.17,373.05,1285.93,708.22,1
356,100000,2,1,2,48,2,-1,-1,0,-1,0,27367.07,25322.88,26092.22,23701.07,17715.27,17528.51,9120.49,1671.56,12780.65,1675.41,6818.57,4342.66,0
357,10000,1,2,2,48,0,0,0,-1,-1,-1,5233.27,5692.42,5241.97,4801.48,3564.93,3180.87,1849.61,773.91,2543.16,640.0,388.45,683.01,0
358,100000,2,2,2,51,-1,-1,1,-1,-1,-1,81768.36,78612.39,71520.27,57206.09,40716.4,34607.89,12853.35,19960.35,40739.68,28233.92,17774.95,6188.1,0
359,300000,2,1,1,56,-1,-1,-1,-1,-1,-1,60063.62,61423.88,65877.18,68264.56,74924.23,62412.58,21302.7,18166.16,33430.32,21111.3,20806.8,16390.68,0
360,100000,2,2,1,45,0,1,-1,1,0,-1,66298.1,60948.95,56981.53,48959.88,41374.24,30288.85,6059.95,33494.24,28127.0,11560.86,3666.71,17700.72,0
361,50000,2,3,2,61,-1,-1,-1,-1,1,-1,9548.5,8739.95,8164.56,7845.37,5719.78,4998.36,3474.43,2047.67,1468.4,3229.68,3227.56,1601.58,0
362,100000,1,3,1,57,0,-1,-1,0,-1,-1,37052.33,31033.58,28643.99,22801.31,21138.17,16892.27,14953.76,2424.69,12200.62,2348.83,3286.69,2134.36,0
363,50000,2,4,1,58,0,-1,0,-1,-1,-1,32353.23,28792.93,26171.79,26865.79,26060.34,18445.34,19087.84,16678.42,1911.49,11635.82,3079.68,3308.06,0
364,100000,2,3,1,32,2,-1,-1,-1,-1,-1,54818.49,59127.31,60223.81,49376.69,48009.48,38086.92,15553.95,29974.1,3745.21,10722.38,7753.14,9298.22,0
365,300000,2,1,2,57,-1,-1,-1,1,-1,-1,192783.27,182577.41,161496.07,172586.78,187733.85,149043.12,62200.85,31967.27,35070.7,89953.6,88301.65,22897.19,0
366,50000,2,2,1,57,-1,-1,-1,1,0,-1,43534.32,37496.23,34257.78,30212.52,23725.74,19476.23,13003.13,12504.37,18090.56,13545.14,11249.88,8919.47,0
367,300000,2,3,2,51,1,0,1,-1,-1,0,262706.4,262476.82,232209.86,176029.02,186219.65,200771.43,50671.08,35553.22,46787.79,93768.67,18093.16,97346.23,0
368,300000,1,2,2,38,0,0,-1,0,-1,0,249568.54,230010.94,223362.63,210961.02,224140.74,237557.75,25428.76,132396.75,125294.35,31986.1,74420.82,116741.22,0
369,20000,2,2,1,46,-1,0,-1,0,0,0,9917.28,10395.3,11311.3,10436.41,9216.45,6569.55,3990.0,3471.25,1937.43,1373.46,3959.11,3637.35,0
370,10000,1,2,1,26,-1,0,-1,-1,-1,-1,3728.33,3086.49,2830.59,2458.57,2658.01,2113.85,334.27,955.05,215.33,1084.89,1131.33,1104.08,0
371,20000,1,2,1,29,1,-1,0,0,0,-1,6473.48,6192.15,6752.3,6940.59,5418.54,4751.54,1854.88,3132.44,2543.34,3863.2,2270.45,1755.27,1
372,10000,1,3,2,31,0,1,-1,1,-1,0,5605.51,5831.77,5814.32,5049.83,4220.66,3423.43,314.23,705.31,2904.6,2487.94,1196.0,1111.35,1
373,10000,2,2,2,51,2,-1,-1,-1,-1,-1,4628.63,4888.46,5077.32,3830.78,3845.18,3299.54,2625.76,955.14,1845.78,2173.26,1057.53,1617.94,1
374,100000,2,2,2,22,-1,2,2,1,-1,-1,89561.98,82298.83,74060.8,52689.31,56801.3,58632.98,38833.63,37278.08,24284.69,2956.57,31562.44,34067.33,1
375,10000,2,4,1,49,1,-1,-1,0,0,-1,5284.6,5402.51,4685.74,4952.2,3620.86,3359.12,912.78,2094.45,1365.51,734.27,2079.48,224.36,1
376,50000,2,2,2,62,0,2,-1,-1,1,0,18159.37,19788.5,19255.06,17073.11,16545.39,14356.77,3666.1,2720.24,8545.11,6661.61,2432.22,3563.11,1
377,200000,2,1,2,25,-1,0,0,0,0,-1,121753.29,120119.16,131797.78,121937.3,131359.11,117479.34,27666.5,19924.12,76589.24,34450.38,78490.4,49036.83,0
378,10000,1,2,2,43,3,-1,-1,0,-1,-1,1349.74,1408.42,1426.81,1064.25,788.8,638.84,452.83,751.98,317.88,501.18,99.13,157.54,1
379,200000,2,3,2,56,0,2,-1,-1,-1,0,37725.84,36674.23,36838.8,32998.91,25515.68,20004.36,14995.28,18448.97,8787.06,2872.98,12311.9,9393.27,0
380,50000,1,2,1,27,2,-1,-1,-1,-1,-1,31546.52,32715.75,30590.23,27939.47,27126.74,21293.25,2906.14,1903.58,2655.0,11089.81,2912.19,10337.64,1
381,20000,1,2,2,33,1,0,0,0,1,0,3973.45,4300.11,4574.65,4053.6,3862.5,3937.61,1641.8,2465.37,644.46,2274.65,1518.81,1675.76,1
382,100000,2,2,1,62,-1,1,2,0,2,-1,70432.89,71379.41,72028.27,77909.23,63836.75,49625.39,6405.08,26404.7,24441.77,13736.74,22645.9,6804.97,0
383,100000,1,1,1,30,0,-1,0,-1,0,0,14952.66,12654.86,12686.06,11779.69,12658.72,13474.79,8263.45,3912.62,2835.09,5000.54,7586.2,7584.51,0
384,200000,1,3,2,56,0,-1,-1,-1,-1,0,115022.33,94844.66,84199.27,91756.57,78419.43,68988.8,37212.74,23291.41,42171.12,21938.55,26272.0,15900.5,0
385,100000,2,3,2,36,0,0,-1,-1,-1,-1,64278.56,67082.78,72940.45,55531.99,46455.07,42431.5,36222.41,17219.64,28606.3,14110.3,18514.21,24934.61,0
386,200000,2,1,2,35,0,0,-1,-1,-1,-1,144735.12,127006.5,111145.47,118445.03,122768.16,115941.01,58376.94,40899.14,50262.13,39470.35,54787.26,28242.26,0
387,50000,2,1,1,63,1,1,0,-1,-1,-1,40427.96,42957.92,41115.29,37874.11,35020.88,28804.63,10942.1,7123.05,12043.86,8211.64,15725.84,3987.29,1
388,20000,2,4,1,39,-1,0,0,0,-1,0,6995.78,6008.3,5418.69,4434.95,3888.64,4115.05,3361.86,734.89,567.79,2579.6,1558.32,858.35,0
389,200000,2,3,2,41,0,-1,0,1,-1,-1,135066.31,144968.57,123836.87,123625.93,113476.27,107045.42,11810.79,51979.2,44494.11,9148.6,54644.24,53306.77,0
390,200000,2,3,2,55,-1,0,2,-1,-1,0,32916.74,34284.91,28910.0,26669.62,26316.83,27890.6,12273.5,10259.39,5566.65,12091.39,11913.47,6121.66,0
391,500000,1,3,1,35,-1,2,-1,0,-1,0,381917.88,406505.32,360922.65,335755.72,246229.19,222345.04,73221.11,171683.45,121730.92,31785.63,62174.4,84240.65,0
392,50000,2,2,2,34,1,-1,-1,0,-1,-1,40609.16,35322.34,35558.79,27336.73,22784.1,16304.0,20852.81,11337.48,3960.02,14205.59,2658.8,7055.2,1
393,50000,2,2,1,49,-1,-1,0,-1,-1,0,34946.31,37167.5,40603.06,39465.21,41209.8,29360.3,18865.63,9880.28,19431.16,12324.89,22529.64,6383.31,0
394,200000,2,2,2,25,-1,-1,-1,0,-1,-1,65012.71,63469.83,67022.87,54801.65,54418.36,44790.49,24185.18,15166.45,18073.61,9480.42,3013.27,18591.94,0
395,50000,2,1,2,38,-1,1,-1,-1,0,2,7493.74,6183.85,5351.56,4507.65,3288.29,3416.31,1449.9,2272.91,2225.4,1442.48,532.78,461.06,0
396,300000,1,2,1,21,0,-1,-1,1,2,-1,131185.36,141589.95,116602.7,123905.59,109546.19,88357.58,34624.31,28785.17,37408.47,71305.29,38616.41,35048.48,0
397,200000,1,2,1,47,-1,1,-1,-1,-1,-1,63301.7,54337.71,54663.96,42189.6,34729.74,31040.57,24767.93,27154.51,16766.62,5905.33,16781.18,12731.91,0
398,50000,2,2,2,47,0,2,-1,-1,0,2,26207.65,22644.71,18319.81,19321.13,19652.83,15341.32,7439.98,11016.25,4763.81,7396.47,3291.43,1043.08,0
399,200000,1,2,2,45,0,-1,1,-1,-1,0,83017.81,83948.38,88795.29,79930.61,60549.46,60550.79,39632.89,33928.05,28018.31,24853.21,24167.87,12821.91,0
400,200000,2,2,2,61,-1,-1,-1,-1,-1,0,41758.32,40710.99,42651.46,32901.51,24937.99,24137.48,10561.27,10672.29,16505.59,14269.76,6431.74,1287.53,0
401,20000,1,1,2,41,0,-1,-1,-1,-1,-1,15386.94,16477.84,17105.81,17527.29,17468.39,18533.96,5047.11,6281.24,2963.79,2547.88,906.44,9004.6,0
402,300000,2,1,1,34,-1,-1,-1,-1,-1,0,237520.04,211888.37,204626.13,196645.44,215298.89,181287.62,36569.17,83064.71,90639.16,74251.1,95447.17,53595.16,0
403,100000,2,1,2,40,0,-1,0,-1,0,-1,75051.62,60980.67,66594.57,55854.74,47811.78,52304.0,32556.43,25770.34,21116.57,28931.97,18825.6,14893.17,0
404,200000,1,1,1,48,-1,0,-1,-1,0,-1,53657.12,58942.34,55259.03,45328.45,47386.32,49806.2,28216.85,15313.9,21508.44,2903.12,3815.98,15005.92,0
405,50000,1,4,2,41,-1,0,0,-1,-1,0,22139.7,19788.98,21687.92,18833.3,16182.35,14230.38,5571.32,5536.16,6721.74,9255.06,8548.18,3875.76,0
406,200000,2,1,1,43,-1,2,-1,0,-1,0,47434.56,40251.93,42850.65,32330.19,31124.63,32497.54,27279.3,22174.77,6000.57,10055.75,4470.79,4567.68,0
407,50000,2,1,2,31,-1,-1,-1,-1,-1,-1,31608.18,34620.89,29011.01,29698.57,26571.02,23114.91,2247.81,3837.45,6680.48,4616.26,13083.15,9571.56,0
408,10000,2,2,1,22,0,0,0,-1,-1,0,7439.84,7208.22,7701.76,6249.69,6232.79,6326.31,1273.61,882.19,1827.86,2403.27,1690.64,3508.14,0
409,300000,1,2,1,40,-1,0,-1,0,-1,-1,169568.62,143227.4,127681.52,131607.34,95136.74,80298.11,46945.16,85197.05,34837.87,28299.2,16172.69,47591.28,0
410,10000,2,1,1,44,-1,-1,-1,-1,-1,-1,5368.88,5641.33,5813.25,5769.78,5307.05,4256.93,1521.8,2216.15,1310.73,3414.81,1974.18,2078.55,0
411,50000,2,2,2,45,-1,-1,0,-1,-1,-1,33599.15,36408.91,29129.41,31364.63,34480.57,34309.73,16341.6,11005.43,12266.43,6240.25,10279.1,9050.9,0
412,300000,1,2,2,57,3,0,-1,-1,0,-1,57253.82,60940.05,53795.09,39789.89,39815.17,43232.91,30799.79,7069.37,32105.83,17627.49,21709.26,15542.3,0
413,300000,2,1,2,42,0,1,2,0,-1,1,89437.68,76879.36,78996.2,66330.95,52540.28,52045.16,19380.43,31071.78,34633.84,21626.57,21242.7,2965.82,0
414,100000,1,1,1,44,-1,-1,-1,0,-1,0,35094.3,28630.15,31255.66,29678.93,24404.26,26614.61,14083.88,13644.65,18046.9,7929.38,12230.9,6541.85,0
415,100000,1,3,2,35,-1,0,0,-1,-1,0,52600.46,47939.53,40810.38,42582.8,41546.74,44380.78,18588.73,16402.64,18611.99,14442.76,3039.63,18605.73,0
416,50000,1,3,2,32,1,2,0,-1,0,2,44041.08,39921.19,37439.03,28537.96,21676.38,18869.68,6501.76,3078.13,13951.75,6217.94,6751.06,10226.86,1
417,50000,1,2,1,51,-1,-1,-1,-1,-1,-1,39520.5,36429.04,35560.24,37144.78,26106.68,23548.5,9062.83,12052.77,15579.42,11288.5,5978.14,2608.71,0
418,50000,1,1,1,63,3,-1,-1,-1,-1,1,14881.8,15472.53,16799.58,12209.77,12321.38,9563.49,905.96,2072.8,8386.4,3129.55,1699.04,960.56,1
419,100000,2,2,2,51,-1,0,-1,-1,-1,-1,28638.77,22993.9,21521.84,19148.9,17996.0,15758.59,6217.26,6619.03,10944.14,7773.06,10542.53,2125.38,0
420,200000,1,2,1,50,-1,-1,2,0,2,-1,89703.7,89922.94,97122.21,71266.11,69068.18,69543.49,9689.12,18969.94,11705.73,31867.33,29660.91,9008.93,0
421,200000,1,1,1,61,0,0,0,-1,0,-1,175943.61,192754.36,210768.49,160173.11,113536.46,103203.94,95732.63,23493.51,83047.25,75718.76,24977.35,49691.09,0
422,200000,1,2,2,40,0,-1,-1,0,-1,-1,44392.61,40829.92,44197.97,44638.53,38008.02,41405.05,24167.36,3106.97,6098.3,21533.03,10915.84,18276.6,0
423,10000,2,2,1,28,3,1,-1,1,-1,0,8655.54,8183.97,8385.45,5932.31,5414.44,4039.01,3670.91,3104.68,3786.16,1450.23,1807.52,2211.24,1
424,50000,2,1,2,64,1,0,-1,-1,-1,-1,12616.76,12470.32,10448.49,9635.03,9433.97,8519.78,7520.27,4551.78,554.21,3742.85,550.64,1803.5,1
425,10000,2,2,2,50,0,-1,0,1,0,-1,8091.48,7166.43,7028.29,5196.16,5392.74,4922.73,2985.25,987.56,2830.3,1706.73,2566.21,2086.14,0
426,100000,2,3,2,55,0,-1,2,1,0,-1,76422.95,77611.72,79634.13,81585.53,66460.96,50479.03,12248.07,43058.94,6125.54,32800.73,32839.1,12645.58,0
427,50000,2,1,2,41,1,0,-1,0,-1,0,40292.83,34688.06,37687.6,38564.47,40985.98,41757.63,21619.98,18417.94,20562.29,9436.02,18419.31,5245.81,1
428,200000,1,3,1,60,0,-1,0,-1,-1,-1,162682.2,133307.91,137758.79,135157.37,130948.19,134517.52,26780.27,26393.26,63267.94,20982.6,33700.66,64880.67,0
429,50000,2,1,2,48,-1,0,-1,0,0,-1,13725.45,14279.94,13732.74,13765.36,11830.11,12527.57,2701.68,4673.75,7641.52,6184.52,1239.16,4933.75,0
430,20000,2,3,1,59,-1,-1,0,1,-1,-1,14459.23,12333.08,10625.55,9948.82,9598.03,10316.11,5961.54,4052.88,3365.95,2566.81,506.17,4505.7,0
431,20000,2,1,2,37,-1,-1,-1,0,-1,-1,12913.15,13164.28,12336.47,11031.23,10638.96,10628.04,1566.12,1963.08,635.87,4991.66,3085.48,1483.81,0
432,200000,1,1,3,32,1,-1,0,-1,-1,0,160627.41,170488.69,169037.88,146058.42,114721.19,118931.09,61905.35,45628.79,95322.11,64132.38,65658.16,48142.68,0
433,100000,2,2,2,38,-1,-1,1,0,-1,-1,49225.05,40056.02,35945.46,34670.35,24354.76,17759.42,10659.5,16052.66,7106.0,20673.78,7459.13,3909.21,0
434,20000,1,2,2,48,-1,-1,0,1,-1,0,8615.26,8718.71,8168.87,6969.02,5220.11,4455.51,3397.3,2836.14,1911.5,1749.85,2839.79,839.21,0
435,10000,2,3,1,23,1,0,1,-1,0,-1,6809.78,6768.04,5449.68,3820.86,4134.09,3365.13,3329.87,1757.9,1931.14,1626.02,1559.56,1370.74,1
436,100000,2,2,1,35,-1,0,-1,0,0,-1,31587.49,31182.03,33168.56,24554.68,25618.57,26068.04,8429.4,9084.56,5617.77,10589.42,10036.84,1652.01,0
437,10000,1,1,2,36,0,0,2,-1,0,2,7560.44,6718.26,5444.68,5230.85,4022.27,3312.02,1754.51,2712.5,3146.58,2961.85,1974.91,1812.81,1
438,200000,2,2,1,42,2,-1,0,-1,1,0,65756.73,53505.52,49374.2,41769.02,40256.8,36248.02,15249.47,29774.32,5989.68,13548.56,8393.06,5053.34,0
439,100000,1,2,2,51,0,-1,-1,-1,-1,-1,13457.07,11163.26,10641.85,11661.56,12436.69,10813.86,3320.31,6193.15,2487.19,4847.19,4244.85,3034.31,0
440,10000,2,1,1,51,-1,-1,-1,-1,-1,1,5411.83,4772.55,5210.32,4384.84,4676.09,4692.01,2602.91,2455.26,3016.92,2039.4,467.87,1638.08,0
441,10000,2,2,2,21,0,-1,1,0,-1,0,7687.79,7087.04,7657.89,5692.65,5270.07,4904.86,2204.91,2104.15,4558.39,3382.53,3031.83,2497.46,1
442,500000,1,2,1,31,0,0,-1,-1,1,-1,326187.71,350791.72,348654.71,289855.03,286782.47,246022.23,144328.3,208718.08,140458.06,87687.21,171200.28,42502.04,0
443,50000,1,3,2,26,0,0,-1,-1,-1,-1,44571.69,44804.47,43694.04,42590.31,36526.54,27482.98,20364.46,6154.62,21040.92,8140.0,13283.36,15324.1,0
444,50000,2,4,2,43,-1,-1,0,-1,0,-1,10629.15,8586.61,7813.53,7120.55,5189.81,3971.86,3646.66,2610.77,2869.85,2727.27,2890.25,846.34,0
445,200000,1,1,2,29,-1,0,-1,-1,-1,0,75130.62,80834.1,65663.66,61994.26,56507.86,55863.77,22570.79,28058.23,20049.46,17899.27,28786.83,19320.08,0
446,300000,1,2,1,36,0,-1,0,0,-1,-1,121186.32,123138.03,108399.9,80703.16,66762.83,47628.9,31282.0,72086.48,26022.24,8390.08,22640.98,6811.76,0
447,500000,1,2,2,58,-1,1,-1,-1,-1,-1,73259.83,69433.62,73205.03,75459.2,65105.37,56993.67,30058.08,21842.79,13133.84,22294.25,25473.19,22358.97,0
448,200000,2,2,1,64,1,1,-1,-1,0,-1,26880.74,25238.45,25099.16,26629.07,20492.19,20327.61,8950.19,10321.91,4927.64,11502.59,9242.12,2768.56,1
449,50000,2,2,1,39,0,-1,0,1,-1,-1,6177.8,6671.75,6967.49,5282.34,5250.86,4441.85,1300.08,1193.71,2215.31,1597.91,1219.94,427.68,0
450,10000,1,4,1,33,0,0,-1,-1,1,-1,4271.04,4121.56,4332.14,4117.5,4444.04,4267.46,1465.36,1392.15,2464.14,1500.06,978.99,1367.32,0
451,200000,1,2,2,52,2,0,0,0,-1,2,155161.74,147532.89,120779.6,95646.1,93761.63,94472.97,63913.1,60722.46,63833.55,42116.35,47424.24,40970.6,0
452,100000,1,4,1,56,-1,-1,0,-1,-1,0,66771.48,68934.03,62119.41,48012.67,43063.22,45303.42,23336.91,12096.45,14290.27,15810.38,6622.95,6916.35,0
453,50000,1,3,3,29,-1,1,-1,-1,-1,1,22870.54,22365.89,22428.43,17535.16,15215.89,12016.74,1332.48,7537.9,12866.05,1809.33,2738.72,962.56,1
454,300000,2,3,2,57,0,0,0,-1,0,0,93364.08,81661.66,86228.71,78341.2,72104.73,70785.28,55668.12,33634.45,11784.17,33740.31,27094.63,5193.5,0
455,20000,2,3,1,51,-1,0,0,-1,-1,-1,2249.12,2473.28,2573.27,2713.15,2606.02,2406.68,1048.86,500.63,897.38,425.42,699.87,122.27,0
456,50000,1,2,2,51,0,0,1,-1,-1,0,12015.19,10624.24,9844.89,10115.05,7593.29,6709.6,2209.82,3251.88,4225.56,4488.67,927.43,1198.01,0
457,10000,1,1,2,39,3,-1,0,-1,-1,-1,4097.51,4117.75,4445.65,3366.92,3421.68,2967.97,1919.1,2050.06,2525.12,736.47,2022.7,1562.89,1
458,50000,1,2,1,22,2,-1,-1,0,-1,0,19818.29,18766.35,16706.09,15101.77,10603.88,11124.92,9359.25,6493.22,2997.81,5214.56,3290.36,3322.54,1
459,10000,2,1,2,52,0,-1,-1,-1,-1,0,3074.89,2572.3,2347.82,1785.18,1853.07,1430.02,1169.86,433.18,515.1,152.47,1110.76,797.59,0
460,20000,2,2,2,63,2,-1,1,-1,2,0,17954.07,19528.53,16685.69,14603.64,13156.72,13306.32,7065.55,3277.39,1907.78,3026.42,3923.96,2490.5,1
461,20000,2,2,1,54,-1,2,0,0,0,-1,9158.08,8248.86,7160.64,6623.66,5788.01,4228.8,1270.12,3618.3,1682.19,3699.79,2788.87,2498.6,1
462,100000,1,2,2,21,0,-1,-1,-1,-1,0,31426.56,31335.58,25150.38,25769.87,19285.13,17725.61,8003.05,6433.42,12844.61,8730.54,8430.31,8927.88,0
463,100000,1,4,1,41,0,1,0,1,0,-1,42565.22,43472.37,38801.14,40528.64,37840.88,28910.0,15895.96,2752.27,10816.82,22260.34,8681.05,13908.97,0
464,100000,1,3,1,23,-1,0,-1,0,-1,-1,32353.06,29713.53,26503.61,18846.19,13863.34,12252.49,2999.33,15416.01,15738.35,10683.93,1328.26,4626.2,0
465,300000,1,1,2,47,-1,0,-1,-1,-1,0,114502.32,100558.37,82476.22,80470.9,84203.58,75190.96,67320.81,6061.19,22116.5,16282.99,11236.12,11861.43,0
466,50000,2,2,2,64,2,-1,0,2,0,0,10035.02,8205.34,7402.39,6396.14,5250.67,5212.99,1063.78,2888.26,3292.21,3506.72,373.03,2989.21,1
467,50000,2,2,2,27,1,-1,-1,0,-1,-1,5033.88,5464.12,4865.34,4368.98,3359.82,2632.75,1368.99,942.69,1312.88,1798.45,1382.28,1305.06,1
468,200000,2,2,2,53,0,-1,0,2,0,-1,98659.9,96156.34,99975.32,78854.25,63120.66,51632.75,54504.12,45905.87,18104.8,27541.57,5431.9,26219.93,0
469,20000,2,2,2,29,-1,2,-1,0,0,-1,9826.27,9972.92,8445.8,6027.84,5505.0,4956.62,573.66,1260.44,1250.13,1644.89,1171.72,2663.55,1
470,300000,1,2,2,50,-1,1,-1,1,-1,-1,67670.82,63654.94,64770.47,66982.78,61890.95,62051.13,28813.15,33113.99,9427.46,12641.9,6995.74,11902.28,0
471,10000,2,2,1,38,2,-1,-1,0,-1,0,7661.44,6665.16,5592.04,4430.3,3700.97,3396.72,2019.62,2425.13,2266.38,1194.25,1372.87,1794.25,0
472,300000,1,3,2,46,0,-1,-1,0,-1,-1,76033.34,83532.04,79261.06,83392.07,84671.54,86163.18,33795.45,11947.15,7169.81,34153.58,36903.49,27544.8,0
473,10000,1,3,2,40,0,0,-1,0,-1,-1,7161.52,7807.62,7970.92,5801.88,4938.39,4750.06,2973.08,3175.41,3197.31,1448.22,1457.02,1944.36,0
474,200000,2,1,1,58,2,-1,0,1,-1,-1,50443.28,53368.9,52404.88,45244.96,39589.92,42268.55,19084.25,3527.97,14594.58,11033.06,22837.56,24449.17,0
475,100000,1,2,2,61,0,0,-1,-1,-1,0,32501.07,34933.41,34715.53,34609.24,26027.06,25181.41,17093.19,13281.92,14395.62,12089.16,5151.99,13705.32,0
476,500000,2,2,1,51,0,0,0,0,-1,-1,157954.7,153612.88,132400.67,106277.89,80159.59,67219.24,8333.6,70604.23,8235.01,7960.45,47750.0,12592.02,0
477,10000,1,1,2,28,-1,0,-1,1,0,-1,2836.71,2582.36,2706.88,2942.29,2178.74,1612.95,369.73,810.67,340.3,1137.26,810.08,731.6,0
478,100000,2,1,2,43,-1,0,1,-1,1,-1,86205.92,77839.27,84504.98,80702.13,61222.04,60103.23,41613.44,10270.57,44777.23,17019.33,32032.94,30422.54,0
479,300000,2,2,3,45,0,0,-1,-1,-1,-1,93230.73,100700.13,85223.61,67067.31,71096.52,77709.43,37222.49,15970.0,51130.04,21504.06,8246.71,22749.17,0
480,100000,1,2,1,21,-1,-1,-1,-1,-1,-1,48797.18,53074.72,56603.13,57590.57,56092.12,50205.09,27284.95,6923.74,29046.71,29144.94,33151.31,5463.42,0
481,100000,2,1,2,38,0,0,0,2,0,-1,68813.92,64144.58,58968.6,64501.45,62488.0,47118.59,20055.25,17465.76,7025.56,31335.01,29074.26,10497.56,0
482,100000,1,2,1,39,-1,1,0,0,-1,-1,35530.69,34895.65,35232.41,28173.15,21365.41,17693.38,12519.04,5146.15,5660.88,5928.62,8055.79,8029.3,0
483,50000,2,2,2,62,-1,-1,-1,-1,1,0,5468.03,5695.4,5422.11,5579.36,5064.85,4376.65,2150.76,1223.48,796.87,433.33,266.79,1632.28,0
484,100000,2,1,2,26,0,-1,-1,2,-1,-1,70935.25,71697.97,74422.62,81188.06,72700.8,54886.16,10420.65,8985.62,39240.99,20956.18,3803.56,26036.68,0
485,100000,2,1,2,37,-1,-1,-1,-1,0,-1,32722.59,34715.51,28244.01,22264.54,18146.32,15112.94,4218.65,5123.37,14260.1,2549.64,2593.05,8207.84,0
486,300000,2,3,2,28,2,0,-1,-1,0,-1,239563.66,235392.79,211172.29,167631.06,135450.66,138095.78,45408.23,132748.47,58349.37,48225.13,37108.48,31664.55,0
487,10000,1,1,2,62,-1,-1,-1,0,-1,0,4929.23,4804.74,3912.24,3860.77,3880.01,3208.16,1292.57,278.09,462.39,1951.09,825.46,1374.3,0
488,50000,2,3,1,29,0,0,-1,-1,0,-1,29976.35,27360.44,29617.95,31995.2,26212.57,28819.61,9539.72,9238.89,15955.58,7299.22,13561.27,2977.13,0
489,300000,2,2,1,57,-1,-1,0,-1,2,1,258230.38,212261.09,180643.81,176689.55,165557.59,135153.19,78872.87,60918.99,66862.14,87799.83,76699.36,56153.95,0
490,200000,2,1,2,47,-1,0,2,0,2,-1,159193.72,130007.56,120565.05,108731.04,116101.05,85876.92,77304.77,26606.27,70820.55,63385.58,62759.82,5981.96,0
491,50000,1,1,2,56,-1,0,-1,-1,0,0,36705.54,31035.46,30800.65,22856.91,20698.23,21014.6,4536.48,15173.33,6320.44,9665.89,5291.85,3963.39,0
492,100000,2,1,1,26,2,-1,0,0,-1,0,52458.46,42875.98,40236.98,43043.51,40529.27,30332.82,13262.28,7311.88,2839.48,22270.22,19564.0,8993.29,1
493,50000,2,1,2,26,-1,-1,-1,-1,0,-1,11771.59,11307.12,10865.72,7906.34,8302.36,5969.76,6713.26,6111.79,6413.74,4059.87,4263.28,3073.56,0
494,20000,1,1,1,24,1,-1,-1,2,0,2,15456.74,14236.78,12260.79,9620.0,9508.46,8162.4,7335.27,6057.02,2993.63,585.96,5689.86,1075.2,1
495,50000,2,2,1,42,-1,0,0,0,-1,-1,8757.88,7075.34,5802.55,5107.98,3603.15,3821.7,2499.44,2937.35,1720.53,2115.74,1719.91,1830.37,0
496,50000,1,1,2,60,-1,0,0,0,1,-1,40498.35,32664.67,28653.99,25795.72,19551.64,18147.58,14971.18,18927.54,2805.61,12227.15,10211.02,6542.54,0
497,100000,2,2,1,47,1,-1,2,-1,0,-1,71300.51,68227.79,61073.9,44099.72,35615.65,38006.03,22004.77,35889.68,22973.94,12978.78,7733.31,11455.26,1
498,10000,2,2,1,57,0,-1,0,1,-1,0,7427.64,7165.7,6626.44,4856.64,4235.77,4444.9,1939.59,2279.25,1279.23,2502.23,1772.25,1792.31,0
499,500000,2,1,1,22,0,-1,-1,-1,-1,-1,200878.77,162949.99,144827.51,108627.9,88035.06,64299.27,24714.76,59873.04,61510.78,45106.87,36435.68,15401.68,0
500,500000,2,1,2,29,-1,0,-1,-1,2,-1,83984.75,84068.43,68157.91,48792.78,43159.39,31173.86,11926.81,40076.55,31899.85,20818.13,16006.8,18611.48,0
501,100000,2,1,3,31,-1,-1,0,-1,-1,-1,68156.35,57098.69,47299.55,51602.8,52300.63,42840.83,14211.27,9307.96,9849.76,14155.78,30327.5,4745.88,0
502,100000,1,1,2,40,0,1,-1,2,-1,-1,88245.32,83687.91,83867.46,66689.7,72637.32,76505.08,22137.25,33906.17,24557.96,35751.08,20305.84,9656.35,0
503,50000,1,2,1,63,1,0,-1,0,-1,-1,39336.31,33343.18,27306.26,28720.96,27334.67,24655.74,7411.57,6665.02,6546.89,7421.7,14415.68,13220.82,1
504,200000,2,1,2,59,-1,0,-1,1,0,-1,154622.11,125509.63,102147.78,103550.73,108526.99,117553.24,56829.38,11083.9,60112.15,13527.83,8766.52,20044.97,0
505,100000,1,2,2,34,2,-1,1,0,-1,-1,60584.53,52327.43,54605.55,53641.98,44924.59,36812.84,22959.66,30889.44,28203.66,11952.9,12367.42,3077.49,1
506,20000,1,2,2,46,-1,-1,0,-1,0,-1,3860.28,3625.75,2945.46,2836.97,2141.18,1881.13,290.33,1582.61,829.86,768.09,192.95,1015.94,0
507,300000,2,2,2,58,0,0,-1,1,-1,0,237186.36,242682.62,199150.22,179125.13,185070.57,131467.56,96608.35,106222.37,66223.92,83096.34,69725.36,11086.3,0
508,200000,1,2,1,50,-1,-1,2,-1,0,1,55526.15,48844.54,47127.84,43618.3,43996.42,46173.27,17055.55,14262.16,27862.57,4268.91,16533.99,24142.35,0
509,300000,1,2,2,56,0,-1,0,-1,-1,-1,93479.04,93994.98,87683.53,92616.9,73582.3,56215.93,32798.64,14904.35,17505.21,38171.59,17710.66,19215.04,0
510,100000,2,1,1,58,-1,0,-1,-1,-1,0,70468.64,74612.76,81278.34,82173.21,75224.02,82340.83,38145.02,40048.22,43636.72,27257.68,41249.96,28315.95,0
511,100000,1,1,1,55,-1,-1,-1,-1,-1,-1,67352.48,59333.05,64142.23,50821.88,55778.44,45838.42,10159.13,23551.23,36424.28,11386.08,7773.36,5591.4,0
512,50000,2,2,2,26,3,-1,0,0,1,-1,7902.51,7560.07,7545.45,5596.4,6093.06,6568.94,2153.02,1412.72,2286.18,1495.45,1860.51,2605.9,1
513,300000,2,1,2,23,0,0,-1,-1,-1,-1,90470.16,83488.63,68590.94,56072.68,49392.98,47818.67,28664.16,11701.15,12770.51,24339.2,18499.28,12130.09,0
514,200000,2,2,2,21,0,1,0,-1,-1,0,150829.72,121906.6,115927.94,87294.97,71010.22,66036.81,56554.8,55842.68,15698.37,33234.37,11293.3,16470.71,0
515,10000,1,2,2,38,-1,-1,1,0,-1,-1,8596.66,7887.97,6417.02,6941.84,5674.52,4245.08,3634.05,1162.77,577.76,619.63,2840.78,1839.77,1
516,10000,2,2,1,43,2,0,-1,-1,-1,-1,3130.49,2858.64,3065.55,2615.2,2749.21,2038.96,379.11,485.02,459.57,273.56,826.35,1075.12,1
517,50000,2,2,1,52,0,0,0,-1,-1,0,35426.01,34950.2,34880.12,26832.98,25963.49,20935.83,16364.65,3701.77,8203.23,11717.72,8768.84,9468.37,0
518,200000,2,2,1,49,1,2,-1,1,0,1,100901.68,106948.66,103972.16,98664.09,92718.19,78162.02,17311.84,49577.17,49430.26,52672.97,25362.23,33222.49,1
519,500000,1,2,2,43,-1,-1,-1,-1,-1,-1,202024.49,202339.77,187846.4,161414.96,130288.27,123354.72,115791.04,80381.15,49516.18,22363.87,49942.74,66286.87,0
520,20000,2,2,2,56,-1,2,0,0,0,0,16369.88,14841.18,14142.38,11132.67,9602.57,7366.45,1769.95,4204.3,3533.14,4201.34,4779.15,4015.73,1
521,100000,2,2,1,26,3,-1,0,-1,-1,-1,53856.28,50337.37,46314.83,33488.8,30913.11,30202.63,31920.25,7392.54,23826.77,5469.33,7245.14,13742.01,0
522,50000,2,2,3,37,0,-1,0,-1,0,-1,32670.42,34831.5,28906.11,21303.43,19353.1,13981.39,18308.23,12370.52,10897.24,12600.34,4207.41,7007.06,0
523,300000,2,3,1,38,2,-1,-1,0,-1,-1,172186.9,170757.86,170466.87,157737.61,113739.52,118976.87,92819.01,69223.21,51665.13,62387.36,62732.13,21739.78,0
524,200000,2,2,2,51,-1,-1,0,-1,1,-1,122972.92,112760.31,123914.93,123932.09,110883.23,116520.16,8199.38,20977.59,49100.61,61866.11,66485.3,49483.87,0
525,200000,2,2,2,26,0,0,-1,-1,0,-1,102765.2,100714.97,83970.89,89875.22,84860.93,89821.93,16524.99,22703.15,30073.8,18816.27,14875.78,28658.62,0
526,50000,1,2,1,54,1,0,-1,-1,-1,-1,26337.69,26161.22,28731.67,26840.37,27244.39,23698.13,9541.94,4385.04,8459.41,6337.18,4614.58,12251.72,1
527,50000,2,2,2,64,0,-1,-1,-1,-1,-1,39086.79,36924.61,39505.04,37967.72,28530.63,21457.53,17459.82,9089.78,10658.23,4941.42,3748.87,12414.05,0
528,50000,1,1,2,64,0,-1,0,-1,1,-1,17106.33,18126.11,19363.32,15428.58,15888.89,14361.07,7768.3,3347.81,10393.08,6538.07,3352.85,2829.36,0
529,10000,2,3,2,47,-1,-1,-1,-1,-1,-1,6891.02,7192.97,7548.12,6112.05,4505.62,4520.8,519.42,2283.76,1142.88,3605.09,1455.32,1895.35,0
530,200000,1,1,2,56,-1,-1,-1,-1,-1,-1,62972.06,60284.61,64930.51,56296.42,50652.36,40906.81,27002.47,34104.33,8880.87,18000.93,2667.6,21278.41,0
531,200000,2,2,1,62,-1,-1,-1,1,-1,0,31316.77,34057.17,29763.5,31177.08,22882.22,22122.71,10115.15,6984.13,14596.35,3212.52,4177.0,9399.85,0
532,500000,1,2,2,45,0,-1,0,-1,0,-1,411294.64,446651.44,415897.45,363552.54,373350.96,264150.38,91503.44,124059.6,48379.07,20830.73,194962.41,113178.3,0
533,500000,2,4,2,30,1,-1,-1,-1,2,0,214264.63,233509.65,220420.14,175422.21,155336.83,159230.41,91968.17,59500.58,128591.63,77124.93,18348.41,79556.05,0
534,100000,2,1,1,59,-1,-1,0,0,-1,-1,64654.86,56000.94,45942.84,49057.72,46518.11,36613.04,12148.18,8907.44,9346.53,7288.21,23765.15,15978.31,0
535,200000,1,2,1,59,0,0,-1,0,-1,-1,141261.89,117390.37,128458.7,111062.08,99906.46,106396.09,57177.61,68708.57,66708.77,62624.81,35765.82,53716.41,0
536,300000,1,2,2,32,1,-1,0,-1,0,-1,221282.45,218124.47,219614.86,160715.06,142144.11,130342.96,85567.09,73100.6,89149.53,72926.94,27843.78,77573.87,0
537,200000,1,1,1,31,-1,-1,0,-1,2,0,56211.65,57238.67,53545.11,49164.59,38007.26,32313.2,21086.03,21817.49,26505.89,7513.69,11433.43,11284.2,0
538,20000,2,1,2,63,2,-1,-1,-1,-1,-1,12490.77,11143.01,12231.44,11626.89,12526.68,12462.86,4285.35,1666.61,3300.66,6352.01,1803.63,5187.83,1
539,50000,2,2,2,23,3,-1,-1,-1,-1,0,35409.76,34039.53,30011.26,32476.8,32199.51,26571.48,7078.62,16809.13,4853.91,5578.5,12165.45,10319.65,1
540,20000,2,2,2,42,-1,0,-1,-1,-1,0,3916.59,3894.49,3509.35,3588.8,3325.81,3279.36,628.92,2067.87,2005.47,2065.18,315.79,672.49,0
541,300000,1,1,1,24,-1,2,0,-1,-1,2,63913.07,60014.96,51448.21,38094.58,29803.08,24588.19,16664.68,19811.24,24837.05,7922.31,11506.05,12497.4,0
542,100000,2,2,1,28,-1,0,-1,-1,2,1,39112.05,37641.53,32219.4,29151.15,25075.22,26051.09,22839.93,8467.11,4269.95,3464.68,7805.16,6837.49,0
543,20000,2,2,1,34,1,0,-1,-1,0,0,6826.72,5615.37,4809.82,4202.07,3516.82,3841.91,3298.27,1072.3,1411.48,1529.92,178.03,2209.53,1
544,100000,2,2,2,40,-1,-1,-1,-1,-1,-1,73778.76,81026.06,79668.96,68306.37,68456.74,65931.66,19285.83,8016.9,18461.45,25781.67,38401.87,33285.98,0
545,100000,2,3,2,44,0,-1,-1,0,1,-1,61415.9,56109.74,49838.93,37674.51,29279.17,26796.8,26164.68,15766.14,6731.14,14904.44,1941.09,3624.69,0
546,50000,1,2,2,34,0,0,0,-1,1,-1,24918.94,21469.41,23305.44,19812.77,19157.18,16934.13,5094.15,7969.56,8759.04,3948.58,9933.18,1403.86,0
547,20000,1,4,2,48,1,1,-1,-1,-1,0,3702.49,3495.17,3652.51,3243.56,3441.46,3688.13,622.31,1078.05,1668.87,824.56,654.84,468.73,1
548,100000,1,3,1,36,1,1,0,-1,-1,-1,19005.38,17014.36,14434.33,11367.74,11769.82,10299.76,7049.54,5749.66,2576.06,6768.28,6945.82,4925.9,1
549,100000,1,1,1,52,3,-1,1,-1,-1,-1,51361.23,47121.73,49486.97,46039.82,38479.0,39403.92,9804.3,25449.83,17440.28,12414.63,23081.39,17772.66,1
550,200000,1,1,2,32,-1,-1,-1,0,-1,0,161260.29,156238.68,141192.47,111332.05,84689.41,59413.68,56532.72,31032.09,22655.57,11811.61,15102.61,22651.56,0
551,100000,1,2,2,36,-1,-1,0,1,-1,-1,72005.85,63619.35,55242.62,41350.61,34942.82,36933.65,6778.39,23648.22,22845.43,11761.42,6592.58,5530.4,0
552,200000,1,2,1,39,-1,-1,-1,-1,-1,-1,161050.98,161041.99,166617.49,182211.9,156296.06,133585.89,82010.06,21578.49,72382.34,28207.4,80716.3,39724.77,0
553,100000,2,2,1,25,0,0,0,-1,0,-1,55211.76,51320.44,54250.8,52914.08,48412.71,39282.17,14359.23,20303.13,17705.4,6971.13,6164.47,13527.35,0
554,100000,2,2,1,32,0,-1,-1,0,1,0,27710.13,22867.61,24883.04,23338.29,16759.06,12742.77,1622.07,2283.64,10340.05,6076.26,869.09,7438.99,0
555,200000,2,2,1,49,3,-1,0,-1,-1,-1,25089.18,26746.97,24769.45,20583.45,18613.83,13562.15,14477.62,3453.33,10758.59,4922.0,7379.39,2308.82,0
556,50000,2,2,2,25,1,0,-1,1,-1,1,42610.97,40191.34,38930.68,30495.8,28727.35,30246.65,14910.84,5526.31,21480.71,3482.67,5732.66,7359.36,1
557,20000,1,1,2,62,-1,-1,0,-1,-1,2,9603.64,10341.97,10181.41,7662.51,8250.71,6870.2,5317.84,4072.74,5184.57,454.27,2086.14,2771.97,0
558,10000,2,3,2,37,1,-1,0,0,1,-1,7872.14,7196.65,7112.53,5156.94,5104.8,5559.03,1207.22,3067.78,3571.65,2053.31,1511.68,921.56,1
559,200000,1,1,2,28,-1,-1,-1,-1,0,-1,137276.97,132169.39,121681.33,119233.72,84810.72,73647.65,29532.93,7389.17,7538.32,21669.9,16640.99,10936.93,0
560,100000,2,4,2,60,-1,-1,-1,-1,0,-1,76573.36,81326.16,68777.94,55743.22,42926.1,46321.61,19966.2,41076.57,13380.75,29047.61,4948.76,13583.44,0
561,100000,1,1,2,60,1,-1,0,-1,0,0,26852.27,25205.28,20696.91,17121.52,15241.17,14682.11,4228.08,12348.35,3233.35,3769.32,6695.36,4940.05,1
562,20000,2,4,1,50,3,0,-1,0,-1,-1,12871.08,12741.58,13656.38,10438.88,11382.25,8668.82,3857.36,2158.38,8147.57,3651.2,3655.0,3715.13,1
563,20000,1,1,2,30,-1,0,1,0,-1,-1,13563.14,11855.77,10788.34,8057.44,7577.76,6231.88,2777.6,1175.58,3885.49,1383.92,3582.62,2917.51,1
564,10000,1,1,1,40,1,0,1,1,-1,-1,5420.94,4724.01,4035.28,3623.67,3760.29,4047.53,645.0,1749.33,588.17,549.56,2063.43,2136.62,1
565,50000,2,1,1,36,1,0,0,-1,-1,-1,38409.21,36980.17,40495.94,40131.71,29760.97,25941.3,3641.84,19520.13,14730.33,22860.24,5190.23,6132.54,0
566,100000,1,2,1,61,-1,0,-1,0,-1,-1,89056.56,87627.77,91209.33,99999.44,87485.38,63203.97,17091.38,21294.13,39385.22,42266.65,47434.31,20684.0,0
567,50000,2,3,2,36,-1,-1,-1,-1,-1,-1,5421.51,5403.8,5913.68,4942.64,3504.02,2929.77,3196.94,3138.84,2973.5,2828.64,2018.73,1537.67,0
568,50000,2,2,1,62,0,0,1,-1,-1,-1,23199.81,23909.53,21127.46,20399.31,16305.69,17129.08,4429.95,14009.0,4297.62,3264.81,3484.68,5221.75,0
569,300000,2,3,1,23,1,-1,-1,-1,0,-1,210935.53,227129.84,213269.09,159189.69,163094.12,179244.35,109791.97,13197.15,76089.21,73520.06,84788.55,22588.44,0
570,50000,2,2,2,43,-1,-1,-1,-1,-1,1,34026.22,29672.33,30936.61,28531.92,27073.27,19272.36,10292.88,12181.62,6682.28,4934.53,5414.22,5578.98,0
571,100000,2,2,2,42,-1,-1,-1,0,-1,0,47427.74,46756.12,45146.18,40958.1,33291.95,29577.02,8954.2,11364.74,13434.94,18924.56,16991.64,14002.54,0
572,200000,1,3,2,48,0,-1,2,0,-1,0,154744.83,144367.36,130867.43,93285.33,96716.83,77217.7,77768.86,18373.28,35843.21,47279.29,53093.13,23796.28,0
573,50000,2,1,2,56,0,2,-1,-1,-1,-1,32001.81,26458.09,22423.97,20028.97,19910.09,21754.34,14887.17,12102.01,3760.13,3353.39,11594.06,4020.15,1
574,100000,2,2,1,24,0,-1,1,-1,0,-1,53868.68,50424.72,48837.83,43864.84,39508.49,33724.49,20986.56,22374.57,10319.37,11041.72,14439.91,19148.29,0
575,200000,2,3,1,58,-1,-1,-1,0,-1,-1,63661.89,66030.59,64678.03,54899.21,39400.78,42294.83,13214.78,5153.91,12377.36,21027.49,13824.63,9202.92,0
576,300000,1,3,2,44,1,0,-1,2,0,0,118162.47,97334.73,98913.93,91932.44,97681.46,92235.47,55442.42,12321.96,49092.0,50636.3,10331.34,30955.69,0
577,20000,2,4,2,39,0,-1,0,-1,-1,-1,17824.88,17501.64,18151.96,13037.21,12615.23,13330.9,1081.48,1611.93,2360.07,848.0,4373.72,3255.8,0
578,300000,2,3,2,31,1,1,-1,1,-1,0,247469.16,228419.33,190828.96,198038.2,203065.3,219238.86,50461.71,86054.06,111561.26,70700.65,103883.03,61238.68,0
579,50000,2,1,2,60,2,1,-1,2,1,1,32825.89,32701.8,32322.0,29355.0,31537.48,23399.21,17200.13,6786.14,8758.82,3683.66,1735.39,9449.28,1
580,50000,2,3,2,60,1,-1,0,-1,-1,-1,39356.27,41182.83,42600.85,30368.43,22938.4,17907.89,7032.63,14785.39,7417.76,8609.69,12611.58,5635.0,1
581,50000,1,2,2,59,3,-1,-1,0,-1,-1,10439.17,10047.63,9210.68,10071.95,10083.38,8128.61,4137.0,4287.5,4324.26,3461.89,3699.64,863.08,1
582,500000,1,4,1,38,3,-1,-1,-1,-1,-1,157030.52,139943.45,123523.91,105328.96,80242.28,73347.19,49244.58,33882.97,12430.53,50995.72,32363.95,24185.81,0
583,50000,2,2,1,32,0,-1,-1,0,-1,0,40406.24,33417.79,31542.94,34529.77,31292.74,24924.06,11554.67,8076.35,15721.26,20682.05,14126.95,5332.51,0
584,50000,2,2,2,34,0,-1,0,-1,-1,-1,23834.49,21131.9,18871.33,14571.18,14437.17,15498.44,10187.17,9755.43,4169.44,5215.77,8094.21,6153.58,0
585,100000,2,2,1,38,0,-1,0,-1,-1,-1,57275.3,52085.92,49635.61,35340.0,32093.94,24786.72,4065.41,12732.47,7171.46,10138.52,13861.11,3715.9,0
586,20000,1,1,1,64,0,0,-1,-1,-1,0,16138.65,16015.71,14294.79,14085.42,12522.21,9622.16,5226.25,3884.03,7356.63,4636.86,3655.87,3561.08,1
587,10000,2,1,1,62,-1,-1,-1,0,2,-1,4232.07,3878.72,3594.84,3875.85,3152.39,2397.87,1235.86,1478.46,1356.78,1476.58,1646.52,713.39,0
588,20000,2,3,1,32,-1,-1,-1,1,0,-1,9708.96,8940.12,9606.52,7022.72,7073.38,6184.94,4494.65,791.96,3325.49,676.43,4052.88,3058.41,0
589,20000,2,3,1,60,-1,-1,-1,-1,-1,-1,3794.82,3366.57,3619.0,3598.05,2647.29,1901.0,1079.67,801.43,775.69,322.21,1036.85,449.54,0
590,20000,2,1,1,47,-1,0,-1,-1,-1,1,17862.61,16234.7,17820.08,12967.35,10279.08,9991.55,9781.87,1981.95,5797.46,3100.96,4838.96,1049.43,0
591,20000,1,2,2,26,-1,-1,-1,1,-1,-1,17574.0,15461.75,14624.3,14881.14,10685.75,8543.03,10473.27,8263.92,7013.52,1228.91,3781.05,827.69,0
592,100000,2,2,2,44,2,-1,0,-1,-1,-1,33723.01,34405.52,29258.85,27284.06,21031.55,22575.03,17930.13,7964.91,9140.07,8796.2,2336.17,6721.09,1
593,20000,1,2,2,53,0,-1,1,0,-1,-1,15639.63,17123.65,18265.93,18498.44,15965.25,12323.63,7630.25,5262.42,7251.72,3549.02,6162.64,4126.1,0
594,50000,2,1,2,36,-1,-1,0,0,0,0,34482.7,35185.93,34448.89,29233.1,20811.41,15224.4,15322.44,3446.61,2458.4,2306.99,7562.45,3902.45,0
595,200000,1,3,1,32,0,-1,-1,0,-1,-1,43454.03,35723.06,36591.71,38866.02,30733.21,26460.61,15576.23,11505.48,13762.77,3037.9,9993.58,12784.01,0
596,50000,2,2,1,51,-1,2,-1,-1,0,-1,5955.71,5895.04,5003.58,4108.26,2942.63,2348.53,2875.26,2428.27,885.53,1131.2,1060.66,976.77,0
597,100000,1,2,1,57,1,0,0,-1,-1,2,11125.93,11246.85,10076.16,8194.75,8606.92,9016.93,4245.51,838.24,4578.52,1902.1,2035.51,3254.95,1
598,20000,2,2,2,33,-1,0,-1,-1,0,-1,3051.55,3153.7,2783.35,3017.85,3186.84,2894.1,1766.99,734.11,619.19,1502.72,1564.08,1117.5,0
599,20000,2,1,2,28,-1,1,1,-1,-1,0,12038.27,12385.04,11987.82,8980.39,8795.49,7834.04,6491.14,4411.31,2539.48,1094.58,1615.83,3680.99,1
600,10000,2,2,1,58,1,0,1,-1,0,-1,4937.36,4702.92,5169.22,4843.68,4542.42,4593.75,1812.19,2812.24,1437.12,315.12,1306.55,1765.69,1
601,20000,1,1,1,23,0,0,-1,-1,-1,-1,17948.09,15771.47,15514.46,14422.29,14686.75,14114.78,5092.21,7434.95,1779.98,1199.25,6498.04,2434.94,0
602,50000,1,1,3,40,2,-1,-1,0,-1,-1,16461.51,13764.74,13377.39,10630.94,8638.49,6080.19,2606.17,4979.95,6213.3,2473.21,3103.48,1662.2,1
603,20000,1,2,2,24,0,0,-1,2,0,1,13611.2,10923.15,11225.99,9282.0,9252.4,9013.5,2512.74,1800.77,4439.23,3559.81,1126.73,1125.66,0
604,10000,2,3,2,64,-1,-1,-1,-1,-1,-1,4096.82,3279.32,2946.94,2400.68,1997.55,1967.5,697.84,1911.32,602.21,780.44,644.18,1041.21,1
605,20000,1,2,1,22,0,-1,0,0,1,-1,3573.12,3862.05,3382.99,3512.99,3081.5,2371.96,1930.86,621.43,1606.41,1276.97,1419.96,403.78,0
606,50000,2,1,1,56,-1,-1,2,0,0,0,40085.82,39379.76,41404.4,35434.77,38695.64,38066.94,22217.35,5320.25,23966.27,13988.28,3432.74,14470.8,0
607,20000,2,2,2,43,-1,0,1,-1,-1,1,8400.03,8167.0,8887.05,7496.06,7783.41,8542.6,1899.03,2320.7,4633.59,1650.7,4035.03,678.8,1
608,50000,2,3,2,39,-1,-1,-1,0,2,-1,41676.8,38050.81,35251.11,33653.83,29193.47,23869.23,18173.01,17390.88,9794.1,18505.45,9668.07,5365.26,0
609,100000,2,2,2,60,1,0,1,-1,-1,-1,84954.19,88314.8,71745.12,64441.66,68437.95,48962.48,10072.59,8858.18,15205.61,3538.43,23306.61,26550.03,1
610,100000,2,3,2,28,0,0,0,-1,-1,-1,75611.57,65483.69,55906.59,48660.5,35955.87,37400.13,27128.17,9916.15,3044.94,7228.48,12951.47,18206.73,0
611,10000,1,2,2,36,-1,-1,0,2,0,0,1221.43,1247.6,1318.83,1297.42,1376.77,1076.59,262.21,491.06,253.65,525.91,253.27,108.92,0
612,200000,2,2,2,63,-1,-1,1,2,2,-1,174564.22,158650.78,132710.34,114800.77,121196.68,122574.06,99993.34,10037.92,15090.57,67174.47,31440.92,43751.06,0
613,100000,2,1,1,38,2,-1,-1,-1,-1,0,19933.15,20178.87,20762.08,16378.44,15702.29,13548.31,2488.32,8335.64,10494.55,2190.92,6561.85,3539.2,1
614,10000,1,1,1,56,-1,-1,-1,-1,0,-1,8450.47,8551.19,8432.1,8404.6,6974.78,7403.98,1050.37,730.49,4027.01,3689.02,1863.98,920.41,0
615,200000,2,2,2,44,0,0,-1,1,-1,-1,117047.01,104709.28,106596.13,77508.78,79747.03,85870.89,55504.15,26482.69,32928.01,14365.07,45123.23,42940.75,0
616,300000,2,2,1,21,0,0,-1,0,0,0,120590.41,130271.06,114244.74,125654.44,101637.77,87248.7,26718.75,36265.68,13066.6,20162.19,55747.19,46106.54,0
617,10000,2,3,2,21,0,-1,0,0,-1,-1,6770.52,6447.55,5193.5,4874.89,3689.66,4030.4,1289.08,2603.08,1743.74,1061.15,541.64,1320.02,0
618,50000,1,3,2,56,-1,0,-1,-1,-1,-1,25274.44,22173.79,18003.48,14160.11,13034.08,9268.66,4176.61,5136.4,6153.39,2030.03,2075.19,1431.74,0
619,200000,2,1,3,31,2,1,-1,0,-1,0,147116.93,147431.46,150004.87,116894.67,87849.38,81489.49,27823.78,15017.91,59573.24,39558.18,24251.84,22876.82,0
620,100000,1,1,1,38,0,-1,-1,-1,-1,-1,51101.94,52392.75,51555.47,41733.45,35179.33,35021.42,30355.2,6643.06,17484.82,23839.94,13042.14,2377.27,0
621,20000,1,2,1,36,-1,0,2,1,0,0,7902.55,8575.88,9023.0,9489.56,8843.37,7703.54,2367.28,2512.33,945.18,5290.92,4734.08,3362.18,1
622,20000,2,1,2,37,-1,-1,-1,-1,-1,0,7773.47,6389.65,5877.04,6057.32,4743.0,4569.84,1458.63,2331.98,2359.4,2084.48,564.77,2498.76,0
623,50000,2,2,2,44,-1,0,-1,0,-1,-1,19164.35,18435.78,17821.23,13505.13,11688.83,9619.46,1624.49,10411.29,10600.08,6170.8,5697.78,563.98,0
624,50000,2,3,2,54,-1,-1,-1,-1,-1,-1,23915.92,22651.07,23445.03,22038.71,18143.18,13262.01,2789.16,8045.3,9340.71,3502.23,2118.94,5439.24,0
625,100000,1,4,2,24,2,0,-1,-1,-1,0,18809.93,16798.66,15941.85,16967.89,12925.23,13364.23,7735.25,7313.64,3979.12,6039.97,4594.23,1321.96,1
626,50000,2,2,1,55,-1,-1,0,0,-1,-1,31468.25,32423.12,35600.73,35360.56,33717.6,27599.35,6080.85,5008.92,13955.87,16865.61,12433.52,4892.84,0
627,50000,2,3,2,35,2,1,-1,-1,-1,-1,18654.94,16011.16,16377.3,15312.5,14394.97,11203.01,6636.33,9527.91,5852.21,3481.7,8352.06,3858.54,1
628,100000,1,2,2,22,0,-1,-1,0,-1,0,54923.41,49339.19,49585.55,38847.91,35880.05,27984.7,19442.24,6427.41,5070.34,6411.8,16630.76,6323.08,0
629,10000,2,1,2,51,-1,-1,0,0,-1,-1,5212.14,5367.7,5584.88,6017.21,6453.3,6640.6,1298.24,1930.53,2227.08,1262.97,2890.08,353.52,0
630,50000,1,2,1,29,-1,-1,-1,-1,-1,0,39285.12,37052.98,38281.55,40452.94,43309.35,31455.35,17379.28,21147.98,15661.23,8173.92,2761.48,18574.85,0
631,100000,2,2,1,30,0,0,0,0,-1,-1,78935.29,66371.04,57471.26,47614.36,44231.29,39770.92,5391.79,20360.11,13934.01,9476.78,20608.43,5733.08,0
632,200000,2,2,2,45,0,0,0,0,0,-1,178269.06,190441.12,164372.63,147783.15,147115.87,114415.1,49806.0,104110.9,35415.92,12623.32,62224.4,38905.35,0
633,100000,1,1,3,25,2,2,0,-1,-1,0,29326.09,29890.4,29347.06,21503.65,21976.25,21112.76,8468.87,11150.22,9493.72,6974.01,9308.04,7043.23,1
634,100000,1,2,2,34,0,0,-1,-1,0,-1,12756.6,12358.88,11503.83,10958.34,8152.36,8312.17,1511.53,6409.44,1491.85,1512.95,634.77,4756.46,0
635,20000,1,2,1,62,0,0,-1,-1,-1,0,8798.49,8647.14,9178.7,6624.74,6876.36,6358.3,513.9,3824.78,923.09,3606.56,1826.02,3012.76,0
636,50000,1,4,1,58,-1,-1,-1,-1,0,-1,40865.44,40366.72,35806.52,38041.08,26706.65,25263.15,14049.04,15073.42,16655.06,18665.54,3022.29,8985.3,0
637,100000,2,2,2,60,2,-1,-1,-1,-1,2,58020.12,55106.83,49555.25,52139.91,36540.39,34690.88,12304.97,6263.69,7462.88,28715.32,20156.18,15785.12,1
638,20000,2,2,1,22,2,2,-1,1,-1,0,7976.4,8163.22,6937.87,5637.59,4646.06,4317.13,4488.28,1715.12,1294.86,2987.59,1169.76,2225.91,1
639,50000,1,2,2,38,-1,2,-1,0,0,-1,35884.93,36408.76,39850.21,39723.47,40406.27,31825.16,15722.23,4243.77,10346.46,9779.07,21493.0,7252.4,0
640,50000,1,1,2,49,-1,-1,-1,-1,-1,0,33493.81,26823.08,22392.28,19609.89,20954.45,20145.69,3297.93,9426.27,9973.63,9319.57,4709.65,2349.88,0
641,10000,2,2,2,40,0,0,-1,0,-1,-1,6708.52,5589.3,6119.56,6352.99,5461.57,5514.5,2753.8,1625.9,2212.74,2058.9,2289.17,2735.93,0
642,50000,2,3,1,28,1,0,1,0,-1,0,25583.33,20660.92,20907.16,15149.07,14428.04,14855.81,13594.74,5922.62,6307.08,2887.23,796.43,2306.32,1
643,20000,1,2,2,57,0,0,0,-1,0,-1,10487.69,8921.58,7375.88,6655.13,5916.58,4329.45,6043.96,1833.9,4361.43,1654.9,2566.0,1028.88,0
644,50000,1,3,1,46,0,0,-1,-1,-1,2,27232.91,22376.86,18921.98,16253.13,13195.52,11336.04,6045.16,11179.06,5847.05,5924.32,5720.3,6061.92,0
645,20000,2,1,1,57,1,-1,0,0,-1,-1,10842.01,9303.94,8355.79,6719.28,7035.8,5964.15,3153.77,2640.17,3115.86,3460.41,885.16,2479.96,1
646,200000,1,1,2,24,-1,1,1,-1,-1,0,53010.53,50972.47,44759.12,35078.27,32790.31,35065.44,21464.15,10414.06,4273.53,1988.93,9709.2,3429.95,0
647,100000,1,3,2,53,0,-1,-1,0,-1,-1,29662.86,29689.83,32419.46,31466.75,30703.54,29591.58,16320.98,5796.8,6467.53,9204.87,13072.59,5439.72,0
648,100000,2,3,2,42,-1,-1,-1,-1,0,-1,39922.0,42939.11,42252.19,32988.79,31236.09,27772.35,16840.15,9412.3,8918.21,1751.8,10681.48,3760.91,0
649,200000,2,4,1,26,-1,-1,-1,0,1,-1,156874.9,160292.98,131811.64,125600.47,92141.91,99869.15,40996.06,81099.49,22791.52,26139.66,51503.74,6740.76,0
650,50000,2,2,1,53,2,0,0,0,-1,-1,23495.7,19018.58,18212.6,15587.88,16083.92,12293.27,2340.47,4785.52,3878.74,4294.26,2669.47,2081.11,1
651,10000,2,3,1,48,0,0,-1,-1,-1,-1,8410.55,7911.07,8458.06,6741.45,4822.82,4073.45,1087.61,1456.3,2672.78,2064.1,2801.06,1654.55,0
652,100000,2,3,1,44,1,0,0,-1,0,-1,73470.77,73668.48,68132.62,69051.46,67415.63,64154.32,25810.68,39712.87,35494.05,31575.19,21649.83,3700.01,1
653,100000,1,3,2,24,0,0,0,0,-1,1,78920.27,70597.24,70585.88,59684.43,45152.68,40819.99,14291.68,38293.52,28561.01,27019.87,27085.48,23648.32,0
654,100000,1,2,1,22,1,0,0,0,-1,-1,20731.85,18879.85,19483.21,13754.74,12640.0,11833.99,6162.92,8017.56,9526.0,3048.07,3595.97,2112.06,1
655,50000,1,2,2,33,0,-1,-1,0,-1,-1,10951.46,11398.73,9751.71,10146.24,7619.37,7654.91,3001.2,5748.28,3104.03,2554.24,4021.44,1611.38,0
656,20000,1,3,1,31,-1,2,-1,0,-1,1,5786.02,4710.46,4977.31,4110.32,4471.13,4374.71,2104.83,2390.03,1803.61,791.74,2279.73,302.51,1
657,50000,2,2,1,55,2,-1,-1,-1,-1,-1,31504.84,30304.5,28323.99,29143.26,25441.79,24496.57,7353.49,13129.4,2495.19,7731.73,8813.07,2162.88,1
658,50000,2,2,3,59,-1,0,-1,-1,-1,-1,24051.48,25045.96,20462.71,18795.69,19121.24,18856.09,7295.76,7661.5,2614.85,4446.34,8976.92,11300.55,0
659,100000,2,2,1,30,0,-1,0,0,0,0,23585.07,24510.18,26070.76,27440.28,27951.54,28304.08,8728.51,13971.65,13221.58,11404.19,12816.88,6618.08,0
660,100000,2,2,1,63,0,-1,1,-1,0,-1,69662.61,58249.98,56462.05,48965.42,36652.91,28743.12,26245.14,13432.47,33653.19,5954.25,4508.09,12182.54,0
661,50000,1,2,1,30,-1,-1,0,-1,-1,-1,25699.02,27072.88,23269.04,17865.74,16552.61,16143.3,7898.13,13141.05,11182.31,1175.84,7513.97,7474.76,0
662,500000,1,1,1,28,-1,2,-1,0,0,-1,342398.65,281856.63,252327.92,178447.01,196229.68,189517.26,151600.43,49338.02,39922.7,10858.23,88260.46,60922.59,0
663,100000,2,3,2,25,1,-1,-1,2,0,-1,82757.79,89148.31,86546.23,87533.92,74653.47,73310.05,21899.62,36400.0,5494.42,50846.93,21405.25,22320.19,0
664,20000,2,2,1,43,-1,-1,0,-1,-1,-1,16635.97,14388.28,13125.74,13279.45,9803.16,7820.7,8041.72,7287.06,941.39,2462.25,1318.97,1836.02,0
665,20000,2,2,2,54,0,0,1,-1,-1,-1,6817.88,5690.01,4950.39,3852.63,3874.8,3148.26,4033.01,2548.56,978.17,1744.07,1155.34,1372.81,0
666,20000,2,1,2,52,0,-1,-1,0,0,0,4536.56,3729.9,3520.25,3809.55,3572.09,3601.97,2121.28,1638.89,1881.66,1698.21,1646.01,1221.04,0
667,20000,2,1,2,36,-1,0,0,-1,0,0,8941.22,8074.12,6907.52,7457.61,7351.38,6257.49,4282.42,2471.92,1155.53,3802.77,3924.12,1782.11,0
668,20000,2,1,1,24,1,1,-1,-1,-1,-1,3342.09,3023.16,2641.08,2234.88,2040.04,2181.23,1770.44,1647.62,1065.63,588.69,515.98,291.03,1
669,20000,1,2,2,48,2,0,-1,0,-1,-1,2703.51,2589.55,2713.9,2059.94,1663.67,1240.24,289.06,575.64,342.16,837.22,392.55,517.43,1
670,50000,2,1,1,64,-1,-1,0,-1,-1,-1,44124.59,45001.96,39087.01,31799.62,28213.48,21695.94,15824.24,24683.62,17143.44,7936.13,4464.37,6298.73,0
671,20000,2,3,2,34,0,-1,0,-1,0,-1,17549.19,16723.07,16867.06,18076.82,16888.35,13073.94,7362.47,1176.34,2207.76,3235.06,4251.22,1403.66,0
672,200000,1,1,2,32,-1,-1,-1,-1,-1,0,76284.88,83431.56,73014.37,68909.12,54783.82,44604.39,42215.76,31708.25,19089.54,40827.81,9938.14,10643.25,0
673,10000,2,1,1,41,0,-1,0,-1,-1,-1,7564.19,6528.63,5638.91,6009.68,6259.86,6637.04,3845.53,2562.21,921.03,3285.81,1472.39,498.54,0
674,100000,1,1,2,36,0,-1,0,0,0,2,27874.05,24059.96,21060.81,14934.79,12912.35,10983.81,7359.79,4679.81,4257.71,4560.11,4484.46,1293.75,0
675,50000,2,1,2,64,-1,1,-1,-1,-1,-1,21691.69,21940.73,20635.02,22623.53,22308.73,19733.6,4806.57,10198.6,9088.42,8695.45,8083.56,11770.39,0
676,500000,1,2,2,22,-1,0,0,-1,-1,1,340580.0,304564.75,257017.29,244474.31,263453.52,228971.21,72510.36,47399.99,92245.39,142575.84,120623.61,111109.75,0
677,20000,2,3,1,43,0,-1,-1,-1,1,0,10808.69,9203.39,7657.07,5928.81,5135.54,5252.35,2027.84,2551.34,807.37,1413.81,3033.35,3116.03,0
678,50000,1,2,2,49,-1,-1,-1,2,-1,-1,37844.73,39272.75,40333.98,36409.9,32206.0,27391.93,8328.64,21388.54,20528.25,18654.76,3196.64,15538.64,0
679,300000,2,1,2,63,-1,0,0,1,-1,-1,265209.36,230166.26,185741.99,190949.94,147689.61,152563.25,120346.05,61416.7,70942.09,51167.56,26522.01,87992.02,0
680,200000,1,1,1,29,3,-1,-1,0,0,-1,21442.82,21971.93,20118.49,15218.32,12942.31,11554.64,2434.53,11084.31,4130.08,8067.65,3564.63,3620.32,0
681,200000,1,2,2,27,-1,1,-1,-1,-1,-1,167923.3,144751.1,132998.8,125475.98,114390.07,91206.17,76246.88,15108.3,35839.49,39860.54,66596.37,38526.02,0
682,50000,2,4,1,49,0,-1,-1,-1,-1,-1,21537.89,23300.22,24882.6,24320.83,19258.11,16799.2,3379.39,2630.33,13314.83,8341.53,3942.12,954.12,0
683,20000,2,1,1,64,-1,1,0,0,0,-1,8527.19,7576.66,7821.75,6766.82,4807.53,4128.1,3353.1,1120.88,1791.85,3152.9,2559.9,1068.84,1
684,100000,1,2,2,37,1,0,-1,-1,-1,0,10052.76,10303.25,9821.08,9002.4,7229.97,5759.74,3797.94,1450.06,2000.55,4813.93,1975.86,2427.48,1
685,300000,1,2,2,29,-1,2,-1,0,-1,-1,230244.02,242316.13,228732.83,236723.98,230339.43,172516.78,86557.99,142523.42,37926.36,46358.72,132971.37,23228.48,0
686,100000,2,1,2,26,-1,-1,0,-1,-1,-1,70719.11,59177.14,57382.91,62013.93,64699.31,67062.75,15619.89,6593.69,27737.72,28754.14,4526.3,36369.65,0
687,100000,2,2,2,64,0,-1,-1,-1,-1,1,81520.83,66880.47,60683.88,55930.87,42083.16,38137.37,10798.95,8842.89,11554.68,31989.82,7704.47,4154.76,0
688,50000,2,1,1,40,1,0,-1,-1,0,-1,11694.44,11454.76,11571.98,11352.68,10997.32,8766.21,5678.52,1646.85,3596.63,708.2,785.78,4478.24,0
689,200000,1,2,1,30,1,1,-1,-1,1,0,54418.01,53657.71,53970.07,44747.79,37409.34,32563.07,9957.53,20344.9,2995.31,6096.3,17336.26,12646.92,1
690,20000,2,1,2,29,-1,0,-1,0,-1,-1,6856.49,6766.17,6579.39,5484.74,4499.86,4240.42,642.71,2171.33,3799.63,1343.61,1838.49,2217.21,0
691,50000,1,2,1,32,1,0,0,0,-1,-1,26208.27,24553.26,20067.57,21178.55,18490.58,18266.76,3596.05,10994.79,10199.55,10218.66,3284.37,3163.26,1
692,50000,1,1,2,53,0,-1,-1,-1,-1,-1,18804.65,20316.78,17026.51,12590.47,13198.27,12512.62,2120.63,4848.55,6964.08,4681.9,1059.82,5011.78,0
693,100000,2,4,2,52,3,-1,-1,1,-1,-1,33978.12,34237.39,27793.33,21739.81,20266.86,16083.59,15057.97,2480.59,6081.93,12111.55,9844.22,2775.78,1
694,20000,2,1,1,54,2,-1,-1,-1,0,-1,4923.1,4048.1,4111.06,3321.56,3176.31,2363.69,2263.96,972.96,629.71,1011.8,1486.42,458.05,1
695,20000,2,3,1,39,0,0,0,1,0,-1,4547.22,4708.65,4441.58,3276.74,2443.79,1782.75,1072.5,2239.82,1292.14,1065.71,1357.88,200.51,0
696,100000,1,3,2,53,0,-1,-1,-1,-1,-1,47835.18,42221.61,45873.54,44361.86,33194.49,24670.45,22512.56,21024.76,7936.46,15887.14,4712.09,12824.95,0
697,50000,2,4,2,36,0,-1,-1,0,-1,-1,22836.0,23222.16,25212.26,26788.26,24134.43,20232.01,11672.3,10275.23,14253.74,14702.48,8825.71,9937.46,0
698,100000,2,2,2,43,0,0,0,2,-1,-1,72810.5,59541.73,61890.72,43991.8,43434.45,36571.11,22748.33,16206.12,28063.75,3638.09,24106.29,7492.33,0
699,20000,2,2,2,46,-1,2,-1,0,0,0,15181.24,15636.8,14587.8,11683.62,9092.36,9922.33,7663.98,6030.89,6261.83,3866.84,1482.52,1476.87,1
700,50000,1,2,2,64,-1,0,-1,-1,-1,-1,33024.56,31797.03,28455.33,30397.26,27938.75,19809.76,10805.07,4097.69,12045.19,7813.03,10729.4,9688.96,0
701,100000,1,1,1,61,-1,0,1,-1,-1,2,76496.25,77737.43,66876.91,59269.83,63215.64,60238.91,37873.58,14652.4,31488.67,12944.95,24268.95,18367.33,0
702,10000,1,2,1,57,3,2,0,-1,1,-1,1870.82,1774.05,1542.98,1626.69,1472.31,1331.65,547.44,329.58,114.21,722.13,107.47,306.75,1
703,50000,2,1,1,29,-1,-1,-1,-1,1,0,23310.39,24250.59,26605.22,28670.2,25582.0,19398.11,1921.05,2218.61,5110.12,6761.79,12285.45,8240.12,0
704,20000,1,4,1,50,-1,-1,0,0,-1,-1,6583.25,7136.95,6845.09,7504.78,7010.31,7567.45,1126.84,4045.03,2509.33,476.55,3394.6,1980.55,0
705,10000,2,1,1,33,-1,0,0,0,-1,-1,3014.38,3082.94,2477.69,2126.57,2077.61,2128.32,654.14,885.92,421.51,356.61,322.93,958.66,0
706,500000,1,2,1,62,0,-1,1,-1,-1,-1,335078.01,342868.62,278850.92,233451.27,191625.35,151066.21,97939.4,181963.1,105946.92,49112.99,14062.87,24948.33,0
707,50000,2,2,1,36,2,-1,-1,-1,-1,-1,38249.15,33085.87,31022.3,31005.4,25853.58,21116.63,11894.74,5690.36,17906.67,4641.62,11531.07,7652.4,1
708,200000,1,2,1,22,0,-1,0,0,0,-1,38357.97,34765.37,32437.64,30420.79,23199.44,18096.14,22500.42,16420.5,7548.5,14298.11,2880.14,9612.36,0
709,50000,2,2,2,51,-1,0,1,-1,-1,-1,9963.98,8344.96,7691.28,7411.94,8001.41,6588.15,3103.14,4107.8,3588.42,2840.05,3434.21,3269.52,1
710,100000,2,1,2,63,2,-1,-1,0,-1,0,61152.27,58689.6,61452.76,56103.0,40338.45,31914.54,15553.71,3082.29,17724.01,24127.96,5351.45,18157.73,1
711,200000,1,2,1,39,-1,-1,0,-1,-1,-1,43087.84,40242.63,40683.15,36844.97,32582.05,26167.82,10702.58,2766.76,18072.76,12814.93,17046.34,1611.93,0
712,100000,2,1,2,31,3,-1,-1,-1,0,-1,71470.78,63495.37,52842.44,43647.18,42487.35,38520.63,38396.9,35339.77,4483.71,18563.11,16413.52,21597.55,1
713,50000,2,3,1,34,-1,-1,1,1,-1,2,38147.81,31310.08,28454.72,26697.36,26278.52,21942.9,9983.55,11360.85,7129.53,11837.47,9650.12,3998.91,1
714,50000,2,2,2,45,1,2,2,-1,-1,-1,25913.76,27971.78,27384.48,22107.11,21013.34,18826.59,12485.92,5775.99,12298.45,10340.93,7226.05,10720.57,1
715,50000,2,4,1,27,-1,2,-1,0,0,-1,41336.1,40576.49,37117.21,31262.47,26142.53,18620.48,7732.34,6180.65,19126.18,14934.94,1900.19,3544.81,1
716,300000,1,1,2,35,2,0,-1,-1,2,-1,34884.21,31308.53,27003.34,25713.6,18793.74,18729.74,9973.74,15648.82,7539.56,5169.66,9609.83,2864.95,0
717,200000,1,1,1,50,-1,2,-1,-1,-1,-1,56225.68,50845.81,50256.81,47977.68,51472.63,55143.22,20557.78,7956.12,17747.38,8758.91,15402.96,21795.46,0
718,300000,1,1,2,51,-1,-1,-1,1,-1,-1,215505.43,197968.47,194142.68,180717.09,140269.51,154097.29,77677.5,101767.63,112852.75,80876.9,35563.1,69293.73,0
719,20000,1,1,1,44,2,0,-1,0,-1,2,17316.81,18069.9,19739.25,19144.94,20360.33,15885.88,6385.63,7088.19,5926.28,11305.48,8084.16,9200.4,1
720,100000,1,1,2,45,-1,-1,-1,1,-1,-1,86846.36,74959.84,72585.19,62769.16,49599.49,42338.58,39751.61,30966.75,13041.76,28160.05,16113.34,9129.85,0
721,300000,1,2,1,28,1,0,0,2,0,-1,30095.53,31809.19,33790.56,31686.8,23074.67,25139.04,9948.45,9244.04,2073.24,10402.88,4802.86,7507.3,0
722,20000,2,1,1,50,0,-1,0,-1,0,-1,12109.82,10819.11,11736.12,8662.6,6353.47,4986.51,1826.12,755.67,6537.4,1887.19,835.39,1907.89,0
723,10000,2,2,2,56,0,0,-1,2,-1,-1,1218.63,1293.36,1203.38,1075.21,906.79,830.43,450.4,459.27,96.14,131.9,95.88,417.78,0
724,100000,1,3,1,34,-1,-1,0,-1,0,-1,66026.07,70566.42,57572.89,53797.13,40928.28,41735.06,14122.96,31231.33,10435.38,19914.99,7370.22,20026.8,0
725,100000,1,2,2,49,2,-1,1,-1,2,-1,71443.34,72086.29,60772.23,52803.92,47152.81,33544.41,15381.3,3725.54,31669.47,5048.27,24923.1,19089.9,1
726,200000,2,2,1,47,2,0,-1,0,-1,-1,157226.06,167983.29,159784.21,112933.24,99553.54,73872.24,18981.92,10802.31,90538.14,63207.99,10991.26,25714.29,0
727,20000,1,2,2,56,0,0,-1,-1,0,-1,10471.09,10723.77,11451.78,11227.33,11614.64,9043.43,5764.22,5886.12,4764.4,958.08,5788.45,4539.18,0
728,200000,1,2,2,54,-1,0,-1,1,-1,0,156017.99,131579.63,131084.84,115642.51,113132.84,99808.46,13368.36,55814.96,25205.44,14326.69,59678.79,49093.12,0
729,20000,1,1,1,41,-1,0,-1,-1,-1,-1,16781.49,18238.97,15693.62,11962.89,11715.93,8272.42,1187.33,8843.99,3099.44,5593.76,5902.32,1355.18,0
730,20000,2,2,1,58,-1,-1,0,-1,0,-1,10531.66,9025.97,9119.06,9930.72,9298.02,8112.58,4725.46,582.91,2990.92,5350.0,4881.19,1941.9,0
731,20000,2,2,2,31,0,0,-1,-1,-1,-1,10385.84,9849.82,10522.22,11332.07,8147.36,6229.52,4545.52,2663.22,5932.11,1702.18,1370.9,996.19,0
732,200000,1,3,2,53,1,-1,0,-1,-1,-1,100937.12,92361.62,74726.8,57052.01,56989.3,59262.91,24506.55,42571.29,42650.18,4496.08,34050.14,4338.3,0
733,100000,2,2,2,35,1,0,0,-1,-1,0,50370.91,45557.65,39764.7,39084.04,32964.28,29487.72,23035.41,4570.76,11405.53,4866.37,11489.76,15263.29,0
734,100000,2,2,1,32,1,0,-1,-1,0,-1,71962.73,74487.58,63013.08,57153.25,59123.58,43070.56,22902.78,11441.75,14280.94,25307.32,29316.21,23518.9,1
735,50000,2,2,2,44,0,2,-1,0,1,-1,7693.2,6826.08,7066.57,5764.33,4603.67,4074.87,3466.1,2251.73,1857.59,3108.32,1458.79,1147.15,1
736,200000,2,1,1,57,-1,-1,0,2,-1,-1,92398.5,88822.97,94813.48,92324.51,89374.2,79730.63,32354.96,48084.53,16921.99,40983.48,13854.06,19987.78,0
737,50000,2,2,1,31,1,-1,0,-1,-1,-1,25959.47,23389.08,22602.44,19870.49,18708.07,15338.32,11755.69,5399.69,3269.03,4994.57,9642.02,4737.91,1
738,200000,1,2,2,39,1,-1,-1,-1,-1,-1,54312.92,58008.52,61167.7,64801.23,48264.72,40885.37,25796.92,29311.6,26065.99,24781.56,15437.51,16175.32,0
739,50000,1,1,1,21,0,-1,2,-1,-1,-1,26651.04,22561.05,22495.2,22077.99,16658.37,18128.11,5489.05,1242.15,4339.65,7287.19,9741.01,10749.75,0
740,50000,2,1,1,37,-1,-1,0,-1,-1,-1,23226.39,19803.93,19744.72,17830.16,19612.37,15668.01,6082.6,2972.92,10002.05,5998.46,9732.17,8294.33,0
741,50000,2,1,1,60,0,0,-1,-1,-1,-1,34503.3,28753.93,28003.81,24664.46,20575.1,19970.9,11297.89,6029.02,5209.11,12433.67,9521.63,2783.82,0
742,50000,2,2,2,36,-1,-1,-1,-1,-1,-1,19131.77,19654.83,16018.8,11415.48,9851.47,9500.96,2961.55,8648.41,5647.9,6570.19,4389.08,5058.58,0
743,100000,2,1,2,46,-1,0,-1,0,0,0,85981.85,72951.11,78866.97,60281.33,62824.63,54590.52,50186.43,26890.49,34748.62,32433.71,24189.44,17285.55,0
744,100000,2,2,2,63,0,-1,-1,-1,0,-1,43098.43,41371.54,37512.87,26935.39,25653.61,27522.69,24060.81,8084.45,15341.48,12583.83,13942.31,13563.55,0
745,20000,1,2,2,63,-1,-1,0,-1,0,0,12094.28,12457.52,12965.46,9404.78,9138.24,9209.68,5773.06,4607.08,1456.7,2838.44,3578.45,4741.2,0
746,200000,2,2,2,35,2,0,-1,1,1,-1,55468.74,46297.36,48287.94,35097.45,33503.56,23734.58,8822.76,24971.35,9714.17,6350.52,20028.12,6123.78,0
747,50000,2,3,2,28,-1,1,-1,0,-1,1,32546.28,35122.05,38273.5,27007.04,22398.58,20029.88,9737.8,10823.48,2261.74,6938.01,7555.6,1311.1,1
748,100000,2,3,1,50,0,-1,-1,-1,-1,0,51108.24,45241.51,40627.33,41299.24,42607.46,31767.93,28620.93,19582.34,15222.19,21698.4,4046.37,7962.71,0
749,300000,2,2,1,34,1,-1,-1,0,0,-1,112136.72,116363.34,127908.89,114021.65,81354.08,66283.84,43365.14,27930.34,49743.66,6183.02,37958.73,4407.18,0
750,100000,2,1,1,53,0,-1,-1,-1,-1,0,37832.84,39273.06,34959.79,34947.88,29600.21,23546.45,9911.76,17356.31,10894.44,7922.42,2196.1,7834.17,0
751,20000,1,2,2,62,1,1,0,0,-1,0,8007.27,7242.6,6774.81,5196.89,5622.06,5634.54,803.71,3815.87,2701.43,1656.67,1473.8,3223.17,1
752,300000,2,2,2,27,0,0,-1,0,-1,-1,134988.81,130287.71,131834.88,136644.97,116342.43,93033.22,14184.42,47122.29,68317.68,9845.33,34575.65,49941.2,0
753,100000,1,2,1,38,2,2,-1,-1,-1,2,29811.9,29491.46,24964.42,18414.83,13014.01,14278.07,12612.27,7738.25,4742.47,1980.09,7006.05,3725.34,1
754,50000,2,2,1,32,-1,-1,-1,0,-1,-1,16096.04,14883.46,13096.13,10854.41,8431.78,6334.98,3562.73,6918.42,4531.77,4769.28,3023.64,2952.77,0
755,20000,2,1,2,22,-1,1,-1,0,0,-1,17333.81,15728.08,16018.01,13587.78,14642.97,12661.14,5602.32,9057.25,1992.03,7729.87,8335.69,5723.16,1
756,200000,1,2,2,49,0,0,-1,0,2,0,68201.87,71996.59,78642.98,62465.52,64945.41,58175.25,31602.05,6298.75,14085.42,26297.11,11825.41,21392.69,0
757,100000,2,1,2,41,1,1,0,1,0,0,60152.65,51766.1,52793.12,39854.66,31013.27,27078.3,9056.0,17291.01,11491.45,7158.08,6336.19,11846.81,1
758,100000,2,2,1,27,0,-1,0,-1,-1,-1,37627.23,39075.14,41368.44,39351.07,42932.01,31655.1,3488.07,5865.32,18265.75,8411.62,10769.53,17310.51,0
759,200000,2,1,1,47,-1,0,2,0,-1,-1,149734.33,128938.87,104601.14,73575.99,56179.09,44398.41,38504.87,25879.51,13685.78,28232.7,25359.93,9087.91,0
760,200000,1,2,1,32,-1,0,-1,1,-1,-1,131351.38,132669.57,129101.79,131251.97,143973.67,130772.07,18302.25,53051.81,55897.45,77728.04,61058.4,19175.61,0
761,20000,2,1,1,40,-1,0,0,-1,-1,-1,7251.64,6427.05,6904.11,4949.76,5136.96,5239.33,2398.09,3714.1,700.82,2025.63,838.33,1188.99,0
762,50000,2,2,1,34,0,-1,0,-1,-1,-1,33664.96,36298.0,36469.3,39591.76,42167.55,41128.53,11918.13,18844.89,15456.67,3792.38,11471.48,15877.81,0
763,20000,2,2,2,30,-1,0,0,0,0,-1,14107.91,13848.52,13889.22,14546.34,10995.35,10091.45,1563.37,2654.51,6675.53,2109.36,2677.24,3182.81,0
764,100000,1,1,1,61,-1,2,-1,0,-1,0,21063.33,20221.96,17409.33,15073.41,12370.71,13496.87,10238.54,1279.94,9506.97,6665.14,5784.5,5665.36,0
765,10000,2,2,1,43,-1,0,-1,-1,0,-1,5625.17,4998.29,5289.91,4004.9,3928.05,3945.28,353.46,1897.52,2679.36,1837.07,991.44,1164.32,0
766,100000,2,2,1,50,0,0,0,-1,-1,-1,74620.74,71083.68,75314.12,78948.36,71219.47,74539.32,17854.79,24425.89,30254.94,7296.55,33170.21,30423.57,0
767,200000,1,2,2,51,2,0,0,2,-1,-1,28055.82,22999.04,22635.71,21677.29,17702.52,12481.81,2124.87,6972.2,10937.7,7979.68,6224.09,1232.98,0
768,200000,1,2,2,30,0,0,0,-1,-1,2,101258.63,85361.44,79214.17,71444.12,69884.13,54961.77,44442.41,26579.51,35278.55,35808.61,39723.71,15868.28,0
769,50000,1,2,2,39,-1,-1,-1,-1,0,-1,38593.4,34290.63,35911.96,29726.59,30079.3,29716.48,20577.36,12874.05,11143.88,4610.3,17678.11,12038.41,0
770,200000,2,2,1,39,-1,-1,-1,1,1,-1,172442.03,187061.29,175743.84,162477.5,132284.04,107324.75,41643.61,50203.03,84846.0,71166.95,52415.99,22560.13,0
771,20000,2,2,1,64,0,0,2,-1,2,-1,12495.76,11750.55,12300.29,10652.76,7822.65,6583.46,2880.47,1694.28,651.12,2945.91,4347.89,1498.81,1
772,200000,2,2,1,43,0,-1,-1,0,2,0,72448.88,66662.1,63027.33,55851.45,51927.64,48619.57,31288.71,12834.68,31032.13,22941.28,23207.0,2973.08,0
773,20000,1,2,1,64,0,0,0,0,2,-1,11677.5,12048.46,11734.46,12182.49,10459.98,9592.48,6181.42,1025.7,6550.74,4360.38,4422.89,4630.1,0
774,50000,2,1,2,61,2,0,-1,2,0,1,6094.53,6143.94,6293.89,6803.63,7151.38,5637.46,3278.43,496.6,3477.52,3849.46,2188.5,1787.47,0
775,200000,1,1,3,52,2,0,0,-1,-1,-1,92937.87,92862.22,81672.14,88620.32,63629.77,66905.09,34512.62,48944.97,48938.6,12107.2,22787.76,9474.4,1
776,20000,1,1,2,40,-1,1,-1,1,-1,-1,13637.24,13387.79,11701.65,12440.89,11883.08,11302.14,5137.31,1592.6,2379.46,2074.64,3139.33,4483.15,1
777,20000,2,1,2,24,-1,-1,-1,-1,0,0,2579.31,2164.02,2164.78,2210.03,1589.0,1547.93,1007.61,190.23,271.13,326.11,232.36,179.1,0
778,100000,1,2,2,53,-1,-1,-1,-1,0,-1,58258.68,53433.28,58037.84,51158.2,38128.31,39325.93,19193.93,26957.4,18624.47,22271.54,21298.4,12022.99,0
779,100000,2,2,1,21,0,-1,0,-1,0,-1,57065.76,61080.5,57037.59,41939.59,35543.4,26336.86,19516.72,35087.65,13596.65,6354.6,5919.09,3268.11,0
780,100000,1,1,3,33,0,1,-1,-1,-1,-1,25173.79,27386.59,29288.88,27890.18,22073.65,19637.04,2569.59,4468.29,8830.58,7763.97,7682.93,8289.7,0
781,100000,2,4,1,23,1,2,0,-1,0,0,55537.82,51639.27,49339.06,42471.54,32478.6,23856.34,32792.44,24090.19,12313.67,22816.03,14790.88,3674.43,1
782,100000,2,2,2,32,-1,-1,-1,0,0,-1,42756.02,34218.35,37372.58,36431.61,37060.04,27029.54,3593.07,4770.01,19444.11,7393.72,18639.06,15531.12,0
783,50000,2,3,1,49,1,-1,1,0,-1,0,24153.16,22940.61,23803.5,18764.63,14878.49,14707.26,7588.9,9736.27,8294.78,2482.9,3653.91,5602.0,1
784,50000,1,2,1,51,0,-1,-1,0,-1,1,18016.26,15640.87,16545.96,16643.45,14078.17,14301.83,8683.35,6629.48,8042.93,5713.3,5797.88,889.34,0
785,20000,1,2,2,61,3,0,-1,0,0,0,14965.51,12816.78,12866.52,9884.88,10509.15,7576.9,5547.59,3667.1,2752.83,4057.74,3087.01,2128.26,1
786,300000,2,1,1,56,0,0,1,-1,-1,-1,117756.64,104230.85,110541.79,113131.77,114739.34,118983.2,12113.12,55774.61,29523.73,36532.58,57593.82,16449.85,0
787,100000,1,1,1,22,0,0,0,-1,-1,-1,73264.8,61307.14,59948.54,63826.21,58057.23,47172.63,26044.75,7147.02,12439.88,22374.78,23886.94,18060.62,0
788,50000,2,1,1,42,-1,0,0,-1,-1,-1,8062.92,6561.28,6365.76,6748.49,4977.4,4788.1,4418.0,2047.79,3719.53,1053.09,376.83,2254.51,0
789,50000,2,2,1,42,1,0,-1,-1,-1,-1,16143.15,15068.18,16004.12,13421.69,14471.02,14098.63,6329.57,5740.35,4720.91,2846.91,5578.3,3096.73,1
790,300000,1,1,3,61,-1,-1,1,-1,0,-1,126640.81,111287.55,89533.04,76633.53,75380.08,73764.36,60613.84,52024.11,24653.3,31614.34,32890.73,31095.49,0
791,20000,1,2,2,51,0,-1,0,0,-1,-1,8473.27,7429.86,7011.07,7258.15,5182.64,4829.21,2579.04,954.57,3589.1,3582.92,2849.13,2555.54,0
792,100000,2,1,2,34,-1,0,0,-1,-1,0,45303.57,39254.04,41649.4,40685.77,43921.3,32734.36,10041.63,13511.71,19425.1,10107.2,3420.3,17935.67,0
793,100000,2,3,1,49,-1,0,1,0,-1,-1,62191.17,59018.94,50688.12,46160.24,33636.6,25048.5,9954.14,17719.13,28192.23,20317.75,12726.97,2945.6,0
794,100000,2,1,2,55,-1,-1,0,-1,0,-1,55924.38,57041.07,62026.62,67251.18,63296.68,47876.48,28916.77,15916.03,28835.39,10671.93,20596.81,11743.37,0
795,10000,2,1,1,29,-1,-1,-1,-1,0,0,5168.38,5153.25,5267.55,4775.06,4094.89,4374.85,2266.76,1276.13,1268.84,1019.75,1648.65,875.64,0
796,200000,2,1,1,52,-1,0,-1,-1,-1,0,154027.58,168318.39,173153.63,138094.67,150848.47,118291.2,22771.85,100706.52,37400.84,7399.64,71037.51,43036.78,0
797,300000,1,2,1,47,3,-1,0,0,0,-1,77080.06,82799.45,82769.88,80449.21,86018.45,65479.16,27244.06,11886.47,35302.38,13761.97,10656.84,32665.26,0
798,100000,2,1,2,30,-1,0,0,-1,0,2,78819.11,72923.57,68128.29,61648.89,57920.83,63445.64,34706.65,33846.83,8264.33,28913.29,20159.5,25641.72,0
799,100000,2,2,1,45,1,0,0,-1,-1,1,74914.41,78202.7,73376.57,57349.16,56229.99,39459.49,27150.42,20121.55,7253.36,5544.28,18912.08,23307.25,1
800,300000,1,1,1,53,-1,-1,-1,-1,-1,0,76966.69,65832.79,69238.48,52688.57,54198.27,54776.69,44041.56,26793.81,33715.51,4893.78,18065.03,3929.01,0
801,100000,1,2,2,31,0,0,0,0,0,-1,59925.07,51756.83,43565.89,36683.66,37715.4,39151.42,9086.97,30721.01,17415.34,14733.58,10459.97,6243.68,0
802,20000,1,3,1,57,-1,-1,0,0,-1,-1,5572.44,5629.71,5385.49,5860.8,5507.11,5313.55,2467.98,1760.73,917.57,1905.71,2848.62,2753.75,0
803,100000,1,1,2,29,-1,-1,-1,-1,2,-1,85425.65,73894.26,65986.4,50037.86,40063.59,43667.08,33237.95,37201.84,27597.14,23818.5,3398.2,11613.99,0
804,100000,2,3,2,27,-1,-1,-1,-1,-1,0,49435.97,46240.3,50646.76,45003.19,37131.39,30943.81,27457.16,4243.32,11152.93,11927.52,9715.8,14801.31,0
805,50000,1,4,1,27,0,0,2,-1,0,0,13148.9,11789.48,9444.65,7846.34,7581.6,5573.88,6895.51,4185.65,1948.25,2817.94,2846.63,3257.5,0
806,100000,1,1,1,54,-1,0,-1,-1,-1,0,60888.78,52960.54,43380.1,46729.4,45567.7,36284.48,24760.61,13779.52,8692.59,26516.0,25057.88,13593.2,0
807,300000,1,1,1,39,2,-1,-1,2,0,-1,199730.16,169038.58,184288.63,156829.09,133083.06,98437.52,57877.16,73454.2,60579.95,82845.23,52777.44,40978.3,0
808,300000,2,2,2,40,0,0,-1,-1,0,-1,175192.72,172311.63,165959.79,131191.61,138421.02,123861.06,24570.38,12109.61,94222.79,49964.33,16905.28,32385.71,0
809,50000,2,2,2,62,1,-1,-1,-1,-1,-1,14667.48,11981.23,10082.93,8986.79,7728.87,8393.04,7210.21,3549.37,5763.75,2819.44,3281.17,4570.58,1
810,20000,2,2,1,45,3,0,-1,-1,0,0,13763.43,13911.6,13001.67,9900.44,9696.49,8794.99,6929.17,4479.67,4557.25,759.53,2295.52,3682.27,1
811,500000,1,2,1,25,0,0,0,0,-1,2,421825.1,450685.67,404173.67,344265.34,269820.94,223991.03,105100.54,231914.38,213278.9,117086.19,100610.84,85605.37,0
812,200000,2,2,1,49,2,0,-1,1,0,-1,172341.57,155631.6,167049.11,165877.29,139541.44,148265.73,30062.59,40708.66,54771.21,51053.44,50805.93,9666.51,0
813,20000,2,1,2,47,-1,-1,0,-1,-1,-1,12871.67,11892.98,11967.6,11246.39,10329.01,9764.55,7239.43,2691.83,3837.23,6315.35,1495.65,3144.57,0
814,300000,1,3,2,45,1,-1,-1,0,-1,0,231658.86,226371.2,189960.68,133804.16,95677.17,102565.87,71325.97,59761.28,13486.66,36496.77,47874.84,61262.8,0
815,200000,1,2,1,57,-1,-1,1,-1,-1,-1,176581.09,176558.43,169660.95,152553.52,109344.75,118756.02,80329.71,51342.24,78010.82,59787.14,37947.02,35279.41,0
816,100000,1,2,2,35,0,-1,-1,0,-1,0,13470.46,12978.03,10905.93,11181.39,9033.79,9708.25,5279.42,2465.74,4367.6,6184.15,2371.52,5595.5,0
817,100000,1,3,2,24,0,1,0,-1,-1,-1,48159.25,48501.41,48480.51,44850.29,46245.49,45176.08,20939.53,3632.33,12213.76,7042.62,7548.96,26644.38,0
818,50000,2,2,2,34,2,-1,-1,-1,0,-1,16656.32,17365.34,17680.84,15703.41,12352.31,11126.12,1002.72,10326.58,2313.3,4030.59,6840.95,4511.76,1
819,10000,2,1,1,37,2,-1,-1,0,-1,0,4798.3,5263.8,5098.77,4415.69,4655.69,3799.36,1892.62,2479.32,3032.29,1106.35,852.59,817.07,1
820,50000,2,2,1,41,-1,-1,-1,0,-1,-1,41676.71,38251.79,41686.3,38128.86,37611.25,40489.86,14683.23,22644.95,20809.61,7852.56,21219.87,6377.51,0
821,200000,2,2,1,36,-1,0,0,1,-1,-1,177341.79,172979.95,187389.23,136717.26,133377.05,122440.02,82361.15,71702.28,74017.52,71691.02,46386.53,42899.17,0
822,10000,2,1,2,46,1,0,-1,-1,0,-1,8239.4,7521.38,6481.74,6610.51,6409.86,7039.01,4661.45,4028.6,383.36,2806.03,2093.16,758.29,1
823,50000,2,4,2,29,0,-1,0,-1,0,-1,12884.7,11227.45,8983.07,9365.92,10213.76,10901.32,6525.56,3342.08,4746.43,5491.42,3160.94,3579.12,0
824,50000,2,1,2,22,-1,-1,-1,-1,-1,-1,37114.57,40799.07,40751.12,38180.89,36404.45,30998.05,10881.9,9874.8,15705.17,19106.22,19473.18,12763.35,0
825,100000,1,2,1,63,0,0,-1,0,-1,-1,75412.53,60644.11,57168.75,62405.31,59891.03,62894.93,28473.45,36179.18,7826.62,33426.12,29807.21,18330.39,0
826,300000,1,2,1,35,1,-1,-1,-1,-1,0,169051.01,138522.05,124724.91,115007.58,101363.05,92635.57,30634.56,19840.53,62083.77,8339.65,42769.5,12296.99,0
827,50000,2,1,1,55,0,0,0,0,-1,-1,33595.68,32752.87,35211.53,25030.68,26255.25,26177.75,1724.13,5542.19,13449.66,1497.41,8876.98,12906.61,0
828,50000,1,3,2,44,0,0,-1,-1,-1,0,41214.29,41748.17,45653.81,40428.35,29228.15,26082.48,5354.1,17429.6,15611.35,16733.1,12019.06,9066.78,0
829,100000,1,3,1,58,0,-1,-1,-1,-1,0,89533.14,91203.02,98423.86,84639.93,70904.71,77694.27,8033.97,17366.5,12497.35,32683.69,13029.27,15438.38,0
830,50000,2,2,1,34,0,-1,0,0,-1,-1,6602.79,6675.38,6342.0,4931.77,4017.74,3453.45,3053.31,1915.6,1205.6,313.58,1298.81,202.48,0
831,20000,2,1,2,57,2,-1,-1,-1,-1,-1,6114.61,6338.28,6408.05,5855.54,5030.98,3714.46,936.79,3566.62,2753.92,521.09,641.04,1297.48,1
832,50000,2,1,1,57,0,0,0,-1,-1,-1,42383.04,43374.67,36932.32,32571.14,29052.29,30310.0,4715.24,8509.28,8958.92,10171.71,3502.59,14305.56,0
833,20000,2,2,2,26,0,0,-1,0,0,0,7266.39,7003.3,7600.38,5840.61,6322.08,6337.6,1502.48,2317.19,1828.66,2861.82,2780.22,1585.41,0
834,20000,2,1,1,38,1,-1,0,-1,0,0,3703.83,3485.43,3084.96,2783.99,2978.3,2235.13,2087.08,1586.46,460.11,1245.7,1693.55,924.36,1
835,50000,2,2,2,42,-1,-1,2,0,-1,-1,17530.64,17812.56,15280.0,15796.03,14919.45,13456.24,3525.71,1594.36,2493.72,5346.42,7331.25,6561.6,0
836,50000,2,4,2,38,2,0,-1,-1,-1,0,25739.83,26246.87,21471.19,19403.56,13736.73,13344.58,10586.46,2353.17,9036.24,5739.71,7780.91,4114.72,1
837,300000,2,2,2,22,0,-1,-1,0,-1,-1,122661.9,110366.88,106516.34,83825.03,77307.94,66788.18,62370.6,50796.3,59331.03,40410.65,13299.21,13263.17,0
838,50000,2,3,2,52,2,-1,1,-1,1,-1,36532.12,29258.08,31731.54,30917.8,22489.45,23916.94,18481.8,16268.43,2534.41,6849.96,4361.08,6639.12,1
839,100000,2,2,2,37,-1,0,0,-1,2,-1,58882.85,52658.48,44268.75,46390.09,39148.25,42172.97,33506.85,19773.55,14201.87,20998.44,11084.25,19765.22,0
840,100000,2,2,2,21,0,0,-1,0,0,-1,44792.36,43019.55,35975.06,30148.99,24776.19,25950.48,11168.37,3054.05,20717.59,16695.85,6460.18,4414.79,0
841,10000,2,3,2,29,1,-1,0,-1,-1,-1,8978.09,8599.51,7582.87,5523.56,5298.38,4833.82,2858.52,2566.99,2611.44,868.63,1133.58,920.13,1
842,100000,1,2,2,33,0,-1,-1,-1,1,-1,80875.11,73916.61,73888.39,78760.37,55695.52,49091.37,14611.08,32985.49,20898.14,21802.33,11741.32,12167.3,0
843,20000,1,3,1,56,-1,0,0,-1,-1,1,15796.11,17055.05,16446.94,16001.02,16248.74,15176.53,1353.67,6779.09,3449.01,4384.41,8972.28,5996.83,0
844,300000,1,1,1,57,-1,-1,0,2,0,-1,166140.78,156655.21,129845.56,142385.48,146738.0,133065.25,97690.3,24908.1,60373.15,41146.02,21936.64,24274.61,0
845,20000,2,1,1,50,0,0,0,-1,-1,-1,14478.81,12187.03,11366.72,11114.58,7924.02,5859.71,7625.41,965.45,6165.08,930.44,4206.99,1888.32,0
846,50000,1,3,2,51,0,0,1,-1,-1,2,18435.42,15818.82,12972.69,9725.43,7126.07,7234.57,4116.01,8528.21,7711.17,4325.6,2354.9,2888.54,0
847,10000,1,2,2,43,0,-1,0,-1,-1,-1,3638.8,3014.3,3181.8,2778.54,2968.23,3195.07,1762.8,525.19,699.54,1094.51,1661.62,1076.61,0
848,500000,2,3,2,48,-1,0,-1,0,-1,-1,406821.24,358199.47,298069.79,213759.34,202300.37,181312.8,205989.63,214087.34,35760.44,112567.69,12101.75,9736.28,0
849,100000,1,3,1,30,1,-1,2,-1,-1,-1,57746.67,51476.42,48459.36,40540.99,43952.09,31848.59,10672.06,5841.6,21709.83,3418.02,7563.8,10354.5,1
850,100000,2,1,1,45,0,0,-1,-1,-1,-1,37486.94,33747.58,32166.14,32620.24,28804.95,23883.18,21126.78,3809.89,16307.0,11146.68,9344.2,5866.9,0
851,10000,1,2,1,56,-1,0,-1,-1,-1,0,7762.58,8157.33,7823.19,7214.95,5600.63,4195.08,1756.39,3405.45,4146.96,1154.41,715.83,315.51,0
852,100000,2,2,2,46,-1,0,-1,0,0,-1,45404.32,46750.27,45943.66,40594.74,34427.19,37600.11,16453.81,9283.38,17564.44,17190.63,5792.93,20806.01,0
853,20000,2,2,1,46,0,0,2,-1,-1,2,8399.61,7969.83,8053.31,8368.5,8967.66,6768.48,4104.88,4669.65,4656.29,4024.63,2787.36,2756.01,0
854,200000,2,2,2,33,0,-1,0,-1,0,-1,24187.36,22574.17,18088.85,13943.64,10403.67,7617.97,9059.38,4071.48,2019.62,4361.33,4913.23,4207.84,0
855,20000,2,1,1,37,0,-1,-1,-1,0,-1,12864.04,11750.39,9509.29,8705.27,9200.45,8361.12,2479.08,4617.74,2086.16,1413.1,4433.79,1822.87,0
856,20000,2,2,1,60,1,-1,-1,-1,-1,0,10522.28,8460.64,8320.75,7979.21,7276.22,5282.58,5924.05,2314.24,1787.58,3078.57,2827.29,2949.08,1
857,10000,1,2,2,24,-1,1,-1,1,-1,-1,3494.63,3759.94,3213.4,3439.33,2503.9,2387.76,181.36,374.72,865.5,437.64,1377.04,699.13,1
858,50000,1,1,2,43,3,2,-1,0,-1,-1,10572.06,9382.15,9847.07,7537.58,6481.59,6790.25,3580.58,4122.48,4559.05,1928.57,2567.85,1547.04,1
859,100000,1,3,1,55,2,-1,1,-1,-1,0,24593.25,25886.1,25582.02,25138.81,20043.17,16037.7,1834.96,12547.88,1563.77,9767.9,1264.74,8225.61,1
860,10000,2,2,2,31,-1,-1,0,-1,0,-1,2798.9,2861.17,3130.47,2248.7,2091.55,2239.76,1147.92,1443.78,186.41,1279.55,700.43,165.9,0
861,200000,2,3,1,32,2,-1,1,0,-1,-1,158432.57,132183.96,134616.32,124776.53,94952.43,91005.91,11616.88,42231.86,16892.94,51811.19,55278.87,41171.44,0
862,50000,2,1,3,29,0,2,-1,-1,0,0,24225.44,21656.8,17914.82,17162.31,18475.38,14133.76,1966.58,12707.04,2726.01,6844.48,7591.05,7426.43,1
863,100000,1,1,2,35,0,-1,0,-1,-1,-1,65639.77,62055.58,52827.47,54727.63,42934.45,41121.35,21085.91,30399.38,31381.55,24544.88,18402.88,21762.8,0
864,50000,2,2,1,57,0,0,-1,-1,0,-1,23452.74,20606.7,16773.13,13913.86,13262.28,9669.64,10045.06,6018.54,3218.2,1995.15,1495.58,652.39,0
865,50000,2,1,2,25,1,-1,1,-1,-1,-1,23949.23,22048.45,22541.29,22060.65,22777.62,19128.94,6742.52,2308.51,6798.72,10027.38,5645.02,10232.03,1
866,100000,2,4,1,39,3,-1,2,-1,0,-1,75771.83,67037.53,56180.6,41409.49,38856.96,27448.14,41878.01,12731.1,3705.02,7601.65,20030.97,12170.53,1
867,20000,2,1,2,31,0,-1,1,-1,0,-1,14338.51,14205.39,14193.03,11198.61,10775.59,9446.18,8027.71,6742.98,7973.16,5136.04,1192.62,4864.94,1
868,20000,1,2,2,29,-1,-1,0,2,-1,2,5714.21,5189.64,5016.4,5063.54,4373.53,4517.0,1695.9,2770.29,380.78,2738.76,2237.41,1883.89,0
869,200000,2,2,2,55,0,-1,-1,0,-1,-1,120115.17,108570.78,107483.91,113617.07,84160.28,82386.81,45789.69,44985.02,58715.97,37817.55,30737.37,38059.87,0
870,300000,2,2,1,47,-1,-1,0,-1,-1,2,193245.17,170340.13,162266.17,114640.98,86270.89,67249.33,113722.35,44860.24,25989.07,6383.42,23001.94,26202.8,0
871,50000,1,1,1,33,0,-1,-1,0,0,0,21192.14,22049.52,17725.8,13588.09,13328.06,10303.57,10637.61,5419.58,9747.45,5161.57,7485.19,3182.89,0
872,50000,1,2,1,32,1,-1,-1,0,-1,-1,7733.27,7685.17,6731.94,5278.28,5378.03,5279.48,957.96,1900.8,1560.91,1264.54,355.99,2960.51,1
873,100000,2,2,2,29,-1,1,-1,-1,-1,-1,39712.39,40359.28,43002.59,39035.83,40476.94,39120.42,3539.36,12927.39,13426.96,13769.17,22656.06,4333.03,1
874,50000,2,1,2,62,-1,0,-1,-1,-1,-1,19332.21,17750.06,19148.42,14584.8,12325.53,9329.12,7020.36,7973.29,8444.94,4081.71,6571.08,793.55,0
875,10000,2,3,2,48,0,0,0,-1,-1,0,6525.04,6863.31,5690.8,6205.39,6748.62,6538.31,3350.25,958.99,2610.6,2568.44,4000.36,2719.84,0
876,20000,1,1,2,33,-1,-1,-1,-1,-1,-1,14952.29,13829.55,15015.97,12840.83,12284.14,12435.22,6974.54,850.47,1031.84,2870.91,3429.73,5228.75,0
877,100000,2,2,1,40,-1,0,-1,-1,-1,-1,41681.26,35552.0,35593.16,26948.54,20519.3,20653.15,16447.67,3272.55,2160.49,6934.48,6225.12,10596.05,0
878,100000,2,2,1,33,0,-1,-1,-1,-1,2,61657.3,58771.67,63283.41,63896.84,46448.86,40050.05,31395.61,24461.73,14360.17,4529.02,20340.84,16288.27,0
879,10000,2,1,1,47,3,-1,0,-1,-1,0,6142.68,5734.02,5277.3,4880.05,4479.69,4594.63,746.93,2963.28,1748.75,624.45,495.62,451.07,1
880,20000,2,3,1,46,0,-1,0,-1,-1,0,12370.48,10236.85,8501.94,9060.02,9027.67,7727.01,3821.95,2800.96,4509.08,2354.99,1660.8,4123.57,0
881,20000,1,2,1,49,0,-1,-1,-1,-1,-1,10868.94,10855.92,9669.76,10387.63,7346.4,7039.94,5262.02,2558.91,1445.86,532.31,2153.23,735.81,0
882,100000,2,1,2,49,0,-1,0,0,-1,-1,60337.29,62967.92,63402.68,66088.08,46858.21,47051.54,8323.53,3840.67,16165.85,3802.3,20839.66,13983.2,0
883,10000,1,2,1,42,-1,-1,0,-1,-1,0,7941.5,7201.73,7479.47,6924.02,6448.46,6462.59,2028.15,601.26,2165.07,2749.97,2083.19,2560.13,0
884,20000,2,2,1,29,1,-1,-1,-1,0,-1,16749.26,17214.29,14030.28,11070.45,12132.68,10176.72,5067.86,8006.55,4465.0,3272.78,2138.53,4048.35,1
885,200000,2,2,2,44,0,-1,0,0,-1,-1,34687.91,33846.93,32022.09,27905.1,27765.95,25775.84,3165.35,3360.29,14014.99,1410.16,5844.03,7641.46,0
886,20000,2,2,1,62,3,0,-1,0,-1,0,2188.04,1929.63,1580.97,1411.83,1073.88,1015.43,136.5,975.63,870.24,266.94,496.47,235.35,1
887,100000,2,1,2,39,3,0,-1,1,-1,-1,51513.27,46526.42,49275.39,53720.51,39478.21,31343.3,16957.67,22313.94,5962.09,21440.65,19472.55,6758.43,0
888,20000,2,1,1,58,-1,1,0,-1,-1,-1,8605.0,9326.42,8793.9,7044.3,7225.58,5081.6,4722.75,4669.79,2713.9,1123.04,2094.64,2974.82,1
889,10000,2,3,2,51,3,-1,-1,0,-1,-1,4609.36,3985.88,4282.61,3742.54,3832.02,2834.6,490.64,1703.02,2533.83,1804.59,599.07,671.89,1
890,20000,2,1,2,59,3,-1,-1,0,2,-1,9336.08,7894.36,6501.59,6013.57,5308.38,3789.3,1131.58,486.06,2467.56,1226.31,1943.87,1400.9,1
891,100000,2,3,1,35,0,2,0,-1,-1,-1,81615.09,67144.85,60372.68,51706.45,36933.77,30265.71,6667.27,19732.86,31196.16,29370.64,9974.41,11147.35,1
892,200000,2,1,2,52,-1,-1,0,0,-1,0,121860.33,129498.02,129881.53,97183.63,97815.58,81223.9,30365.89,17669.77,70051.75,32643.34,39264.65,29562.87,0
893,200000,2,3,2,49,1,0,-1,-1,0,-1,90774.41,90922.94,80746.46,85282.53,73750.59,77172.36,24208.93,21453.79,7192.23,12505.29,37147.16,30226.09,0
894,50000,1,2,2,54,-1,-1,0,-1,-1,-1,23191.31,19364.73,20380.75,20798.25,21350.6,16012.35,13702.02,6904.91,6409.97,2346.37,7268.28,3111.92,0
895,100000,2,2,1,29,0,-1,-1,-1,-1,-1,77560.21,79863.52,87534.42,70254.97,53228.12,41200.5,38980.39,36143.53,50684.62,9097.71,29064.31,9732.43,0
896,20000,1,1,1,55,-1,-1,-1,0,-1,-1,5472.9,5411.73,4785.95,4206.81,3724.29,3530.67,1373.88,961.65,632.19,1837.19,941.47,313.37,0
897,50000,2,1,2,26,0,1,0,1,-1,2,5589.86,6125.73,5564.14,5531.33,5036.58,4470.78,1450.01,1434.37,854.87,752.1,1583.7,1627.62,1
898,200000,1,1,2,57,3,-1,0,-1,0,-1,96506.78,92011.99,100311.81,109282.51,92655.09,101670.75,26918.89,15226.02,32935.53,61914.4,33714.02,18442.09,0
899,10000,2,1,1,34,-1,-1,-1,0,-1,0,8683.77,8292.35,7524.63,5771.43,6325.34,6355.61,3253.74,4903.54,927.36,1284.63,2817.33,917.04,0
900,10000,2,1,1,29,1,0,0,2,-1,-1,7514.98,6573.95,6355.67,6070.9,6102.21,4931.42,3998.42,3688.3,3323.67,517.69,2079.67,2506.95,1
901,20000,2,2,1,39,-1,0,0,0,-1,-1,8534.32,7316.28,7541.42,7745.19,7993.5,7902.49,1504.08,2996.34,3540.93,1075.32,3965.65,2924.24,0
902,10000,2,2,1,43,0,1,0,0,-1,-1,2400.79,2448.95,2281.21,1620.48,1290.59,1021.29,444.29,1233.43,1179.99,383.94,559.01,364.67,1
903,20000,1,2,1,61,0,-1,-1,-1,0,-1,11122.16,10141.17,9246.54,9472.11,8087.92,7866.58,6614.84,4516.66,2523.13,1113.32,1961.48,1068.29,0
904,100000,1,2,1,48,-1,0,0,-1,-1,-1,80376.37,81767.93,77571.31,78809.41,58658.62,41918.0,25643.24,42251.83,31479.36,40672.08,23578.3,12350.59,0
905,50000,1,2,1,36,0,-1,0,-1,1,-1,33690.94,34780.25,35957.77,38452.99,42272.29,32965.58,14367.76,19643.58,8266.2,22178.82,9476.89,11714.36,0
906,200000,2,2,1,46,1,-1,2,2,-1,-1,106432.04,113987.35,101864.64,74745.16,60023.43,44480.51,52639.59,64031.88,8632.16,34872.7,26657.38,12939.59,1
907,200000,2,2,2,58,-1,0,2,0,0,-1,137580.24,127706.31,115605.15,86670.9,64156.7,55917.63,43903.96,46742.39,55046.36,33690.05,26265.87,19214.74,0
908,50000,2,2,1,60,0,-1,-1,0,-1,-1,43586.19,36122.16,30947.36,28083.91,21964.09,20236.72,2572.68,20971.18,18086.34,13746.16,3240.33,1177.45,0
909,50000,1,3,1,45,0,0,-1,-1,-1,1,27107.74,21862.84,22092.08,23166.86,21513.27,17291.77,12532.34,5993.88,4579.12,3125.78,9364.61,2762.32,0
910,50000,1,1,1,55,-1,2,-1,0,1,-1,27213.92,24154.1,25840.91,27127.89,22631.92,24700.55,10088.56,3777.76,5380.04,6985.1,2758.48,4180.98,1
911,100000,2,1,2,25,2,-1,-1,0,-1,-1,48288.27,52138.92,44616.42,43725.23,33475.34,28930.48,25725.54,9244.87,7299.17,7306.81,3366.56,7463.21,1
912,50000,2,2,2,27,0,0,0,-1,0,-1,27664.52,28337.87,22964.35,20197.08,17921.44,16572.11,13565.46,8563.74,6536.19,6162.91,7232.04,9403.29,0
913,100000,2,1,2,43,-1,0,0,0,-1,-1,60812.98,58851.44,53812.65,42644.03,41287.4,36556.29,16250.76,11135.69,13810.69,6252.19,9635.41,12709.18,0
914,50000,2,3,1,45,-1,0,0,-1,-1,-1,13171.17,11483.74,10600.03,9432.67,9111.11,9523.56,967.19,1377.01,5688.85,4706.45,1261.02,1818.97,0
915,100000,2,3,2,21,0,1,-1,-1,0,-1,55442.34,56210.22,55859.42,43951.63,31025.37,26318.38,19536.35,15076.75,27072.35,21551.65,18400.65,11690.03,0
916,50000,1,1,1,42,0,-1,-1,-1,0,0,5538.29,5661.54,4674.61,4717.65,4727.86,5093.03,3265.56,2092.94,2497.69,1191.0,2498.49,867.59,0
917,50000,2,1,1,24,0,0,-1,-1,0,1,42517.17,36953.11,38669.57,33588.5,26752.05,27340.23,6134.97,21521.4,21489.17,15037.14,3940.08,3737.06,0
918,300000,2,2,2,48,0,-1,0,-1,0,0,39081.43,39567.51,38467.38,35226.3,37652.32,27496.05,12856.83,15482.71,16294.11,10002.5,21423.59,5879.99,0
919,200000,1,2,2,34,1,0,0,-1,-1,-1,173304.49,144894.68,139648.23,135790.22,102574.81,108043.53,20088.8,68919.53,56394.88,28063.46,39319.32,22800.0,0
920,20000,2,1,2,53,0,-1,1,-1,-1,-1,17503.88,14537.06,13009.34,11845.92,10184.87,7869.13,9917.05,6181.28,3985.77,2387.37,3421.53,2217.01,0
921,200000,1,2,2,24,0,1,-1,0,0,-1,104286.44,85157.16,77457.27,77621.72,64028.94,46345.42,52666.88,22274.51,7405.44,24811.53,15767.82,20525.38,0
922,50000,2,2,2,62,3,1,1,-1,-1,-1,18296.73,19084.58,15585.0,15809.82,14174.24,11178.66,6320.75,2938.97,4604.64,897.06,3214.15,4118.39,1
923,200000,1,1,1,31,3,0,-1,-1,2,-1,49592.11,43699.75,44841.47,35742.85,29503.33,21657.84,19901.34,8969.04,11184.3,15760.24,3146.48,6949.64,0
924,200000,2,1,1,59,0,0,-1,-1,-1,0,45947.95,45086.56,44248.89,36251.17,36559.13,34690.22,18619.98,23990.24,11422.22,9577.82,5475.91,19831.37,0
925,50000,1,2,1,52,0,0,-1,-1,-1,0,14517.36,12243.14,13380.88,9684.12,8258.52,7259.22,8341.86,1660.57,4359.31,1228.21,1635.2,491.75,0
926,10000,2,1,2,24,-1,-1,-1,-1,-1,1,4809.65,4486.1,4064.71,2990.32,2512.03,2235.53,2808.8,465.03,1382.06,1193.54,1142.79,608.52,0
927,50000,2,3,1,21,-1,-1,2,-1,-1,0,34715.93,28061.24,28057.68,28949.65,31511.57,29830.04,14437.76,14571.6,4736.18,13452.26,18213.08,12727.95,1
928,100000,2,2,2,46,1,-1,0,0,-1,0,41898.37,44327.87,47690.74,37465.84,32272.37,29024.27,8870.13,15581.75,9592.97,4291.15,9876.69,6566.18,0
929,100000,2,2,1,53,0,0,-1,-1,-1,-1,72480.97,69721.22,70662.75,73055.78,54938.85,60248.17,29116.24,29657.7,11430.18,7798.73,13958.71,18766.62,0
930,50000,2,3,1,37,-1,-1,-1,-1,1,0,27583.45,29435.76,23904.58,26160.01,21116.4,20049.83,9813.73,14841.7,10877.0,6894.11,11033.44,1334.28,0
931,20000,1,3,1,47,1,-1,-1,-1,-1,-1,2308.43,2170.7,2148.28,1712.45,1694.24,1583.24,1117.19,514.49,1246.89,697.02,719.06,256.14,1
932,200000,1,2,1,62,2,-1,-1,-1,-1,-1,41086.64,36768.36,35430.63,31325.97,25209.32,21825.29,21560.02,17007.74,6540.77,11573.98,4654.64,2070.38,0
933,500000,1,1,2,25,2,-1,0,0,0,-1,278899.87,256655.02,243769.4,223006.24,216805.91,190476.14,111755.71,101902.61,127982.48,130735.4,75013.67,111208.64,0
934,100000,2,2,1,27,0,-1,0,-1,0,-1,22893.25,19989.35,19307.98,20797.15,22168.33,24292.01,7652.58,1272.28,8720.11,6058.29,11880.25,11159.94,0
935,20000,1,2,1,45,0,-1,-1,0,-1,-1,11732.99,12503.48,11730.38,9049.43,7688.77,5399.02,6116.57,5578.94,2562.04,2190.8,3175.41,2210.04,0
936,50000,2,1,1,28,-1,-1,-1,-1,0,-1,22811.23,20271.99,20425.04,21127.5,16417.32,12512.98,6740.12,4852.27,6918.12,9884.53,4188.25,640.22,0
937,10000,2,3,1,54,1,0,-1,0,-1,-1,6520.66,5788.14,4656.41,5043.42,4976.44,4166.35,2037.29,951.47,1794.99,2905.05,1420.89,1277.3,1
938,300000,1,1,1,61,2,-1,-1,1,1,-1,99944.89,98894.03,84709.46,78082.35,68331.02,72551.49,5939.59,57219.12,40176.66,42234.19,37187.87,31882.27,0
939,20000,1,1,1,24,2,2,0,-1,0,-1,15146.0,12674.46,11528.89,8772.99,6303.04,6776.85,1356.05,5998.23,4028.16,2426.56,2769.76,2606.07,1
940,100000,1,1,2,32,1,0,2,-1,-1,-1,41110.74,35591.79,33306.8,27761.94,25856.97,18695.66,11768.82,2259.04,13677.66,11031.17,8546.41,6224.28,1
941,50000,2,2,1,51,-1,-1,-1,-1,0,-1,36865.92,34247.35,28738.52,31142.14,29030.34,21965.79,1997.63,16024.69,6503.12,4005.5,12279.08,11117.74,0
942,100000,1,2,1,31,0,-1,-1,-1,2,-1,11549.66,9872.45,10327.02,7923.81,7707.35,8115.0,1869.92,5110.94,1216.69,3509.52,3290.9,1901.9,0
943,100000,1,1,2,57,0,0,-1,-1,-1,1,41446.73,36356.96,39222.53,35106.24,34899.34,28230.56,17564.04,8942.71,3257.42,8521.77,12634.75,14436.91,0
944,200000,2,1,1,64,2,-1,-1,0,-1,0,55230.15,55781.26,57196.13,44380.98,42528.03,36592.8,21864.0,12804.49,12040.12,7650.91,16805.13,9644.14,0
945,20000,2,1,1,56,-1,2,-1,2,-1,-1,9098.89,8042.98,8675.52,9210.37,7693.63,5399.67,3291.63,2276.36,3620.1,1145.99,1878.7,1994.33,0
946,10000,1,2,2,42,0,-1,1,-1,0,-1,8574.48,8498.67,8693.86,8138.96,8416.93,7546.48,4319.98,2604.2,860.77,1561.79,2039.55,2534.95,0
947,20000,1,1,1,21,-1,0,0,0,0,0,4543.32,4308.53,4016.91,4295.44,4613.78,4826.57,1130.16,1117.3,1833.24,1420.8,1091.33,1331.09,0
948,300000,1,3,2,24,0,2,-1,0,-1,2,51119.11,52667.37,48345.48,52139.05,42797.83,36200.02,21108.76,17296.04,13245.89,28287.03,3050.38,7114.74,0
949,200000,2,1,2,56,1,0,-1,-1,-1,-1,29359.39,30099.73,25582.36,22911.24,18620.72,19595.84,11875.88,17605.73,7865.65,4433.59,9412.69,5811.41,0
950,100000,2,4,2,28,0,2,-1,0,0,-1,19868.8,17072.55,14100.8,15156.12,13719.34,11507.37,8197.14,1154.83,2357.14,1225.24,1874.26,1343.15,0
951,100000,1,1,2,45,1,1,-1,-1,1,-1,14956.61,16197.59,14025.26,9821.66,10747.91,10353.1,6291.51,9563.16,6080.06,4704.23,1094.21,2477.25,1
952,100000,1,2,1,48,0,2,0,0,0,0,64779.04,67413.1,64692.35,50255.76,38462.99,31441.69,31825.76,34865.21,37765.17,24096.45,10868.73,11597.76,0
953,20000,2,1,1,58,-1,0,0,-1,0,-1,3878.43,3722.46,3128.67,3108.64,2791.5,2528.8,1491.49,1818.56,846.6,270.05,875.53,212.26,0
954,300000,2,1,1,56,-1,-1,-1,-1,-1,-1,77385.58,74903.62,81296.58,74028.28,57570.73,59374.12,41160.65,22295.9,9231.76,11141.89,11211.63,27250.18,0
955,50000,1,3,1,56,3,-1,0,0,0,-1,30821.24,32320.72,27975.22,30671.5,26498.83,27541.89,8790.52,2950.6,1662.53,4233.06,15266.06,9972.7,1
956,50000,2,3,2,63,-1,-1,0,-1,-1,-1,22846.32,21595.38,22677.08,22988.06,19575.42,14302.02,13374.23,8429.73,11937.11,6984.36,2772.75,8305.97,0
957,100000,1,2,2,61,-1,2,-1,0,-1,0,14373.18,13561.76,14180.8,13693.69,12712.58,13624.31,984.4,7348.29,6210.09,2562.94,4647.25,1362.37,0
958,10000,1,2,2,24,-1,-1,-1,-1,0,0,8765.39,8669.46,7302.82,7776.53,5551.31,5044.64,1084.67,2460.17,3764.71,3585.74,2142.05,881.24,0
959,20000,2,2,2,33,-1,-1,-1,-1,-1,0,11598.9,9586.4,9713.16,8109.33,8295.04,6533.87,1113.97,844.73,2583.4,3160.46,3405.14,2260.51,0
960,100000,2,3,1,58,0,0,0,-1,-1,-1,59103.32,57604.58,60325.49,46271.55,45518.97,46999.65,17202.14,3051.5,24028.45,19564.45,22150.93,14887.51,0
961,10000,2,1,2,45,0,-1,0,-1,-1,-1,7820.66,6781.86,7224.63,6638.22,7301.62,6966.39,2919.73,784.47,1902.38,1712.43,3839.0,2257.92,1
962,100000,2,2,2,23,3,0,0,-1,0,0,82727.47,69078.37,75032.51,59680.08,47881.13,43246.27,24272.43,26475.6,17314.26,19364.0,10075.18,10292.64,0
963,20000,2,2,2,52,1,1,0,1,-1,-1,2913.45,3043.46,3283.98,2604.05,2726.75,2794.05,482.4,1810.85,1230.44,1102.6,1615.09,1470.66,1
964,50000,2,2,1,59,-1,0,0,-1,-1,-1,7733.85,7072.96,6318.56,5197.15,4906.84,3834.89,1373.71,3123.84,1075.14,1767.36,1362.42,300.0,0
965,50000,2,3,2,21,0,0,-1,-1,-1,-1,36062.04,34289.38,30184.83,29280.96,23202.1,21635.13,17812.88,4678.19,13611.56,2679.66,11166.8,11461.75,0
966,50000,2,1,1,31,1,0,0,0,-1,1,32833.39,29157.27,26803.08,19015.07,15559.78,16878.07,2606.53,15292.02,10682.09,4739.69,1128.29,8049.98,1
967,100000,2,1,2,22,2,0,0,-1,0,-1,27344.99,22129.53,20790.74,21622.27,15312.02,14620.49,16279.27,9142.7,5687.56,12630.66,7042.98,7071.35,1
968,50000,1,2,2,25,0,-1,-1,-1,-1,0,17849.08,16648.15,14486.65,13687.26,11461.93,10768.75,7967.67,3593.62,2997.31,4458.79,5808.33,5929.98,0
969,100000,2,2,1,42,-1,-1,-1,-1,-1,-1,58883.28,60359.97,49846.77,40963.16,43411.42,30899.49,32777.77,19672.52,12355.15,11296.68,4757.4,11175.4,0
970,50000,2,1,2,33,1,-1,-1,-1,0,-1,36559.62,37564.98,37451.39,27910.34,20377.17,15752.77,5504.15,10204.68,8287.62,15048.29,4449.08,8289.32,1
971,100000,2,2,2,43,1,0,-1,-1,0,0,58252.51,62715.46,53450.64,54306.38,58174.82,54966.93,20829.02,33186.97,13294.68,22539.95,17234.81,14995.63,1
972,300000,1,3,1,51,0,0,0,0,-1,0,220072.47,231542.87,248785.85,217581.5,185345.08,181835.68,75028.93,132980.32,14618.4,61910.29,87143.18,77526.0,0
973,100000,2,1,2,55,-1,-1,-1,-1,-1,-1,28289.44,30968.45,27447.51,23992.48,23904.82,25337.46,11073.8,3655.14,6510.32,9048.73,8158.86,5514.52,0
974,20000,2,2,2,58,0,0,0,1,-1,0,7297.83,7089.76,6092.27,5410.5,5212.57,5465.56,3486.35,929.4,2116.76,1272.67,2070.81,2697.35,0
975,10000,1,2,2,61,-1,-1,-1,-1,0,-1,1812.99,1478.09,1268.57,1098.05,1064.0,897.95,802.36,140.94,400.01,540.1,268.96,62.03,0
976,50000,2,2,2,55,-1,-1,1,0,-1,-1,44392.58,47012.57,41692.65,37745.11,34700.49,33865.8,11814.29,12177.06,5322.24,16766.4,18335.72,17438.24,1
977,100000,1,3,2,33,-1,-1,0,0,-1,-1,74719.22,81115.96,79789.7,75980.61,67297.7,59596.63,39460.25,47378.32,45545.91,12883.6,16928.75,6832.18,0
978,10000,1,2,2,27,-1,0,2,-1,-1,0,6726.3,6317.69,6908.37,6026.89,6456.67,5751.69,389.03,3746.52,1046.17,1320.89,2007.17,780.8,1
979,50000,2,2,1,25,0,0,-1,-1,1,-1,12792.5,10671.26,10093.74,10993.3,10685.65,11520.61,2421.36,4031.28,3713.1,566.66,3132.59,5370.11,0
980,100000,2,2,1,49,-1,-1,1,0,0,-1,65894.71,53202.54,52133.35,44784.57,42359.21,42067.58,22121.21,16223.09,13254.24,21723.11,20420.56,7581.78,0
981,50000,2,2,2,28,-1,0,-1,0,2,-1,39496.51,38866.66,40918.04,32152.41,27885.71,30319.03,20638.02,8407.19,17199.01,3203.76,13986.35,9709.04,0
982,200000,1,2,2,28,-1,-1,0,-1,0,0,149655.82,149698.79,134760.53,147164.21,116264.39,117421.24,40317.34,7525.13,39034.19,53677.32,63738.19,38072.72,0
983,20000,2,3,2,27,-1,1,-1,-1,0,-1,14074.97,11328.44,9674.07,7917.68,5548.14,5494.06,6711.21,2204.11,701.91,4081.55,978.94,1408.59,0
984,10000,1,2,2,39,0,-1,0,1,-1,0,4097.26,4444.61,4133.88,3920.26,4282.05,3729.81,802.27,579.87,1647.74,2279.1,2359.69,2099.49,0
985,100000,1,1,2,59,-1,1,2,-1,-1,0,71357.14,68693.45,61522.39,63456.65,63618.44,47242.36,41611.1,3509.61,34398.54,14308.11,13320.74,17013.38,1
986,50000,1,1,1,43,-1,0,0,-1,0,-1,24382.9,23985.03,25420.27,17834.4,19574.97,18638.21,1426.41,13019.0,13428.04,2692.88,10431.86,8282.3,0
987,100000,2,1,3,56,0,0,0,1,0,0,42362.04,41059.21,44893.4,36504.32,36799.16,32653.39,6238.26,3957.5,10350.74,21644.27,19187.78,17621.79,0
988,50000,2,1,1,62,-1,0,-1,-1,0,-1,43591.29,39017.72,39271.15,35843.85,25743.43,24101.65,2704.88,17158.06,8986.16,5464.16,7725.96,9353.95,0
989,20000,2,3,2,52,-1,-1,-1,-1,0,0,4346.72,4651.75,4633.74,4088.59,3588.29,2917.06,258.31,2597.95,1729.28,542.41,1755.17,1260.66,0
990,200000,2,2,2,24,1,0,-1,0,1,0,158355.03,126865.02,128674.92,93819.32,70056.12,54532.08,86801.84,15210.07,20352.55,52412.22,32142.21,15994.67,0
991,200000,1,2,2,50,0,-1,-1,0,-1,-1,71536.05,73264.22,68890.32,60542.37,61783.96,49801.41,14432.01,13353.85,27227.57,34199.43,4618.01,29756.28,0
992,100000,2,2,1,62,1,-1,0,-1,-1,-1,51313.02,46605.01,46075.5,34205.53,26488.51,25509.13,9177.19,8354.94,22606.76,10725.39,1706.17,12161.48,1
993,50000,2,3,3,59,0,0,1,0,-1,1,19517.44,16727.76,13739.82,10991.14,10585.18,11444.62,3843.32,1628.67,2224.99,4420.24,1040.82,6647.17,0
994,100000,2,2,2,25,2,-1,1,1,-1,0,50255.8,46779.7,44348.78,44327.28,42705.7,46838.38,24703.26,25745.02,25583.09,12403.51,24408.22,5619.89,1
995,50000,1,3,2,23,-1,-1,-1,-1,1,0,37736.1,32430.8,29178.32,22508.99,21508.55,22013.19,8357.88,16766.14,9534.81,12604.14,9508.67,1377.9,0
996,10000,2,2,1,42,0,1,-1,-1,2,-1,2464.11,2613.55,2132.54,2060.27,2166.05,2345.88,927.01,678.0,361.96,1049.55,602.05,792.72,1
997,300000,2,3,2,48,0,1,0,0,0,-1,211150.33,219318.01,211298.19,230140.09,227907.71,185410.31,110240.66,103780.72,18341.38,76573.81,39074.87,83867.11,0
998,20000,2,2,2,42,2,0,0,-1,0,-1,9134.22,9655.78,8768.19,7003.97,5820.27,4082.44,2058.17,3188.13,1820.09,2068.81,3325.05,2074.42,1
999,300000,2,1,2,42,0,0,-1,-1,-1,-1,254388.06,267301.12,261202.42,209959.44,173409.1,134846.84,33119.82,113200.45,81075.99,89829.33,31972.33,69695.52,0
1000,50000,1,2,2,54,1,2,0,0,0,2,26879.49,28154.77,26858.35,29040.25,20587.13,19635.61,2341.55,12079.25,8412.19,12067.28,7185.93,4080.9,1
1001,20000,2,2,1,49,0,0,-1,0,1,-1,2662.01,2593.93,2290.09,2212.36,2352.43,2492.94,957.87,1235.82,372.02,209.6,432.25,1165.51,0
1002,100000,1,1,1,63,0,1,-1,0,-1,0,82816.49,88662.5,85292.88,85978.77,63743.87,67949.02,31735.71,48281.09,16379.05,17489.42,28667.12,9278.51,0
1003,200000,2,2,2,62,2,-1,0,0,-1,-1,167918.88,137314.81,125455.24,127538.47,113719.49,117388.14,88841.67,66460.34,53076.11,37140.25,16475.22,39396.85,0
1004,100000,2,1,1,33,3,0,2,-1,-1,0,24393.71,21607.03,23256.4,23069.03,20840.56,20943.58,7573.01,9476.67,11073.59,8269.02,7867.11,3758.63,1
1005,200000,1,1,3,27,0,-1,0,0,0,-1,175625.99,151700.33,138455.37,151015.91,132763.65,109088.77,92551.02,59481.52,15129.59,23455.08,54074.01,19354.89,0
1006,100000,2,3,1,30,-1,0,-1,-1,-1,-1,45663.96,38189.87,31011.89,25116.47,23351.11,17165.32,15204.6,6301.24,12908.89,5675.28,13547.77,3687.71,0
1007,100000,2,2,2,48,-1,0,-1,-1,-1,-1,83153.58,66681.29,68619.83,62262.05,61745.36,56193.19,31150.98,13718.02,38014.03,20381.53,23562.08,12310.45,0
1008,200000,1,3,1,24,-1,-1,-1,-1,-1,-1,78252.48,72054.37,78474.77,75777.7,58992.49,49205.96,27049.92,6589.16,5443.56,41335.63,18687.33,11521.59,0
1009,20000,2,2,2,52,-1,0,2,-1,-1,0,2362.94,2403.58,2045.0,2010.04,1466.29,1101.57,508.57,460.95,791.82,529.55,390.04,608.46,1
1010,50000,1,2,1,42,-1,1,-1,-1,2,2,36800.82,36560.36,39917.88,31010.68,32343.15,28569.19,18916.13,12765.71,14788.13,6574.32,3499.5,12221.14,0
1011,20000,2,2,1,40,0,1,1,-1,0,-1,16172.98,16097.19,15858.28,16654.41,14954.2,13611.79,8674.68,9248.24,2849.34,8645.24,6685.82,713.52,1
1012,500000,2,2,1,40,1,-1,1,0,-1,-1,115123.46,122771.84,129428.01,132779.93,99710.14,100677.59,59476.65,14701.1,65182.41,23559.77,18541.21,27261.95,0
1013,300000,2,4,1,26,-1,0,0,-1,-1,-1,162955.43,177166.1,166867.18,134439.45,130248.87,133276.96,17766.4,52004.76,8944.59,51403.63,28907.07,18761.43,0
1014,10000,2,1,3,29,0,-1,-1,-1,-1,0,7652.47,7684.43,7582.66,6957.75,5491.27,4873.0,3187.83,3557.6,4254.09,1930.87,310.36,2176.61,0
1015,100000,2,3,1,48,-1,0,-1,-1,-1,0,46923.66,38734.41,40760.89,33337.67,24427.53,26095.79,13807.26,18844.68,15446.69,18296.68,10075.33,15406.8,0
1016,300000,2,3,2,33,2,-1,0,1,-1,-1,219207.81,219867.84,240720.11,203734.67,165642.12,168203.76,22746.25,34097.77,77041.15,87136.57,77416.82,54554.76,0
1017,20000,1,2,3,51,-1,-1,0,0,-1,0,12209.49,11799.65,10093.88,9220.03,7548.98,6590.22,1025.53,1747.18,4613.66,4962.13,769.22,3885.25,0
1018,100000,2,3,2,59,0,-1,2,-1,-1,-1,67658.43,55433.9,59293.43,54300.53,56873.0,47779.02,29351.21,21391.23,33691.04,22437.43,7130.02,9639.03,0
1019,300000,2,2,3,34,3,-1,-1,1,-1,0,250515.81,219736.18,219776.07,200616.77,165095.61,136559.29,67313.77,121453.97,110332.46,72046.33,82982.0,50468.33,0
1020,10000,1,4,3,42,-1,0,0,-1,-1,-1,4334.59,3776.77,4094.24,3757.3,3802.78,3367.31,1127.76,1859.67,1483.25,1049.21,1726.84,1178.0,1
1021,100000,2,2,2,57,0,-1,-1,0,-1,0,71677.99,73960.35,66226.46,63210.0,58841.75,48963.52,11983.93,19335.12,7902.77,24449.43,6947.55,23882.69,0
1022,50000,2,1,2,44,2,0,-1,-1,0,-1,33507.34,30275.96,26424.2,18662.96,13771.0,12222.19,12771.94,12476.72,6853.66,9012.29,3890.27,2368.31,0
1023,300000,2,3,1,28,-1,2,0,-1,0,-1,135357.36,128616.47,116996.88,88441.33,67444.16,62784.15,17815.33,24457.52,62030.68,25400.95,14936.6,12088.5,0
1024,500000,1,2,1,35,3,0,-1,-1,-1,-1,202469.57,209701.31,223405.25,198408.63,145244.3,111316.28,10577.14,64893.66,115761.24,79598.32,20353.59,27288.82,0
1025,300000,1,2,2,61,1,-1,-1,0,0,0,241525.12,261077.6,244862.02,240786.59,207219.79,211189.62,13945.55,89944.24,68769.13,70763.81,60321.36,78405.64,0
1026,50000,1,2,2,26,-1,0,-1,-1,2,0,13189.58,12681.31,13764.83,12439.38,13533.49,10083.09,3328.0,5082.13,4270.06,1280.42,7018.17,1255.01,0
1027,200000,2,1,2,43,-1,-1,-1,-1,-1,-1,70961.14,68590.26,59858.86,56960.31,43991.52,37909.15,31601.26,18532.9,25521.46,20441.72,21949.51,21805.59,0
1028,200000,1,2,2,45,0,-1,-1,0,-1,0,175917.12,145793.05,126280.5,137428.25,115005.3,88104.19,67097.24,9856.69,36826.57,11784.86,42823.65,26725.76,0
1029,50000,2,3,1,51,2,1,-1,-1,-1,0,16094.63,15262.46,15316.21,15194.09,15619.61,12832.62,3023.85,8553.56,1519.65,5749.89,5589.05,4194.24,1
1030,200000,1,1,2,49,-1,-1,-1,0,-1,-1,159596.23,160544.23,142482.85,153303.94,161017.54,142229.17,16929.06,92462.63,64294.78,78429.47,66026.03,39242.08,0
1031,10000,2,1,2,43,0,1,2,-1,-1,-1,3971.42,3402.38,2853.73,2019.31,2007.5,2006.5,988.94,1455.69,1162.87,273.84,1177.25,527.71,1
1032,100000,1,1,1,30,-1,-1,0,-1,-1,-1,54096.29,45082.68,41150.64,36165.79,32073.05,30496.17,29375.82,8858.9,6553.94,13668.56,16126.88,9179.39,0
1033,20000,2,2,2,29,1,-1,0,0,0,-1,8373.48,8867.52,7802.08,6567.84,6302.17,5320.86,2016.23,3344.02,3834.99,541.19,1054.43,975.39,1
1034,20000,1,2,1,33,0,-1,-1,1,-1,-1,5540.83,4623.62,4271.73,4195.74,3692.31,3457.4,642.78,933.31,2132.04,835.53,1132.62,454.07,0
1035,10000,2,2,2,52,0,0,-1,0,0,0,6528.85,7011.48,6001.5,6432.25,6685.98,5472.67,3526.48,3045.49,1115.56,766.86,3079.32,1586.96,0
1036,100000,1,3,2,61,0,-1,0,-1,0,-1,87328.82,77032.48,83741.61,59968.44,51809.65,53643.25,19927.33,19116.15,10699.25,3818.13,26758.72,22640.49,0
1037,50000,2,2,1,21,2,-1,-1,2,2,-1,40712.44,36600.04,38082.14,27530.42,28276.98,25258.99,19321.24,13051.43,6014.93,14178.31,2728.67,6214.71,1
1038,100000,2,1,2,21,-1,0,-1,-1,0,2,88822.13,85062.64,89508.9,86746.13,81044.33,79966.71,17783.18,7010.84,28755.88,23895.98,34981.11,8747.89,0
1039,10000,1,3,2,57,1,2,-1,-1,-1,1,6529.02,5591.65,4972.87,4169.36,3787.84,3124.14,3447.42,3343.28,1122.03,555.54,507.88,1056.52,1
1040,50000,2,2,1,60,-1,0,-1,0,0,-1,6379.13,6421.02,6787.19,5302.21,5103.87,4955.54,606.18,2659.47,2853.07,2117.64,552.69,1676.16,0
1041,100000,2,2,1,38,0,-1,0,-1,-1,-1,54325.59,51998.7,50814.96,54975.98,44906.99,48082.29,10281.39,29484.48,17108.86,30001.68,23079.48,6871.1,0
1042,200000,1,2,2,56,1,-1,1,-1,1,-1,119602.45,129629.18,105909.56,74731.43,64034.75,47584.62,53834.09,59564.76,44391.37,24351.16,30905.63,11358.49,1
1043,50000,2,3,1,51,0,0,2,2,0,-1,9805.75,10525.15,8904.05,7208.65,7367.36,6897.62,2617.96,3778.92,1526.55,3648.45,3393.59,3339.29,0
1044,100000,1,2,2,21,1,0,1,-1,-1,0,76274.16,78632.09,73425.76,61140.03,52188.63,46989.19,26911.94,35780.88,27545.17,31393.14,3304.02,3180.6,1
1045,200000,2,2,1,56,0,1,0,-1,0,0,136812.91,117035.76,107454.68,108863.71,104665.69,95914.78,27685.39,36060.28,57569.39,50370.74,20019.69,9810.03,0
1046,100000,2,2,2,29,2,0,-1,-1,-1,-1,45874.33,39641.73,41171.25,38070.9,36754.39,28589.06,11408.45,22897.56,15275.37,7662.54,10552.57,12446.84,1
1047,20000,1,1,2,42,-1,-1,-1,0,-1,-1,6671.92,5874.9,6239.74,5187.4,5435.85,3864.02,2559.07,2795.77,2675.96,1594.01,2902.88,1409.84,0
1048,10000,2,2,1,48,-1,-1,0,-1,0,0,2774.45,2913.84,3087.16,2370.63,2080.16,1515.41,1347.92,339.67,1767.82,308.13,702.56,558.2,0
1049,200000,2,2,2,46,1,0,-1,-1,-1,0,174311.49,173332.5,158180.94,124512.49,132109.22,107493.7,94229.49,99295.46,85031.29,69250.16,42836.56,32433.89,0
1050,10000,2,1,2,30,1,-1,0,-1,-1,2,7416.6,6323.95,6265.34,4482.66,4918.5,5123.88,1834.56,2318.81,1088.45,1847.35,258.41,498.27,1
1051,200000,2,1,2,23,0,2,-1,-1,-1,0,130941.48,122754.68,116509.83,120558.05,92549.95,94654.92,51947.4,36551.08,58133.14,6401.0,46864.09,7486.96,0
1052,100000,2,1,2,22,3,-1,0,0,0,-1,85870.41,93810.86,100065.77,74736.54,73702.75,80938.0,27811.81,45564.38,58940.28,36613.17,27402.95,18477.26,0
1053,300000,2,2,2,57,0,0,0,-1,1,-1,78841.16,80392.38,85753.88,88259.48,86436.45,86109.14,32401.92,14130.99,41488.99,5119.46,21976.24,6988.67,0
1054,200000,1,3,2,51,3,-1,-1,-1,0,-1,157217.31,169839.62,138616.59,104748.47,92436.08,77691.49,61633.84,97999.24,16741.78,40512.33,12782.19,28038.89,0
1055,500000,2,4,2,53,0,-1,0,0,0,-1,283378.43,295464.9,287086.12,304989.71,250557.57,267420.57,110837.6,41803.71,112284.7,89058.84,70314.17,113243.43,0
1056,50000,2,1,2,52,-1,0,0,-1,1,-1,42321.98,43063.37,40954.98,39783.84,28282.21,28742.3,12271.32,9156.37,16751.74,6550.64,5127.47,11210.98,0
1057,200000,2,2,1,63,0,0,0,0,-1,-1,125697.6,131853.75,135956.73,114314.2,109111.58,106883.37,26578.5,71065.49,17821.2,53136.46,32472.34,48218.91,0
1058,50000,2,3,3,32,3,-1,0,-1,-1,-1,34661.33,34930.68,29996.46,25709.29,21243.16,19426.03,9763.56,13433.76,10657.33,15406.04,4643.2,11143.58,1
1059,50000,2,1,1,23,-1,-1,-1,0,-1,1,13890.28,13476.49,13591.04,11060.71,10185.55,10051.23,7089.57,7007.59,7580.29,4830.25,755.62,5850.78,0
1060,100000,2,2,1,46,3,0,1,-1,-1,-1,37599.68,38380.47,39208.83,30759.96,23034.72,24958.31,8970.16,6126.83,8331.12,15201.04,13725.1,5166.76,1
1061,200000,2,2,1,34,1,0,-1,0,2,0,68368.9,59401.6,47997.9,51090.28,36667.95,38314.77,35811.03,29230.4,23715.14,28204.16,10864.89,8061.07,0
1062,500000,1,1,1,32,0,-1,1,0,-1,-1,327658.38,310326.8,288411.67,223163.81,227840.04,177210.6,46344.15,45963.94,116494.02,65331.18,113340.05,81314.42,0
1063,200000,2,3,1,46,0,0,0,0,-1,0,85787.75,93115.49,101838.92,78454.6,58776.26,43438.62,30416.34,42718.71,42873.74,31469.12,6692.8,25824.47,0
1064,50000,2,3,1,36,0,-1,-1,0,-1,-1,39399.12,41076.88,36565.87,30865.46,23301.83,16465.79,4334.67,5545.4,7852.06,10571.99,8966.92,4562.29,0
1065,50000,1,1,1,28,0,0,2,0,-1,-1,13503.26,14555.03,15506.34,16959.71,15742.61,15508.48,3961.21,3473.34,7231.68,3798.49,5332.21,2356.0,1
1066,100000,2,1,2,48,-1,0,2,-1,-1,-1,73653.4,80299.48,78377.68,69440.03,68915.29,55929.19,42998.34,25046.65,31365.32,5927.88,39590.71,25214.4,0
1067,20000,2,1,1,27,2,-1,0,-1,-1,-1,15011.88,14653.85,13026.73,10970.32,7714.29,7616.22,5921.83,8138.13,4406.32,5723.85,3795.31,1994.78,1
1068,20000,1,1,1,35,0,0,0,0,-1,-1,12046.06,10345.79,10871.32,11952.14,10480.24,8108.15,720.37,4680.96,3476.6,1269.09,2906.2,762.25,0
1069,50000,1,2,1,61,2,-1,1,0,1,0,10932.41,11176.36,12262.69,12213.84,11633.69,10175.9,5492.35,2290.79,2683.07,4389.99,5664.05,4698.8,1
1070,50000,1,2,1,56,0,-1,-1,-1,-1,-1,18068.76,14494.75,14822.36,15976.28,15900.13,11216.6,5877.82,4283.9,2389.02,1075.62,4363.29,3078.66,0
1071,50000,2,1,1,28,0,0,1,-1,-1,0,20909.66,17286.91,14147.4,11311.82,12207.28,9075.61,8768.5,4192.46,6676.2,3898.45,5718.5,3405.53,1
1072,20000,1,3,2,30,0,-1,0,-1,0,1,9447.18,8368.64,6826.49,6837.95,4830.66,3538.81,3808.83,4744.36,1090.32,555.64,1015.91,1523.63,0
1073,10000,1,2,3,35,1,0,0,-1,-1,0,6894.13,5546.71,5255.33,5550.98,5881.0,5976.48,1059.41,810.07,746.56,2438.72,1500.36,2997.07,1
1074,10000,2,1,2,38,-1,-1,-1,0,0,0,3706.98,3725.54,2987.21,2723.57,2959.64,3142.42,1012.23,2062.56,1547.83,1024.94,1133.88,1231.16,0
1075,500000,1,1,2,57,3,0,-1,0,0,-1,57287.1,59863.61,60030.3,52199.54,54616.71,42044.58,9635.38,30250.51,5641.38,23235.03,18978.49,23744.81,0
1076,50000,1,2,1,61,0,-1,1,-1,2,-1,39643.15,40679.05,32742.19,26795.65,28927.34,26318.16,5875.98,4913.25,4398.89,9681.89,7738.45,8333.28,1
1077,50000,1,2,1,63,3,-1,-1,-1,0,-1,22293.07,18800.73,20528.89,19028.44,14222.13,10809.99,7944.61,3764.42,2054.61,8752.0,8045.41,3693.39,1
1078,100000,2,1,1,64,2,0,-1,-1,-1,-1,32630.91,33974.38,36155.18,28087.37,30809.01,31169.51,5286.05,14973.61,20861.63,7065.86,10081.4,6771.68,1
1079,20000,2,1,2,55,1,-1,0,-1,-1,0,15106.97,15840.37,16547.07,14441.26,14529.16,14940.38,2429.1,6954.05,1781.45,3324.04,6490.0,1830.85,1
1080,300000,1,3,1,22,0,2,-1,-1,-1,0,240922.89,199715.07,208447.34,202822.74,147613.22,149689.47,95067.49,35654.75,11109.06,65259.21,41232.32,59230.38,0
1081,200000,2,4,2,42,0,0,-1,0,-1,-1,136966.21,129805.09,136335.91,131010.96,127284.5,101903.83,37143.17,51725.11,52738.54,42911.25,56998.55,21494.11,0
1082,10000,2,1,1,35,1,-1,-1,-1,-1,-1,3834.53,3859.21,3590.14,3518.18,3452.22,2882.7,619.13,1652.17,1588.35,831.95,1677.12,1276.44,1
1083,50000,1,2,1,57,0,1,-1,-1,-1,-1,14243.35,13132.45,13625.66,12734.82,12120.24,9495.32,3717.36,1176.79,2012.79,4108.04,4253.03,3716.14,0
1084,200000,1,2,3,59,0,-1,-1,-1,0,-1,134047.95,142999.65,130150.43,91242.24,95792.53,67181.67,49420.95,37111.84,31475.95,15205.11,6512.37,13753.78,0
1085,300000,1,2,2,56,1,-1,-1,0,-1,-1,43790.25,41983.57,44272.35,31464.1,31448.54,22826.75,16610.29,23024.63,9757.19,12846.03,10293.42,8139.31,0
1086,50000,2,2,2,25,0,-1,0,0,-1,-1,20642.13,17269.95,17017.63,15862.2,12129.68,13276.27,11227.91,9416.86,7626.01,9270.95,6603.28,7880.69,0
1087,100000,2,3,2,35,0,1,0,-1,-1,-1,70704.43,67814.76,61542.13,66858.43,53492.05,56984.5,39707.19,28075.91,16416.84,25581.81,5141.83,30502.96,1
1088,20000,1,2,2,47,-1,0,-1,-1,0,0,11361.15,11057.04,11318.45,8803.26,7794.13,5703.59,1836.64,4522.13,3856.44,2739.47,2894.07,1592.68,0
1089,500000,2,2,2,36,-1,0,-1,1,0,-1,343541.14,373116.24,325673.5,321424.48,275758.32,243910.74,109822.86,194198.26,155356.41,176049.18,18975.78,104411.56,0
1090,20000,1,2,2,56,2,0,0,-1,-1,-1,11166.66,10346.99,11272.0,9843.64,9501.02,10354.48,3295.08,2464.5,3621.63,4058.95,3021.15,1561.62,1
1091,300000,2,4,1,58,1,0,-1,0,0,2,87524.99,93468.8,93414.92,70587.9,53263.51,38445.12,41312.12,7226.21,41951.07,15065.79,22932.32,2136.8,0
1092,100000,2,2,2,38,-1,0,-1,-1,-1,0,48657.19,43596.41,40124.42,28621.21,24091.1,23308.18,7588.55,22474.3,14510.25,11199.89,6246.38,11927.76,0
1093,100000,1,1,2,55,1,-1,-1,0,-1,0,71844.97,67224.7,64886.52,63935.93,50964.79,37846.28,12526.43,14903.82,28679.16,29421.24,5742.06,10513.14,1
1094,100000,2,1,1,45,-1,-1,-1,-1,-1,0,28431.28,28504.66,29110.97,22053.73,18027.92,15128.73,3895.44,11972.44,2907.84,10454.48,10295.23,2266.72,0
1095,20000,1,2,2,42,0,-1,0,1,-1,-1,17408.33,18551.22,19278.36,15796.15,15548.71,11176.89,7881.64,5908.45,11336.07,858.52,8757.04,2497.07,0
1096,20000,2,1,3,51,-1,1,0,0,1,-1,5245.81,5414.91,5915.72,5090.78,3727.42,3501.37,918.6,701.93,578.74,2396.88,1816.65,1951.81,1
1097,20000,1,2,2,57,3,0,-1,-1,-1,-1,2227.31,1885.73,1626.79,1598.08,1685.87,1653.82,625.47,528.23,650.49,782.39,276.86,894.41,1
1098,20000,2,3,1,54,3,0,-1,-1,0,0,14449.13,12398.93,11795.5,10085.72,9646.16,6912.22,2786.32,2410.13,739.85,1475.28,4582.73,2820.27,1
1099,200000,1,2,2,43,0,-1,2,-1,0,-1,168544.46,138284.84,114422.04,97775.48,84542.74,76228.58,99484.79,7542.76,38264.46,50652.04,19800.06,7670.94,0
1100,50000,2,4,2,36,-1,-1,-1,1,0,-1,14865.71,14664.18,12093.29,12307.26,11006.49,9021.01,6041.41,4958.77,1243.33,5436.27,4237.4,4013.4,0
1101,10000,1,1,2,26,0,0,-1,-1,-1,0,2240.45,2088.32,1736.02,1220.06,1194.78,1175.3,463.99,752.28,172.73,476.78,353.65,634.16,0
1102,300000,2,3,1,35,1,-1,1,-1,-1,-1,83742.89,88997.84,78126.85,78247.38,77645.04,70199.3,9530.78,19425.28,16149.26,37016.01,14576.22,38991.36,0
1103,200000,1,2,2,38,-1,0,-1,-1,-1,-1,120458.33,132121.42,133297.35,121123.55,123774.03,87473.56,35088.24,27983.96,24379.67,22914.73,50646.33,22962.75,0
1104,300000,2,2,1,58,0,-1,0,0,-1,-1,168964.93,179705.56,190189.65,174341.65,140425.69,113210.52,25282.87,53163.2,23821.31,23508.45,62557.96,16207.31,0
1105,500000,1,2,2,33,0,0,-1,-1,0,-1,298538.69,243006.6,226190.23,189597.81,197777.67,177008.27,42382.52,94709.64,83364.82,16684.11,67358.65,102399.75,0
1106,20000,1,1,1,44,-1,0,-1,-1,-1,-1,2123.75,2300.67,2223.74,1638.88,1691.72,1249.39,450.82,1340.59,1194.08,471.79,235.35,619.37,0
1107,50000,2,2,2,33,-1,0,0,0,0,-1,11279.48,9372.09,8077.89,5948.02,6198.04,6534.23,6559.14,2931.32,4479.89,1953.89,1995.73,1881.76,0
1108,200000,1,2,2,21,0,-1,-1,0,-1,1,58918.08,55039.01,57093.3,47749.19,34968.23,37018.3,15902.56,31012.77,11973.58,5107.76,16538.34,14720.01,0
1109,100000,1,1,1,56,0,0,-1,-1,-1,-1,65766.84,58479.81,62369.08,61630.93,46682.21,34780.1,10897.46,34282.4,32775.9,16602.41,24068.26,9343.33,0
1110,20000,2,2,1,38,3,-1,1,-1,0,-1,11739.95,9942.96,9402.85,9935.6,9437.87,9941.11,2707.73,3823.55,5473.71,1923.09,611.79,2997.1,1
1111,200000,2,2,1,53,-1,2,-1,-1,0,-1,119824.19,102014.87,86535.36,88689.22,95890.6,89083.81,37476.4,36556.52,19184.13,47587.95,14636.21,20514.86,0
1112,20000,1,1,1,58,0,0,0,-1,-1,-1,11131.43,10060.03,8063.42,8217.98,6113.91,6396.69,996.44,836.39,4559.51,2998.73,3433.19,515.53,0
1113,20000,2,1,1,63,0,-1,-1,-1,1,-1,13912.23,11235.77,10796.71,7582.46,7548.65,7179.61,3029.34,1941.13,3069.68,1107.54,3622.88,4296.37,0
1114,100000,2,2,3,26,-1,0,1,-1,-1,-1,85335.56,69923.69,66377.92,51552.19,38893.35,41490.11,10987.87,41883.46,20260.23,16333.66,17314.49,7540.78,0
1115,100000,1,2,2,37,0,0,2,-1,0,0,63885.31,64797.85,69835.4,75285.02,81321.89,71883.09,6367.52,29829.81,21943.51,5477.4,10236.0,15063.08,0
1116,100000,2,3,2,24,-1,0,-1,-1,-1,-1,69596.99,68752.76,55754.73,58434.66,59606.07,65523.23,38274.59,28696.55,25208.03,17352.55,3123.25,14986.52,0
1117,10000,2,3,2,34,-1,-1,0,0,-1,1,5865.49,4867.22,4111.27,3086.3,2516.4,2624.64,1209.93,1760.29,794.9,1684.59,940.72,483.86,0
1118,200000,2,2,1,50,1,-1,0,-1,2,0,147621.95,137244.62,117935.12,112565.13,80938.76,77032.71,24361.33,58403.68,21486.93,37798.96,42599.88,17655.27,0
1119,50000,1,2,1,40,0,1,-1,0,0,0,42719.41,41963.82,40458.89,35330.75,30902.34,26477.22,18591.2,17810.09,16031.32,5966.62,2756.14,9575.68,1
1120,20000,2,2,1,28,3,2,0,-1,-1,0,11681.66,9687.52,8577.53,6030.63,5488.05,5193.34,953.19,1664.78,3059.44,3343.16,483.82,485.69,1
1121,200000,1,2,2,22,-1,-1,1,-1,0,0,48961.08,53445.87,46054.5,46978.4,42789.31,42429.27,28656.02,25740.53,4102.26,26648.62,25639.54,3790.85,0
1122,300000,1,1,2,57,0,-1,-1,-1,-1,0,214863.95,226584.97,216235.62,232940.68,242435.36,202935.87,127145.47,69312.99,118147.63,46909.34,43640.98,61718.26,0
1123,200000,1,2,1,24,-1,-1,0,0,0,-1,124133.3,107769.3,87529.79,93509.06,102145.55,93603.94,58428.46,46972.3,18369.43,13610.52,42482.89,40543.92,0
1124,200000,2,2,1,30,-1,-1,-1,-1,0,1,169376.74,161866.41,176850.82,150979.43,131769.9,139159.71,100417.47,39031.87,81887.65,15069.16,47015.6,23593.28,0
1125,100000,2,1,2,40,2,-1,0,-1,-1,0,31770.72,30255.42,32019.48,32503.81,24882.24,26896.13,6063.84,11121.49,11787.33,15421.62,6917.02,9039.64,1
1126,100000,2,2,2,55,0,-1,-1,-1,1,-1,87602.93,78865.7,69527.09,62518.16,53189.68,50384.46,16648.75,35831.86,25358.4,27709.93,26148.53,14725.28,0
1127,10000,2,3,2,30,-1,0,-1,-1,-1,-1,5414.61,5565.63,5013.8,5475.05,5392.11,4098.03,2858.47,2150.98,2618.71,2584.85,975.02,1224.21,0
1128,50000,1,2,1,48,0,-1,-1,0,-1,-1,43559.91,43450.39,37965.63,41204.64,38463.18,38729.02,16732.56,17308.02,20283.06,5732.07,7843.52,16881.12,0
1129,50000,1,2,2,35,3,0,-1,-1,-1,-1,36361.57,38516.55,41540.85,41928.9,30805.82,24615.72,16278.92,5849.77,14875.46,24560.86,6053.73,9315.12,1
1130,50000,1,3,1,56,-1,0,0,0,1,-1,39638.39,31771.36,31642.98,28115.81,22042.15,16002.23,2283.06,10428.73,9038.18,4370.9,7735.45,4933.14,0
1131,100000,1,2,2,21,-1,0,-1,0,0,-1,35907.33,35232.31,33694.54,35742.32,34934.9,29638.16,10956.11,7077.49,13175.83,2532.6,14352.24,5888.96,0
1132,50000,2,1,2,42,-1,0,-1,-1,-1,-1,13777.37,15125.17,14407.94,11376.26,11139.98,8995.73,2798.03,3835.97,1668.64,3029.3,1124.69,3345.46,0
1133,10000,2,1,2,47,1,0,-1,1,-1,0,5992.67,6212.97,5279.63,4148.15,3914.23,3545.95,807.16,3050.6,1483.65,1472.64,511.5,445.23,1
1134,20000,1,2,1,49,-1,0,-1,-1,-1,-1,7989.3,7216.69,7857.49,7254.78,5931.61,4157.68,2679.09,550.01,3253.61,2023.22,682.25,1158.97,0
1135,100000,1,2,1,35,-1,0,0,-1,-1,0,88871.59,75259.15,80856.87,83090.01,63588.96,61799.75,17977.48,14419.67,37975.35,26333.67,25960.92,7669.8,0
1136,10000,1,1,2,30,0,-1,-1,-1,-1,0,4963.98,4608.97,5004.08,3627.16,2871.0,2516.92,1731.81,2230.96,2235.39,1300.69,1131.12,566.25,0
1137,200000,2,1,1,40,0,-1,0,0,-1,-1,37675.92,34936.16,30998.14,31428.36,32151.93,25843.28,3504.27,18009.28,4526.94,5216.96,16287.49,10342.8,0
1138,50000,2,3,2,42,1,0,-1,1,-1,-1,24952.11,24342.83,22955.15,24785.35,22193.46,17942.99,12195.18,4068.51,8868.71,12723.63,4606.94,8661.55,1
1139,50000,2,2,2,29,0,0,0,-1,-1,0,26403.32,21645.96,20686.57,18998.53,15967.89,11447.76,15109.53,3049.8,2062.05,3733.02,7232.29,2055.76,0
1140,100000,2,4,1,52,0,2,-1,0,-1,-1,10378.3,9508.15,9003.29,7071.39,5334.41,4209.09,4111.56,4655.16,3401.42,4235.78,1103.39,1696.29,1
1141,200000,2,2,2,37,3,-1,0,1,-1,-1,59278.3,62623.87,50459.61,48071.29,41198.57,30792.34,7619.11,27838.98,23224.73,28180.06,19092.31,6169.26,0
1142,50000,1,3,1,62,-1,-1,-1,-1,0,2,5053.58,5018.64,5269.3,4103.37,3558.11,3111.96,2334.71,1805.51,2093.29,908.75,1367.7,866.73,0
1143,100000,1,1,2,39,-1,-1,-1,-1,-1,-1,54880.1,51060.95,52284.56,44765.43,47201.18,42372.54,29256.73,15415.5,20584.58,15272.36,13106.51,23427.32,0
1144,100000,2,2,3,60,0,-1,0,-1,-1,-1,33370.71,29802.54,28087.09,27521.2,29614.06,30484.77,8394.82,15837.19,11493.94,15414.14,11824.78,3219.93,0
1145,50000,2,1,2,47,1,0,0,0,0,-1,11928.3,10543.83,9280.9,7912.37,8195.47,7591.4,3967.04,2147.1,2598.0,2819.16,4220.05,4487.76,1
1146,200000,1,2,1,57,0,0,-1,-1,-1,0,154173.37,157954.57,156452.9,139829.25,119591.9,111810.33,13108.87,64153.21,40950.78,67174.1,20576.8,45095.58,0
1147,200000,2,2,2,54,-1,0,1,0,0,-1,24802.82,23031.99,19381.14,17793.85,16435.63,12144.45,8711.37,12932.53,5712.06,5453.4,6381.15,4674.68,0
1148,100000,2,1,2,30,1,-1,0,0,-1,-1,65336.73,57095.67,62758.6,52451.7,54364.76,45679.95,4972.63,8254.18,10432.04,16193.48,32419.43,7673.01,1
1149,200000,2,3,1,50,0,0,-1,0,-1,-1,111679.86,116573.28,97642.02,71330.27,51370.72,52326.51,27211.34,18216.49,29254.25,18137.61,25098.48,8216.46,0
1150,200000,2,3,2,41,2,0,-1,0,1,-1,143448.36,126188.97,103164.07,93297.35,85192.89,79544.64,29129.08,14551.49,56484.36,29569.39,18285.5,44354.08,0
1151,100000,2,1,3,41,1,0,-1,0,0,0,20581.06,16862.72,16588.24,14848.55,12761.63,10849.02,3099.81,3319.72,3481.92,1208.32,6144.76,1498.77,0
1152,200000,2,2,2,54,-1,0,-1,0,0,2,159452.81,153780.73,144403.71,125717.43,107163.17,93490.65,82781.74,55802.21,41456.77,73235.19,34525.5,13503.99,0
1153,100000,1,2,2,29,1,0,-1,-1,-1,0,35730.47,31575.58,32071.32,24816.59,20846.83,15559.18,13645.27,7298.71,12998.49,12838.18,9994.97,6770.84,1
1154,100000,1,2,1,54,-1,-1,-1,-1,-1,-1,10683.78,8562.67,7178.86,5175.38,4948.62,3515.97,4518.56,3062.24,3388.13,2678.44,513.44,1537.99,0
1155,100000,1,3,2,32,1,0,-1,-1,0,-1,62534.15,59436.69,54035.31,55691.78,48280.89,36582.02,20059.57,18761.62,2971.63,23579.61,25126.89,9844.57,1
1156,200000,1,1,1,41,1,0,-1,-1,-1,1,157496.29,168263.24,159902.24,145979.01,120997.23,99058.42,72623.72,57548.52,66398.19,22792.56,72227.75,54397.59,0
1157,20000,2,3,1,40,0,-1,-1,-1,-1,-1,7659.06,7607.29,7105.95,7760.52,7190.28,5847.63,1942.05,4363.22,915.74,1300.53,2106.58,3248.79,0
1158,200000,2,1,1,26,0,-1,-1,-1,0,0,104411.86,84098.14,81988.13,89459.67,75973.82,74549.95,30567.15,13778.15,37644.88,8797.34,25214.84,38225.94,0
1159,200000,1,2,1,56,-1,-1,-1,0,0,-1,85973.3,78547.78,65235.9,60801.8,43405.0,33169.29,8233.52,32901.13,8139.4,29175.84,6636.63,1951.45,0
1160,10000,2,2,1,32,-1,-1,0,-1,0,-1,1339.72,1171.07,1113.82,998.04,865.35,868.53,302.54,364.41,515.2,542.15,368.61,187.75,0
1161,200000,1,1,2,61,-1,0,-1,0,0,-1,140500.69,140659.84,135937.9,105294.8,81965.25,80623.68,15181.59,59604.67,77506.45,40944.63,7593.67,16906.01,0
1162,20000,1,1,2,51,1,-1,0,0,2,0,17063.55,15989.79,17018.04,14494.85,10725.69,8157.67,5373.34,6059.83,2943.25,7500.04,3878.89,702.25,1
1163,50000,1,3,2,22,0,-1,2,1,-1,-1,21803.11,18572.33,18039.73,18295.4,19192.59,18506.77,12347.23,8654.17,988.6,10029.94,5376.76,10015.78,0
1164,100000,1,2,1,36,-1,-1,-1,-1,-1,0,21554.86,20194.46,19471.27,21131.96,20640.22,17155.19,10692.6,6938.1,2161.38,2762.11,3302.12,10223.27,0
1165,20000,1,1,1,21,1,-1,-1,-1,0,-1,10081.19,10881.82,11356.52,10674.35,9098.34,6755.79,2928.44,4744.19,6309.97,2801.65,4583.13,870.46,1
1166,200000,2,2,2,24,-1,0,0,0,-1,1,164760.75,152113.64,124657.01,118019.62,129126.38,122563.96,35487.6,69121.0,38482.41,14907.07,59800.21,25358.52,0
1167,200000,2,1,2,21,1,0,-1,-1,-1,2,116931.09,124075.51,123379.28,132877.37,112530.96,114468.19,27032.48,18356.94,42653.98,35624.77,24175.6,7405.25,0
1168,100000,2,1,3,55,0,-1,-1,0,0,-1,26988.61,25440.33,26548.03,19931.64,15901.14,17252.41,8365.41,14213.46,3562.65,6139.72,4173.21,1958.03,0
1169,10000,1,2,1,33,0,2,-1,2,0,-1,5425.67,5573.76,4617.18,4362.02,3879.59,3569.51,995.9,2499.94,2737.52,1921.58,732.95,1159.19,1
1170,50000,1,1,2,62,-1,-1,-1,-1,0,-1,18074.62,18720.87,19534.7,18248.75,19676.26,18231.62,4265.19,1932.59,2937.41,7636.08,3254.26,4600.81,0
1171,100000,1,3,1,51,2,0,-1,-1,-1,-1,11884.8,12220.24,12661.96,9902.14,9561.44,8464.58,3812.09,6397.07,4827.24,5880.93,1642.26,2395.92,0
1172,500000,2,2,2,40,-1,0,2,-1,1,-1,415456.95,411946.14,329673.47,332814.09,330230.54,271924.08,212957.53,63815.44,119730.83,58030.44,40813.54,113226.11,0
1173,100000,1,3,2,27,-1,0,-1,0,0,-1,73556.43,79863.64,69788.61,52179.6,39975.67,30271.2,7536.19,29749.62,5999.91,7053.36,9451.05,3139.94,0
1174,50000,2,2,2,60,0,2,0,-1,0,-1,41963.06,45260.24,38261.99,27751.3,19871.55,16296.17,11440.38,10057.5,22882.27,12494.53,8575.75,8413.21,0
1175,100000,2,3,3,53,1,0,-1,-1,-1,-1,64623.81,57569.16,54886.51,49093.47,44913.23,37438.84,9998.72,21108.81,19349.19,21434.14,8745.0,19695.79,1
1176,100000,2,2,1,48,-1,1,-1,-1,-1,-1,45979.09,46365.24,49805.63,40835.06,33980.13,33793.46,18408.57,24966.67,6751.81,5078.27,14835.79,4718.81,1
1177,200000,2,2,2,64,0,-1,-1,0,-1,1,98910.15,98854.46,96957.64,84785.06,60796.24,45687.58,35992.33,53368.63,45099.12,42372.9,28631.03,18236.45,0
1178,20000,1,4,2,64,0,0,0,0,0,-1,5273.93,4535.99,4447.72,3313.71,3507.44,2717.24,1938.14,2187.84,1182.37,790.81,827.79,1167.59,0
1179,200000,1,2,2,40,0,0,-1,-1,0,-1,81807.86,71951.68,60213.09,53045.39,37664.4,41010.75,28061.42,35838.88,25202.53,16397.47,3078.2,5970.41,0
1180,100000,1,1,1,52,0,1,-1,-1,0,-1,23108.07,20640.74,20638.96,18076.45,12745.02,9282.95,10478.84,6795.8,3568.22,7732.43,5668.92,2377.67,0
1181,300000,2,2,2,29,-1,2,-1,-1,-1,-1,143630.84,129192.48,137783.29,149717.99,122718.99,131521.83,19351.75,68163.19,76779.22,57496.89,15510.01,56652.61,0
1182,50000,1,3,2,54,-1,1,-1,0,0,-1,30836.76,32573.14,30254.08,29922.12,26897.04,20402.56,4693.1,9996.32,2193.93,12481.49,5397.57,8572.72,1
1183,100000,1,2,1,34,0,0,-1,-1,0,-1,30527.7,31358.23,31500.3,33648.28,29621.2,27092.78,13428.96,5161.04,1925.61,3804.76,11119.04,13851.82,0
1184,300000,2,2,1,24,-1,-1,0,-1,0,-1,256504.17,267359.52,237543.4,240511.21,202989.31,174264.12,31415.76,145409.54,124866.56,50129.9,112809.41,21414.69,0
1185,20000,1,2,1,49,0,-1,-1,0,2,-1,12349.54,13262.26,11679.67,11856.46,12396.07,10661.32,5555.28,4015.19,4079.81,5889.76,5768.57,2426.21,0
1186,300000,2,4,2,35,-1,-1,-1,1,0,-1,82780.25,78997.41,67584.49,70713.07,57916.42,56797.54,11625.03,30053.1,16073.37,39710.43,11471.7,26357.83,0
1187,100000,2,1,1,37,0,-1,0,-1,-1,-1,23360.05,24542.76,21412.35,17180.34,16512.3,15891.09,13907.78,9683.94,2732.85,4766.75,8207.09,2968.59,0
1188,10000,1,2,2,39,0,-1,0,-1,0,-1,2359.77,2380.06,2148.79,1870.92,1607.95,1732.11,176.56,226.69,178.13,1083.67,442.81,598.27,0
1189,50000,1,1,2,58,2,-1,-1,-1,-1,-1,43954.23,41292.27,40054.26,42060.33,35981.35,35525.83,20967.46,10103.85,8512.42,23650.87,4651.89,4458.61,1
1190,100000,1,2,2,29,0,-1,0,-1,-1,-1,28929.84,24826.32,25675.29,18659.98,20024.47,18879.34,5137.29,6140.45,12737.05,9666.08,4409.03,2574.57,0
1191,10000,2,2,2,47,-1,2,-1,0,0,0,2346.99,2180.55,1933.86,1396.34,1366.99,1053.06,535.11,968.6,301.43,646.16,686.22,200.91,1
1192,100000,2,1,1,35,-1,-1,0,-1,-1,0,23119.18,19928.12,16947.54,16255.74,14878.59,13251.69,12750.17,8419.16,9977.23,5558.31,3779.44,2805.16,0
1193,50000,2,1,2,57,0,-1,-1,0,-1,-1,18771.79,16634.62,15552.18,16544.78,12736.97,11448.86,4104.06,9879.43,7548.75,2763.29,3298.54,835.54,0
1194,100000,2,2,2,48,0,0,0,-1,0,1,59225.26,52417.57,54349.39,55310.34,41761.35,39904.97,15242.65,23696.98,3070.27,10501.3,24515.03,20779.26,0
1195,10000,2,1,3,24,0,0,0,-1,1,-1,1632.62,1678.84,1539.16,1569.34,1220.09,1032.72,245.24,289.6,542.28,217.6,407.44,76.59,0
1196,200000,1,1,2,41,0,-1,-1,0,1,-1,45509.53,43340.4,46546.82,39285.05,37351.23,28317.92,4207.16,10408.48,12461.69,20294.73,12073.5,13296.22,0
1197,500000,1,3,2,54,1,-1,-1,-1,0,1,440581.08,457297.97,399849.64,374531.23,270564.16,284468.29,48196.21,64882.16,117640.79,20042.28,122145.03,59124.13,0
1198,300000,2,1,1,39,2,-1,-1,-1,1,-1,178270.06,189540.68,194751.94,196425.85,173962.54,124029.44,67121.09,99339.0,57248.02,38651.61,100712.72,33379.98,0
1199,100000,1,2,2,57,-1,-1,-1,2,0,-1,21174.67,20825.3,19582.61,19925.23,17611.9,13279.03,1603.87,10729.95,10146.37,7630.51,10463.6,4885.1,0
1200,20000,1,3,2,24,0,-1,0,0,-1,0,10801.56,9960.78,8288.74,7727.04,8245.7,7276.51,1880.85,5503.07,3540.09,4576.21,3950.78,1263.21,0
1201,200000,2,1,2,57,-1,0,-1,0,-1,0,58550.01,61889.21,54729.97,55832.92,47344.6,49973.16,15599.59,25551.9,11486.82,11941.64,25060.33,4607.5,0
1202,10000,2,2,2,52,0,0,-1,-1,-1,0,8788.93,8527.55,9017.61,6409.5,6785.34,5028.02,963.92,1687.39,3008.21,1062.79,3725.31,2898.21,0
1203,10000,2,2,1,32,0,0,0,-1,-1,-1,4110.5,4345.13,3483.78,3752.16,3549.66,3532.13,1897.28,2360.16,1107.28,343.21,1631.95,1785.66,0
1204,50000,2,2,3,61,0,-1,2,2,0,0,10695.0,9407.61,9660.7,10126.64,8668.8,7061.68,6249.19,1881.42,2008.53,2088.47,3124.59,3302.44,1
1205,50000,1,3,3,36,-1,-1,-1,-1,-1,-1,29518.62,28625.02,29867.97,21528.2,19604.29,14318.4,16006.09,7478.07,11686.42,10866.13,3676.81,4925.17,0
1206,200000,2,3,1,34,1,-1,0,0,0,0,41969.11,36241.35,30296.0,26288.77,19392.95,20517.47,24111.56,2248.05,12040.09,3209.21,8742.37,8221.42,1
1207,100000,1,2,2,21,-1,-1,-1,1,-1,-1,51445.59,51934.7,56539.06,60371.88,63743.52,69413.99,17989.28,19106.82,6164.67,7948.21,20780.68,36470.07,0
1208,50000,1,1,1,52,-1,0,0,0,-1,-1,39089.32,38153.81,40507.41,36663.97,34926.06,26290.17,5137.69,11047.94,4011.89,4712.34,19364.66,6937.46,0
1209,50000,2,1,2,41,-1,1,1,-1,-1,-1,18829.23,18204.1,15538.28,11445.19,10005.89,10590.5,7846.89,7397.14,1030.43,1304.68,507.84,1138.71,1
1210,500000,1,2,1,24,0,-1,0,0,0,-1,240992.6,239000.17,208512.61,226571.53,228904.12,219574.17,19959.13,139186.3,78352.89,67779.05,127298.8,112538.13,0
1211,50000,2,1,3,29,-1,2,1,0,0,0,9333.04,8517.53,8905.4,7510.79,6472.77,5052.58,2910.7,694.22,5323.12,3794.16,3705.51,426.99,1
1212,50000,1,2,1,42,-1,1,-1,0,-1,-1,30853.66,26459.88,25504.99,23120.25,20447.42,19805.59,14936.91,2654.32,14021.91,7000.14,3490.53,10996.36,1
1213,20000,2,2,2,32,-1,-1,-1,0,2,0,3793.92,3952.97,4256.44,4055.46,3523.43,3609.88,1973.62,1424.12,1291.99,1416.15,1879.64,1613.84,0
1214,200000,1,1,1,50,-1,-1,-1,-1,-1,0,72314.36,66190.12,72394.94,74782.13,82157.2,73737.86,15363.42,39637.39,16316.73,27259.24,30774.86,21751.74,0
1215,100000,2,3,1,50,-1,-1,0,-1,-1,0,77294.63,84767.54,76547.83,80317.7,80966.07,86126.35,13299.79,17665.34,34698.65,21039.96,17113.01,33455.58,0
1216,20000,2,1,2,52,-1,0,0,-1,0,-1,4398.7,4153.69,3443.79,3310.3,3547.04,3232.77,1887.96,1433.22,807.26,782.96,1495.15,1112.94,0
1217,10000,1,2,1,56,0,-1,-1,-1,-1,-1,7721.36,7312.16,7392.99,7979.75,6797.62,5262.52,975.38,1184.88,510.86,3176.07,3321.53,1425.41,0
1218,100000,1,2,2,27,0,-1,-1,0,0,0,60445.75,60647.97,65314.0,51441.78,46095.31,45344.95,36068.28,20702.42,21850.32,12480.39,12991.1,5473.25,0
1219,100000,1,2,3,37,-1,1,0,-1,0,0,21283.47,21283.92,18079.91,19199.66,14986.16,14547.92,4952.47,3210.75,4093.1,2195.41,5869.48,7195.19,0
1220,50000,1,2,2,21,0,-1,-1,-1,0,-1,11739.69,10027.52,10986.31,8525.78,6002.6,5739.53,5425.56,1478.21,816.62,4471.74,965.4,2142.35,0
1221,300000,2,1,2,34,-1,-1,0,-1,-1,2,189171.21,166790.95,143233.56,151509.05,117860.44,123981.82,84950.39,39408.79,67010.82,56453.91,8006.37,54104.98,0
1222,20000,2,2,1,64,-1,0,0,-1,0,-1,13666.74,11882.61,9813.64,7717.0,8269.31,7534.81,3014.92,6734.95,3584.21,3902.71,4668.23,1240.48,0
1223,50000,1,2,1,64,1,1,-1,0,-1,-1,31229.34,25483.81,24176.73,23879.35,21074.69,20688.85,8194.85,10517.03,5849.37,7461.92,2841.55,3325.02,1
1224,300000,1,3,2,58,0,-1,-1,0,-1,-1,201372.47,162451.87,169221.53,173753.82,130721.65,141423.05,103289.03,41331.02,47252.89,70180.64,43474.52,72330.1,0
1225,50000,1,2,1,46,3,-1,0,-1,-1,-1,19463.34,19336.78,17525.16,15005.24,13220.06,9982.54,3413.37,7759.28,1630.41,8338.67,1280.46,3504.31,1
1226,100000,2,2,2,47,-1,0,-1,0,-1,-1,10114.83,9604.81,8640.03,6440.27,6550.37,5598.0,839.74,1534.12,1019.28,2974.43,3410.68,1674.2,0
1227,50000,1,2,1,36,1,0,-1,-1,0,-1,26156.02,27944.53,24008.08,20286.94,18264.7,14383.64,3426.32,11194.78,6734.03,4928.34,8663.22,1457.0,0
1228,50000,2,3,2,27,0,2,-1,0,-1,-1,28780.71,25621.49,28076.64,20345.72,21866.15,18138.71,12267.58,14249.08,3740.01,4691.86,3419.33,5158.73,1
1229,500000,2,1,1,52,2,-1,-1,-1,-1,-1,325061.81,336846.63,304024.16,292995.11,310382.81,280658.18,58703.34,190425.49,46966.69,58552.44,154439.54,122638.75,0
1230,50000,1,2,2,45,3,0,-1,-1,0,-1,14252.52,11843.08,11842.38,11592.13,10308.88,10702.31,5158.19,4412.3,2993.71,3613.99,2450.53,1145.14,1
1231,200000,2,2,1,51,-1,-1,0,-1,0,1,47237.08,49359.56,41447.93,33462.18,24533.91,21094.36,12586.38,26347.09,14017.63,18606.88,12550.3,1393.23,0
1232,20000,2,2,1,36,-1,1,2,-1,0,0,15284.89,16451.88,15381.31,14775.86,14506.63,13392.0,8063.05,4327.17,5485.65,882.46,2725.48,4744.02,1
1233,20000,2,1,2,61,0,-1,-1,1,0,0,15460.75,15278.33,15870.33,11480.67,9673.05,9913.87,4918.08,8205.56,5066.45,5377.06,2992.56,2219.55,0
1234,10000,1,2,1,34,-1,-1,0,2,-1,-1,8900.88,9085.92,9913.67,7064.61,7165.57,7676.14,1128.5,2124.22,893.45,1722.64,1388.96,4208.77,0
1235,100000,1,1,2,45,1,-1,-1,0,-1,-1,37180.85,40762.8,34778.85,30021.22,24723.89,20764.74,18890.07,17802.17,3266.14,14877.34,10345.82,7805.65,0
1236,50000,2,2,2,50,-1,-1,-1,-1,-1,1,7360.72,6723.7,5569.88,4978.23,4143.13,3195.1,702.7,3734.35,908.58,1436.83,331.14,687.74,0
1237,200000,2,2,1,27,1,-1,-1,-1,0,2,96141.41,77759.98,85244.45,60305.71,55296.01,51583.28,48602.78,28052.38,45333.61,26965.21,20375.28,11485.01,0
1238,50000,2,3,2,32,-1,-1,2,0,0,1,24189.84,24305.49,23485.3,21981.44,15605.92,16515.92,1761.57,4885.92,2615.14,11228.73,7109.9,1998.3,0
1239,300000,2,2,2,23,-1,-1,1,-1,-1,-1,38767.25,31168.83,28164.97,29097.29,22342.72,17860.6,2015.87,13523.03,12594.78,8981.55,3518.24,5192.08,0
1240,20000,2,1,2,47,3,-1,-1,1,0,-1,11200.98,10870.48,11827.99,10221.8,10636.45,9570.45,5214.55,1217.69,5921.83,4627.58,1918.03,838.72,1
1241,200000,2,1,2,39,-1,0,-1,-1,-1,-1,61731.05,60449.72,55435.82,55370.43,59945.63,53614.58,22102.62,14517.87,5972.1,4851.14,26922.66,15674.7,0
1242,200000,1,3,2,63,-1,-1,1,-1,0,-1,39060.07,38097.24,33129.41,25193.25,19570.99,20957.35,6572.21,20676.66,12529.04,5387.62,5453.07,2436.94,0
1243,200000,2,1,1,57,-1,0,-1,2,0,0,116782.6,99239.01,103312.88,94204.22,95050.81,83899.75,67882.37,45189.08,48866.73,21412.75,37316.26,35443.09,0
1244,200000,2,2,1,62,1,0,0,2,-1,-1,65175.35,53639.49,47963.86,48715.06,36280.3,33178.45,26093.4,4294.09,23586.44,15178.04,10327.82,13540.04,0
1245,200000,2,1,2,27,0,-1,-1,0,0,-1,109851.78,117796.61,105615.65,102744.63,91347.82,68995.14,19906.43,43064.1,6965.32,41690.71,25608.28,35262.55,0
1246,100000,2,2,1,36,1,-1,0,-1,0,-1,11216.8,10795.95,10077.99,10197.52,9212.31,8137.18,3127.18,2013.62,3470.45,3146.71,1983.4,4535.05,1
1247,20000,1,2,1,52,0,0,-1,0,-1,-1,7859.51,7049.39,7104.99,7022.96,6499.69,5438.4,4340.4,404.91,1083.53,3607.96,2416.45,2227.82,0
1248,10000,2,2,2,28,-1,-1,-1,-1,-1,-1,7923.38,8173.16,8602.49,6438.2,5437.54,4288.4,1282.56,1610.49,4637.75,1236.16,2064.26,578.32,0
1249,300000,2,2,2,33,-1,-1,0,-1,-1,0,186028.11,200258.57,173794.73,128793.61,134260.56,121300.29,104133.53,95261.08,53122.64,15993.15,62256.75,39974.61,0
1250,100000,1,3,1,31,-1,-1,-1,-1,-1,-1,79400.81,73149.18,66474.05,72471.15,59526.56,60023.9,13437.07,19845.74,18523.2,18404.68,19400.51,34072.66,0
1251,200000,2,2,1,40,0,-1,-1,0,-1,-1,138475.92,114864.61,108989.35,97319.06,87012.14,67058.49,8715.45,22538.63,17846.23,17844.49,31242.08,10702.63,0
1252,50000,1,2,1,38,0,-1,-1,-1,-1,-1,33788.62,34051.66,27502.96,27309.29,21233.91,16066.17,6678.0,20410.8,4343.26,10279.62,10960.05,4243.64,0
1253,20000,1,3,1,57,-1,2,-1,-1,-1,-1,15920.37,17070.75,17226.63,16754.87,15567.62,11671.32,1274.28,6270.52,10253.04,6093.11,1124.02,5385.5,1
1254,20000,1,3,1,26,-1,1,-1,0,-1,0,2312.69,2530.37,2453.92,1761.22,1371.76,1378.95,411.94,435.42,213.98,801.8,460.53,647.84,0
1255,100000,2,1,1,40,-1,1,-1,-1,0,-1,43599.86,45520.99,38240.73,34365.37,27375.52,27792.49,8702.19,7356.12,2796.8,16575.37,3269.7,15902.0,0
1256,50000,2,4,3,52,-1,-1,-1,-1,-1,-1,43416.56,38226.76,32076.02,29142.62,25498.19,26913.0,12120.81,4083.1,6294.95,3731.73,10888.38,5004.26,0
1257,20000,2,1,2,64,-1,2,2,-1,-1,1,4834.59,4387.22,4687.99,4797.86,3891.56,4224.88,993.43,1695.42,1179.44,1148.95,2108.79,2205.66,1
1258,50000,2,2,1,49,-1,0,-1,0,-1,-1,31149.09,26197.07,26327.88,28562.38,20452.14,17404.03,13750.97,13979.23,6938.03,2664.35,5799.42,1372.82,0
1259,10000,2,3,1,24,-1,0,-1,-1,-1,-1,7321.55,7422.76,6802.35,5549.17,5652.23,4726.26,4275.48,3881.83,1057.52,2352.0,2259.17,615.31,0
1260,100000,1,1,2,27,1,0,0,0,0,2,84688.36,72050.85,64948.4,46992.77,48311.21,52977.66,6447.42,40848.6,36793.68,23063.14,12232.02,30126.88,1
1261,50000,1,1,1,63,-1,-1,0,-1,-1,0,39871.9,37064.51,33174.81,29529.62,31309.83,23697.06,13244.28,2323.86,18118.99,17092.19,14582.29,12664.05,0
1262,200000,2,1,2,40,1,1,-1,-1,2,0,128253.0,123062.17,122618.89,87297.17,95324.56,68317.92,24871.1,44145.2,39666.49,50314.17,35663.9,5705.55,1
1263,50000,1,2,2,54,0,-1,-1,-1,-1,-1,33446.41,30595.44,26117.01,22308.31,16626.32,14199.93,10184.64,16958.57,12131.16,8867.45,6382.83,1238.17,0
1264,50000,2,2,2,56,0,2,-1,-1,0,0,18721.45,15817.92,17340.09,14033.41,11364.28,8355.25,8191.13,8623.38,3010.63,6408.11,1651.99,2034.97,1
1265,10000,2,2,1,27,-1,-1,-1,-1,1,-1,2791.48,2475.9,2491.04,1985.83,1891.0,1613.59,1485.74,492.8,1295.71,327.24,101.66,435.65,0
1266,10000,2,3,2,53,0,2,1,-1,-1,-1,8668.98,8580.81,7191.89,5038.96,5293.66,4577.1,4661.09,2797.95,1989.0,1867.64,2086.64,1406.57,1
1267,50000,2,2,3,35,-1,-1,0,0,-1,2,44022.64,44817.12,37709.53,30177.09,23083.21,22055.87,6151.37,4605.57,4655.02,6999.8,2579.29,7756.43,0
1268,50000,1,1,2,52,-1,-1,0,0,-1,-1,21984.11,21640.95,21521.67,17819.23,15920.03,15882.73,7902.2,4345.65,10463.94,1959.59,1964.81,1935.26,0
1269,100000,1,3,2,42,2,0,-1,0,-1,1,42865.96,46712.14,42739.38,45492.41,49655.64,47625.68,8812.99,27821.29,13437.58,14548.63,6952.81,28219.56,1
1270,50000,2,1,1,60,0,0,0,1,0,-1,23068.71,22701.67,22655.98,16659.0,13867.14,13629.67,7469.69,8440.58,8697.13,4691.09,3743.72,7861.76,0
1271,100000,1,1,1,49,-1,0,-1,0,-1,-1,46913.11,40701.9,41383.87,41665.12,37350.33,31657.95,26083.48,24393.17,22932.78,3668.75,6894.79,8701.68,0
1272,200000,2,1,2,45,0,-1,-1,-1,0,-1,154746.64,146593.95,140931.91,139514.86,136378.69,120369.33,12900.62,8663.83,51409.45,80209.48,78341.93,38307.78,0
1273,200000,1,2,2,25,-1,-1,-1,-1,-1,1,88911.12,93433.92,81938.38,68049.88,59114.28,58272.08,33500.43,54588.42,16092.73,39199.52,24961.99,14552.38,0
1274,10000,2,1,2,34,0,-1,0,-1,0,-1,8058.81,7234.72,6984.03,7422.58,7326.2,5560.32,1997.34,1770.0,1666.41,2652.2,1148.85,2267.91,0
1275,50000,2,1,2,55,0,-1,0,0,1,0,32807.39,33499.93,31039.68,29864.03,22668.64,22324.5,17304.5,3202.73,16172.9,17004.94,11156.04,9702.63,0
1276,20000,2,1,1,22,-1,0,-1,-1,0,-1,17446.26,18066.61,19278.9,14243.23,11284.04,12193.77,2967.13,1793.35,9583.82,2734.87,2303.77,4200.3,1
1277,20000,1,1,1,45,-1,-1,-1,-1,-1,0,12792.97,13818.83,14123.72,11039.18,9435.81,7268.11,2982.59,3304.79,6451.59,5357.66,4622.58,4058.26,0
1278,500000,1,2,2,36,0,-1,-1,-1,-1,0,214870.54,197756.67,194927.81,167726.24,183419.09,157332.04,13143.98,61408.32,23570.8,95945.71,56487.53,37866.45,0
1279,20000,2,3,1,36,0,2,0,1,2,-1,16687.67,14648.89,11893.68,12927.46,10852.73,10120.69,4780.54,1419.48,1865.93,3456.93,3407.59,1953.62,1
1280,50000,1,2,2,31,0,-1,0,0,0,-1,14191.78,13516.03,14827.77,11947.75,12738.89,12576.61,5652.23,7006.01,6474.46,2585.14,3316.47,5164.21,0
1281,100000,2,1,1,55,0,0,-1,-1,-1,-1,87196.44,95750.85,92866.97,80913.67,84955.29,68033.06,13767.3,30381.32,18845.98,34955.99,15782.77,9485.13,0
1282,100000,2,1,2,43,0,-1,2,-1,-1,2,13474.32,14426.13,12661.72,11702.83,11730.01,10953.81,5384.63,3616.75,5586.85,3634.59,5018.85,4025.29,0
1283,100000,2,4,2,25,-1,-1,0,-1,-1,0,61275.25,54240.02,53017.33,44651.54,37870.67,40673.93,28161.68,18269.87,22871.64,11528.8,12378.3,9265.8,0
1284,10000,2,1,2,55,2,0,0,-1,-1,0,1146.0,984.43,1029.09,1008.91,839.59,707.76,178.58,313.2,384.62,482.04,46.08,88.84,1
1285,50000,1,3,1,49,-1,-1,-1,-1,-1,-1,13158.95,12410.04,11933.09,11507.75,11000.0,10203.84,6124.16,1324.69,7083.23,2089.8,2495.53,2286.22,0
1286,100000,2,1,2,25,0,0,-1,-1,-1,0,47118.02,40037.71,41361.62,29952.54,23753.14,22556.79,26528.5,3105.7,21960.29,12834.55,11198.14,3640.62,0
1287,10000,2,3,3,23,2,1,-1,0,-1,-1,2266.18,2328.3,2151.14,1874.72,1582.65,1669.57,390.61,985.41,250.29,493.4,336.31,661.52,1
1288,50000,2,1,2,26,0,0,-1,-1,1,-1,44552.95,36131.72,35300.29,35739.18,36670.32,30230.33,5535.67,11497.31,16002.41,6923.55,15653.2,2371.35,0
1289,10000,2,2,1,43,0,1,1,1,0,0,7184.1,6231.62,5774.68,5520.39,4329.57,4542.5,1676.58,395.56,2983.95,3102.85,699.75,2271.64,1
1290,10000,2,2,1,22,-1,0,-1,-1,-1,-1,7806.84,6288.14,6026.17,5327.59,5494.06,5325.88,1209.23,2620.4,3191.21,992.78,2561.24,1977.68,0
1291,50000,1,2,1,38,1,-1,0,1,-1,-1,44162.82,38334.27,32593.83,32331.37,29770.88,29377.15,21038.52,16794.92,10849.12,8495.35,8492.0,15316.93,1
1292,20000,1,1,1,50,-1,-1,-1,0,0,-1,12796.3,10437.86,10224.85,9899.65,8955.49,6506.36,1574.64,6090.61,5334.24,3876.71,487.02,898.85,0
1293,100000,2,2,2,58,0,0,-1,0,-1,-1,31327.85,31392.57,34333.59,35536.78,33598.18,28310.39,1954.66,12447.61,17849.96,2970.84,13684.57,8768.43,0
1294,100000,1,2,2,25,-1,0,-1,0,-1,-1,70556.29,68515.95,70533.4,50812.16,48401.96,36165.9,17180.12,13789.64,25015.7,5395.2,17761.13,15094.49,0
1295,200000,2,1,1,31,-1,-1,-1,-1,0,-1,113489.78,98074.94,87876.57,80329.01,74170.49,68580.01,54656.75,17780.07,30550.59,31803.65,26961.81,8929.48,0
1296,20000,2,1,1,21,-1,-1,-1,-1,-1,-1,6279.98,5410.35,5730.42,5524.86,5417.52,5607.41,2563.58,1631.84,2225.68,2072.68,3107.17,323.38,0
1297,20000,1,2,1,30,-1,-1,0,-1,-1,0,7876.55,6989.32,7469.61,7246.84,6110.58,5279.51,2692.16,704.55,1019.52,2764.42,1562.11,3002.23,0
1298,20000,1,1,2,61,2,-1,0,-1,0,-1,11725.89,12188.64,10397.42,11114.58,11384.56,8996.55,3539.71,3934.45,4745.35,4181.88,6207.85,4313.06,1
1299,100000,2,2,2,64,1,-1,-1,-1,-1,0,41636.36,35189.01,28712.12,24825.84,19574.73,16087.36,16954.7,8104.63,15496.46,12637.76,1003.26,7725.38,1
1300,100000,1,1,2,46,0,0,1,-1,-1,-1,28810.56,24100.33,23419.32,23841.95,23501.87,21839.7,9239.55,12205.14,8383.98,5524.65,13618.94,12149.15,0
1301,10000,2,2,1,53,-1,-1,-1,-1,-1,-1,4439.39,4228.14,3986.14,4043.59,3453.9,3478.13,2113.91,1827.49,1814.75,592.69,1220.95,1279.84,0
1302,300000,2,1,2,47,-1,0,-1,-1,-1,-1,86064.21,91183.74,92497.32,74695.77,73048.32,71291.07,45316.54,17431.8,31196.33,40603.48,24127.2,28720.13,0
1303,10000,2,2,1,32,0,0,-1,0,0,-1,8000.88,6938.63,6160.93,4973.84,3546.19,3818.78,1164.07,2173.07,2212.14,1779.2,1915.8,629.87,0
1304,100000,2,1,1,22,-1,-1,-1,0,0,-1,65525.89,54509.48,49825.13,53668.54,45946.57,48406.95,11635.94,24217.47,18305.27,25971.93,18373.66,14943.73,0
1305,100000,1,1,2,21,0,-1,-1,0,0,0,40123.0,38016.81,33422.69,27732.85,30097.04,22330.94,13341.39,5518.89,6370.27,4314.46,10138.19,3052.1,0
1306,200000,2,1,2,21,-1,-1,0,-1,0,-1,171270.56,174635.42,155013.6,134204.7,124695.89,122386.04,90119.43,101804.86,72999.87,40937.04,32592.8,12773.14,0
1307,100000,1,4,1,53,0,0,2,-1,-1,-1,41115.88,40519.56,32528.54,30628.25,27557.02,23629.09,22824.46,4069.91,9084.2,3523.08,11368.69,4499.68,0
1308,200000,1,1,1,42,1,0,0,-1,-1,-1,111915.07,103571.77,98727.37,81610.81,65205.13,54410.91,13340.62,59480.89,8191.05,8520.57,5165.76,16471.95,0
1309,50000,2,2,1,32,0,-1,0,-1,-1,-1,25474.88,20688.65,19487.6,18800.08,16856.08,15007.85,5521.04,1224.36,6169.63,5636.5,3140.34,6018.67,0
1310,200000,2,1,1,59,1,-1,0,2,-1,-1,39506.64,35167.95,31888.97,26014.28,26778.14,26952.38,18698.0,11109.53,3774.71,9815.08,2824.14,8823.67,0
1311,10000,1,1,2,56,1,-1,-1,-1,-1,-1,4390.34,4723.02,4543.81,4139.1,3457.7,2996.84,2474.03,984.69,2224.52,2318.55,1134.35,1624.14,1
1312,200000,2,2,2,41,0,0,-1,-1,0,-1,32407.3,28092.55,25775.7,23812.49,22049.25,22676.15,3067.45,16355.68,3719.63,1830.14,2271.83,5210.12,0
1313,100000,2,2,1,40,0,-1,0,0,-1,0,23644.1,23270.21,21635.9,22073.51,21398.55,19018.47,7287.87,12113.14,11827.25,5627.71,10618.87,9808.71,0
1314,200000,1,4,1,56,-1,0,2,-1,-1,0,146004.52,156550.84,125333.87,130852.12,112578.57,81523.93,47105.31,85541.15,67500.12,59773.59,23666.89,23613.09,0
1315,50000,1,3,1,46,1,0,-1,2,0,-1,17106.48,16190.13,13274.16,12910.95,10499.39,9996.88,936.12,5187.93,7149.51,2804.07,4119.39,1258.76,0
1316,100000,2,2,2,51,0,-1,-1,-1,-1,-1,17116.47,15984.79,13510.52,10916.56,8320.92,8423.36,8898.57,1729.42,3030.57,5066.48,1943.62,4432.47,0
1317,100000,2,2,1,21,1,0,-1,1,1,-1,67516.69,56870.61,48636.09,43069.36,31891.85,26355.2,7363.79,10574.33,10910.34,24667.35,13862.79,8410.46,1
1318,100000,2,2,2,58,0,-1,-1,-1,-1,1,74191.72,81179.36,75956.1,70269.97,55965.8,44149.0,37883.84,27763.59,18929.51,26259.57,13685.25,5607.64,0
1319,10000,2,2,1,34,-1,-1,0,-1,-1,0,5624.62,4797.81,5097.54,4175.55,2955.52,2825.69,346.11,1266.3,2724.25,784.44,764.37,433.71,0
1320,10000,1,3,2,46,3,-1,-1,-1,0,-1,8324.89,7862.34,7247.58,7798.4,7830.11,6585.57,4917.24,1810.06,1882.78,2942.53,2458.96,590.72,1
1321,20000,2,2,2,62,-1,-1,-1,-1,0,-1,15591.08,13274.23,13117.03,9751.85,7262.28,7714.84,5280.86,2874.42,4739.95,2114.42,1655.56,3119.28,0
1322,20000,2,2,2,27,2,-1,-1,-1,-1,1,10843.41,9808.02,7922.34,8186.8,8674.68,8733.03,2324.31,1753.6,4627.53,1172.03,1247.29,2180.92,1
1323,200000,2,1,3,32,-1,0,0,1,-1,-1,137921.66,146914.52,155208.38,135119.23,122186.05,108070.77,52886.98,50811.94,67362.8,65661.6,35473.23,62846.42,0
1324,20000,1,1,2,44,-1,1,-1,0,-1,-1,7267.87,7216.97,6018.52,6489.19,5728.55,6245.42,1497.8,3092.64,2937.84,2690.41,2377.13,2161.78,0
1325,500000,1,3,2,39,0,0,0,0,-1,0,304513.98,244510.5,216461.88,197633.36,143464.56,120194.88,33268.3,105164.33,65480.76,102276.46,32908.33,22235.63,0
1326,50000,1,1,1,29,2,-1,-1,-1,0,-1,44077.13,48045.34,50208.37,49800.86,37516.6,32933.89,8316.2,3582.79,23426.48,26375.36,18581.87,12313.83,1
1327,20000,2,2,1,55,2,2,-1,-1,-1,0,14797.96,15318.44,13472.0,13388.38,13960.1,13395.76,7583.09,992.97,6591.36,3295.64,6999.76,7865.85,1
1328,200000,2,1,1,24,1,-1,-1,-1,-1,0,79925.87,87859.38,77087.81,75484.49,73152.66,66189.48,14855.74,8608.36,32818.0,8445.86,12051.83,4151.56,0
1329,100000,2,3,2,62,-1,-1,-1,-1,0,-1,84589.27,87030.52,85367.87,61443.61,45334.02,37978.8,23344.48,5200.86,51188.07,19005.75,8997.01,5446.57,0
1330,50000,1,1,2,52,-1,-1,-1,-1,2,-1,38005.46,39124.96,41901.79,39759.31,38664.65,33526.73,13385.92,11433.32,3913.1,9740.72,1982.5,18791.25,0
1331,100000,1,3,1,26,0,0,-1,-1,-1,-1,12977.7,13105.06,11324.02,11979.95,9013.5,9423.36,6858.65,1042.1,5749.36,4771.78,2199.23,598.45,0
1332,100000,2,1,2,48,0,-1,0,-1,-1,0,69680.4,64591.91,63703.48,66086.19,65626.59,51141.74,3899.25,18705.63,10785.04,33944.38,36228.44,29654.09,0
1333,20000,2,3,2,48,1,0,-1,-1,-1,0,17622.39,15762.94,15448.57,16467.85,17749.48,14679.68,9430.64,3708.95,6101.71,6362.23,8524.81,5802.93,1
1334,500000,2,2,2,60,1,-1,1,2,0,-1,177082.63,169566.55,169203.15,148518.93,149014.91,116143.36,81036.76,13944.33,84505.69,8306.16,86168.53,20606.18,0
1335,500000,1,1,2,49,0,0,-1,-1,-1,0,160134.55,136670.24,148154.74,130648.75,134506.09,121712.37,42071.13,13203.18,60338.15,49892.65,22573.88,12089.27,0
1336,100000,2,2,3,62,0,0,-1,-1,-1,0,61205.36,62229.29,52880.24,54111.03,51310.59,39219.69,36455.63,29537.03,10601.78,6547.76,18716.38,4207.22,0
1337,20000,1,1,1,25,1,0,-1,0,-1,-1,3761.95,4135.12,4119.85,3384.0,2373.82,1824.18,309.82,1854.39,901.09,758.61,594.87,931.72,1
1338,100000,1,1,1,25,2,1,1,0,-1,-1,63998.07,62736.05,53621.38,53944.7,54704.16,56548.64,29168.43,13009.71,20379.99,9826.63,21265.32,28375.35,1
1339,10000,2,3,2,57,0,0,-1,2,-1,-1,2812.64,2972.78,2658.53,2397.36,2065.66,2026.85,1254.2,360.99,1456.82,782.88,948.65,1030.91,0
1340,10000,1,2,1,61,1,-1,-1,-1,-1,-1,4612.25,3928.25,3602.16,2902.37,3045.22,2361.27,2632.53,966.3,1481.73,1401.83,311.28,1365.65,1
1341,50000,1,2,1,48,0,0,-1,-1,0,-1,40678.81,42611.91,44768.81,42864.91,39826.61,34038.46,20479.14,13473.69,12687.24,3042.94,3914.92,9014.27,0
1342,50000,2,1,2,61,-1,-1,0,1,-1,0,36871.49,39534.72,32264.8,26402.86,20505.14,21873.95,13516.08,13227.71,16960.09,2158.5,2252.32,12111.86,0
1343,200000,2,2,2,29,-1,2,0,2,0,-1,37278.72,39204.55,39992.4,38741.09,27969.03,29312.79,6629.68,2490.32,8569.09,22373.08,5718.11,4069.42,0
1344,100000,2,3,2,49,-1,0,-1,1,-1,-1,70910.75,70072.44,75242.21,69803.93,64361.74,61902.92,23428.49,26666.47,25559.32,20362.11,29581.2,35071.72,0
1345,100000,2,2,1,34,-1,-1,0,0,-1,-1,42936.87,46282.25,38126.05,37702.0,34940.11,28427.04,4572.31,18354.4,8395.81,17234.37,14018.78,5230.81,0
1346,50000,1,4,2,58,-1,0,-1,-1,-1,-1,44777.67,48737.81,50551.78,47499.68,49590.95,42118.35,14271.39,19671.55,24353.7,25260.08,10670.49,11557.41,0
1347,50000,1,3,1,60,1,-1,-1,0,-1,-1,16989.45,17747.33,14770.97,14819.92,10603.67,10193.31,2661.76,7001.49,2368.28,3852.54,5522.69,3398.91,1
1348,50000,2,1,1,54,0,-1,0,1,-1,0,23823.97,22969.51,25010.49,27473.62,28256.71,26114.54,13437.21,13236.25,10272.12,9656.82,12736.51,12841.82,1
1349,500000,2,1,2,57,-1,0,2,-1,-1,-1,186471.12,195904.64,204643.83,181540.99,156534.34,144677.01,51025.49,86273.11,84488.39,95502.36,91581.91,38210.11,0
1350,10000,2,3,1,62,0,-1,0,0,-1,-1,5689.54,5186.48,5230.55,4913.05,4477.44,3892.45,752.24,1163.33,2940.18,1865.67,1912.31,925.85,0
1351,200000,1,2,1,34,0,2,-1,0,-1,-1,62540.12,56534.85,54557.14,40413.55,36911.97,27170.61,3943.68,28079.55,15966.57,6208.28,16405.86,16045.02,0
1352,100000,2,1,2,38,-1,-1,-1,-1,0,-1,83011.75,75073.52,80797.52,87274.57,74439.13,55726.55,19237.91,21578.96,26096.12,33108.16,37432.17,5072.23,0
1353,50000,1,1,1,53,-1,0,1,-1,0,-1,29679.56,25517.47,21325.49,20014.71,15499.41,16028.38,2427.84,2123.81,8088.65,11637.14,8664.22,1027.0,0
1354,100000,2,2,3,54,1,0,-1,0,-1,-1,85416.79,84296.41,70516.92,52261.56,38230.86,40281.93,25848.98,34296.78,8448.07,30963.71,7743.38,3270.11,0
1355,50000,2,2,2,48,0,1,0,-1,0,-1,32220.71,32170.56,33674.43,28960.17,22669.91,23972.96,2444.78,8372.13,10111.99,15919.47,9187.28,13252.38,0
1356,200000,2,1,3,56,0,-1,0,-1,0,-1,49733.53,52612.7,49703.0,36408.32,35887.89,31934.26,25279.71,29551.6,6588.54,16276.85,9932.63,5685.29,0
1357,300000,2,1,1,57,0,-1,0,-1,0,-1,33700.71,33982.22,35800.84,32180.67,31308.72,33632.0,10316.09,8086.97,17302.16,17219.25,5516.77,2489.86,0
1358,50000,2,3,2,43,-1,0,-1,-1,-1,-1,21303.09,22027.0,20203.13,16381.12,15892.44,16450.06,10354.53,1646.72,4643.22,4515.1,2473.93,7416.01,0
1359,50000,2,2,1,62,0,0,-1,0,-1,-1,44740.42,45037.93,42135.6,35230.06,37452.23,31971.62,11195.84,25704.61,12231.11,8383.25,3892.02,12860.18,0
1360,100000,2,2,2,37,0,-1,-1,-1,-1,-1,80154.22,80884.72,72765.8,52946.67,46738.6,36886.38,37859.2,41074.23,14969.45,31621.23,24146.77,17906.89,0
1361,300000,1,2,1,31,0,0,2,-1,-1,-1,233232.34,210413.95,228345.74,229479.1,230317.82,228343.1,63653.56,123858.33,43715.24,122813.76,12963.74,77190.53,0
1362,20000,2,2,1,52,-1,2,-1,0,-1,0,11098.95,12095.25,11363.31,11777.51,11392.22,11279.68,4653.33,1808.91,6740.12,1331.12,6802.18,1662.97,0
1363,100000,1,2,2,57,1,0,-1,1,-1,-1,17587.15,17440.07,17902.74,13535.44,14548.1,15363.84,7778.51,1075.51,9096.62,6707.57,8446.27,3223.82,1
1364,100000,2,2,1,35,-1,0,0,-1,-1,0,11214.01,10946.45,11042.48,11045.36,10691.03,7699.54,4276.62,6273.46,3279.89,625.95,3655.51,644.13,0
1365,100000,2,1,1,24,0,0,-1,0,-1,-1,77089.82,81265.39,70743.64,53158.74,41043.3,34518.55,6194.55,37242.11,35770.08,15126.37,18819.59,15088.68,0
1366,20000,2,2,1,59,0,-1,-1,-1,0,-1,4838.28,4481.64,4814.15,3534.63,3526.5,2517.73,1218.68,2336.55,2032.32,340.49,1065.26,1022.75,0
1367,100000,1,2,2,50,0,2,0,-1,-1,-1,16135.76,13374.54,12885.1,9607.61,8101.04,6352.41,7700.07,697.84,3544.85,2427.01,1383.27,2695.58,1
1368,300000,1,4,1,30,0,0,0,-1,-1,-1,200341.43,174703.89,184616.9,131578.97,105525.81,90735.57,111906.24,71867.47,12074.06,65210.7,48170.87,53325.57,0
1369,20000,2,1,1,43,-1,-1,-1,-1,1,0,2018.79,2104.44,2208.94,1878.55,1523.99,1141.82,834.3,928.57,1220.3,248.97,452.04,94.9,0
1370,20000,2,3,1,44,0,-1,1,-1,-1,-1,13853.08,14123.83,11547.66,12484.97,12859.91,13231.75,8063.05,3374.25,2018.1,3039.5,6769.15,1135.18,1
1371,500000,2,3,2,56,-1,-1,-1,-1,0,0,126932.69,106008.68,104517.33,110757.22,97592.66,76234.76,25500.29,32903.73,46887.04,21092.22,51066.02,34771.71,0
1372,20000,1,1,2,25,-1,0,0,-1,0,-1,7142.31,5863.09,6078.24,5061.73,4493.0,3884.36,892.73,721.57,3029.86,615.07,2592.75,2272.42,0
1373,200000,2,2,1,57,-1,0,-1,0,-1,-1,47471.64,46834.18,50203.88,51100.47,35988.74,36732.69,10934.9,4402.71,18712.18,29793.69,15624.41,12801.12,0
1374,50000,2,2,1,63,0,1,-1,-1,-1,0,36085.92,39030.34,37152.54,38260.96,30917.22,23085.59,15262.91,19350.6,15278.1,11049.5,9918.7,11473.12,0
1375,20000,1,3,1,39,-1,2,-1,-1,-1,0,9756.36,8317.07,8526.77,6487.37,6833.48,6477.1,2583.22,4176.82,748.8,402.18,2449.82,2494.74,1
1376,200000,1,2,1,57,-1,-1,-1,-1,1,-1,46532.77,44890.48,48970.53,38773.99,34866.64,37523.66,19195.74,7929.15,17542.77,16387.65,8624.27,21118.98,0
1377,50000,2,2,1,28,0,0,-1,-1,2,-1,6541.25,6826.39,7156.46,6986.12,6053.85,5337.77,2852.48,3408.19,1525.09,2366.08,2498.31,852.93,0
1378,100000,2,2,2,27,2,0,1,-1,-1,-1,88936.76,85255.48,90057.66,72551.56,52932.97,42137.39,34479.04,21335.62,32630.64,36340.75,5331.65,10498.87,1
1379,50000,2,1,2,60,1,-1,0,-1,-1,1,33574.7,30396.44,28031.14,30140.8,24635.99,26539.87,16061.05,6350.79,10716.44,7535.54,14668.39,10271.28,1
1380,100000,2,1,2,33,2,0,0,0,-1,-1,64396.2,66789.93,55269.11,43788.88,32950.34,23779.4,11477.18,32439.67,4991.91,24116.31,2792.21,3786.65,0
1381,20000,2,2,1,57,0,-1,-1,0,-1,0,10044.94,10360.03,11290.45,11512.4,8815.76,7269.82,1108.3,4544.64,3279.14,752.17,3362.73,3698.74,0
1382,50000,2,2,2,47,0,-1,0,0,2,-1,22399.45,23500.28,23705.8,23782.61,19871.02,20406.23,1714.47,9384.16,12228.68,8046.87,4170.04,9975.75,0
1383,300000,1,2,2,38,0,-1,0,-1,2,-1,221031.49,239494.38,203893.35,183810.54,133600.39,101746.66,129713.14,116762.08,23764.35,58603.2,67093.52,45319.99,0
1384,50000,1,2,2,44,-1,0,-1,1,-1,1,38064.3,32171.54,35136.14,28295.5,28615.58,20993.35,16931.06,16881.68,16234.81,1598.46,11344.66,8209.61,0
1385,100000,2,1,2,61,-1,0,-1,-1,-1,1,14888.1,13432.55,13630.49,9725.95,9227.43,8149.69,2696.85,7680.0,4819.14,825.07,3543.88,1390.02,0
1386,50000,2,2,1,22,-1,0,-1,-1,-1,-1,39376.82,43148.96,35688.96,36807.93,37540.29,31260.12,12297.87,16954.78,13840.97,7666.55,17332.56,16520.96,0
1387,200000,2,1,1,36,-1,0,-1,1,-1,-1,141848.05,138778.59,118134.44,100544.51,84370.7,85962.25,11947.98,13880.55,7322.65,36811.19,9698.15,31605.17,0
1388,20000,2,3,2,34,0,-1,2,-1,1,-1,9779.4,9789.56,10373.25,8672.49,6841.43,5711.62,4064.3,2394.6,5446.93,1418.75,1515.02,951.26,0
1389,300000,1,4,1,37,0,-1,-1,2,0,-1,144317.86,153731.51,166975.44,119854.55,112183.69,108585.97,83979.88,18818.11,91247.15,18120.17,36822.99,49439.91,0
1390,50000,2,2,1,26,-1,-1,-1,-1,-1,-1,38391.87,38672.64,35170.77,26748.48,18958.74,17519.35,16823.49,4519.49,13820.56,3335.74,4284.35,1181.17,0
1391,20000,1,1,1,55,2,-1,0,-1,-1,0,14696.99,14770.04,13647.2,11561.44,8504.7,7984.19,5767.33,8773.67,8099.02,6478.48,940.5,1356.63,1
1392,10000,2,1,1,37,0,2,-1,0,2,-1,2110.37,1754.46,1611.71,1573.57,1568.19,1418.36,1175.92,266.1,348.28,567.41,345.41,247.88,1
1393,20000,2,2,2,58,0,0,-1,-1,0,-1,10787.13,10269.91,10789.64,8447.55,8911.78,6721.13,3579.33,4681.51,1778.59,1566.72,2692.43,1414.22,0
1394,100000,2,2,1,60,2,-1,-1,-1,-1,-1,87548.59,87720.02,82103.9,62845.97,49157.54,35630.05,40256.72,42105.12,10736.0,36712.63,6453.67,2455.12,1
1395,50000,2,2,1,26,-1,-1,-1,-1,-1,-1,34418.47,35870.5,32734.6,26348.69,26780.74,24572.92,19378.82,11488.14,4890.02,7235.33,11087.41,12616.15,0
1396,200000,1,1,2,58,1,0,-1,0,-1,-1,175676.53,162320.09,160138.6,130252.48,111165.8,106693.55,71286.67,8527.76,11025.79,14547.8,9999.34,11047.46,0
1397,50000,2,2,2,41,-1,0,0,-1,-1,-1,36039.9,30167.58,28573.52,24687.32,21388.39,21177.32,12229.05,13582.68,12483.39,8173.37,11557.92,10716.97,0
1398,20000,1,2,3,55,0,0,-1,0,-1,-1,10394.58,9456.45,9078.45,7665.61,8076.54,7986.54,3838.14,5424.57,4314.53,2217.38,2015.77,1191.17,0
1399,100000,2,1,1,43,2,-1,-1,0,-1,-1,58392.21,54241.73,50016.51,36490.52,34608.2,34474.08,27631.04,25675.73,2823.8,14219.65,8562.22,17669.28,1
1400,100000,2,2,3,32,0,0,-1,-1,0,-1,66753.07,68442.1,64209.25,60816.74,62323.18,44132.84,5242.38,23319.48,11463.57,26425.04,10308.73,2912.8,0
1401,20000,2,1,2,49,-1,-1,-1,0,0,1,13661.23,11010.05,8926.87,6714.66,6783.86,5355.18,3148.45,4108.31,1517.32,1613.53,2137.31,2578.33,0
1402,20000,2,2,2,47,-1,0,0,1,-1,0,13960.94,12784.58,13778.39,14431.1,13415.69,13306.17,1093.2,1753.24,5493.24,2080.27,6811.08,4564.54,0
1403,10000,1,3,1,26,-1,-1,-1,2,-1,1,8442.07,7887.98,6382.73,6662.33,6656.62,4988.69,4072.65,4227.29,3084.91,1848.52,2480.99,842.9,0
1404,100000,2,2,2,41,1,-1,0,-1,0,-1,34733.19,33518.74,34586.1,25211.71,24790.25,19203.33,19213.38,12681.96,15397.61,8261.65,12285.76,5253.44,0
1405,100000,1,3,2,27,-1,0,-1,0,-1,-1,76357.8,83306.35,74099.39,64113.72,57196.71,55128.53,20595.65,15535.92,34760.92,19649.22,33336.09,5700.19,0
1406,50000,2,2,2,63,-1,-1,0,0,0,0,27787.27,28403.61,23679.41,21092.5,16045.8,16419.21,5241.87,2989.21,10465.42,1447.31,6320.47,2060.4,0
1407,200000,1,1,1,61,1,0,0,0,-1,-1,161652.75,140109.09,137714.38,151258.21,121997.42,93327.13,11690.91,27631.05,64484.65,73638.71,17416.46,23508.9,0
1408,200000,1,2,1,36,-1,-1,-1,-1,-1,2,120975.0,119777.19,121224.75,97040.86,82538.1,75962.37,6503.57,56462.73,43524.02,23167.72,17870.76,21028.96,0
1409,100000,2,2,2,25,1,-1,2,-1,-1,-1,84811.9,76656.25,75817.67,72358.88,67632.07,52248.33,29676.35,44104.95,26558.41,15275.54,27983.98,24912.29,1
1410,200000,2,2,2,35,-1,1,-1,-1,0,0,87845.37,91660.0,89169.15,78721.68,64481.78,50517.36,20501.53,16350.49,44786.44,13176.67,30958.16,23539.2,0
1411,20000,1,1,1,41,-1,-1,1,-1,-1,0,3588.68,3055.12,2935.53,2957.36,2313.09,2065.1,2082.36,673.14,1135.2,1095.95,948.39,375.98,1
1412,20000,1,2,2,24,-1,-1,-1,-1,1,-1,12317.81,10388.24,9996.79,7991.18,5707.46,5533.66,6153.96,5121.59,1302.01,2988.66,2102.77,836.33,0
1413,50000,2,1,2,25,3,-1,-1,0,0,0,35983.58,29881.42,31663.13,30788.23,24169.07,22469.39,10723.07,13468.31,16662.42,8835.56,13530.46,3203.48,1
1414,10000,1,1,2,27,0,1,-1,-1,0,-1,6531.47,6291.32,5203.21,3912.59,3582.49,2640.18,1040.1,742.04,1638.9,1643.16,1157.5,989.8,0
1415,100000,1,2,2,55,-1,0,0,0,1,-1,67998.52,56913.16,48217.44,34043.96,25732.08,20951.69,17715.65,31347.08,9096.33,2417.08,10721.55,7737.33,0
1416,300000,2,1,1,56,0,2,0,-1,-1,-1,36931.34,30007.68,31321.88,22153.62,15767.67,16954.44,3301.55,5363.19,8035.94,10885.32,3497.07,1826.18,0
1417,10000,1,3,3,35,0,0,-1,-1,-1,0,8719.39,7845.16,6989.34,6269.97,4576.31,4352.33,3422.32,3706.12,2539.94,1197.04,1207.53,1032.47,0
1418,20000,2,2,2,48,-1,0,0,-1,-1,-1,6226.87,6472.52,6676.2,6731.56,7275.76,7008.37,3274.18,2641.67,1779.75,2071.7,1301.91,3720.82,0
1419,50000,2,2,2,22,0,-1,0,0,-1,0,21554.48,18252.81,16533.56,15393.58,10993.93,8624.28,6239.53,5613.03,6212.94,7077.45,5388.55,4900.78,0
1420,300000,2,2,1,25,-1,0,0,-1,-1,-1,130421.46,118340.14,127526.06,91121.09,81000.61,87747.45,40977.94,11605.8,45723.17,13282.01,12921.95,51293.52,0
1421,50000,2,2,2,27,-1,-1,-1,-1,1,-1,41270.22,38411.08,33970.76,31281.33,30508.98,23876.46,23351.4,20777.01,12010.68,17096.28,5424.44,10302.5,0
1422,100000,2,1,1,42,0,0,-1,-1,1,-1,69503.97,73868.2,68554.78,51093.98,40325.74,32279.33,15309.69,25241.06,24754.81,6369.13,4393.49,2283.63,0
1423,10000,1,3,1,51,-1,0,-1,-1,0,-1,5961.65,5621.29,4764.9,5175.45,5618.85,5079.65,631.51,631.14,1074.71,2572.37,2551.1,1609.47,0
1424,20000,1,2,2,52,2,0,-1,-1,-1,-1,3919.56,3737.64,3737.66,3143.48,2228.98,2002.49,344.66,1167.08,1958.79,846.48,204.53,367.97,1
1425,500000,2,3,2,28,-1,-1,-1,-1,0,1,179371.98,157199.35,144759.27,130481.08,137270.92,97881.19,84756.39,16835.45,49617.25,18304.25,11365.35,52697.46,0
1426,300000,1,2,2,61,1,0,-1,-1,0,-1,148025.17,148108.49,160306.89,133935.69,114729.24,114443.75,25177.48,37844.56,12049.48,70750.86,45191.21,8387.22,0
1427,10000,2,1,1,62,-1,0,2,-1,-1,-1,1919.21,1550.14,1247.44,1106.27,944.24,697.4,1150.42,178.36,264.44,500.9,242.23,78.19,1
1428,300000,2,2,2,31,1,-1,0,0,-1,-1,167113.85,182042.46,166804.67,180713.57,160633.38,115915.32,96880.91,35350.85,74126.5,31858.03,89937.3,24043.95,0
1429,100000,1,1,1,21,-1,2,0,-1,-1,0,27147.27,25774.6,20802.39,16729.51,18211.09,16442.15,14105.11,12790.85,8655.25,6957.34,9695.99,7160.1,0
1430,200000,2,2,2,60,3,0,1,-1,-1,-1,151918.29,124351.8,111756.51,110329.68,104949.36,75489.99,49698.3,22126.19,17553.67,14979.61,33921.76,42644.93,1
1431,50000,2,1,1,39,-1,-1,0,-1,-1,2,38157.55,36927.01,33754.01,33825.39,35565.01,27750.31,12563.94,14803.47,20219.58,19839.83,3383.38,7312.1,0
1432,100000,2,2,2,64,1,0,-1,-1,0,-1,57915.67,55262.82,48489.86,37639.96,26766.92,22922.63,32588.21,9763.96,19117.39,13238.32,9440.54,5453.38,1
1433,50000,2,4,2,58,0,0,0,-1,-1,0,19380.07,16903.5,14818.61,14695.01,15558.73,14644.6,4138.21,6573.65,3407.0,1950.3,9286.85,7036.55,0
1434,100000,2,2,1,62,0,1,-1,0,1,0,13564.41,11701.24,10273.9,9854.7,7739.73,7841.11,4309.17,5374.45,2732.14,851.1,3198.1,4265.68,0
1435,20000,2,3,1,57,-1,0,-1,1,0,1,12063.82,10630.99,9353.97,7636.74,6307.82,5146.05,3274.42,1135.5,5198.87,3024.87,3070.5,505.22,0
1436,10000,2,2,2,27,1,-1,-1,-1,-1,-1,7276.69,6104.56,5400.61,4909.57,3581.25,3181.84,1798.91,3151.59,1550.62,1986.16,973.95,1884.81,1
1437,50000,2,2,2,59,-1,-1,-1,0,-1,-1,36615.96,35130.33,37076.18,34703.06,36994.51,40014.48,19791.33,19410.06,6770.21,20419.61,3364.3,13219.12,0
1438,100000,1,3,2,45,0,-1,0,0,-1,1,48757.56,51862.48,42097.61,43555.1,39654.38,33947.55,21864.02,13214.49,10062.47,14077.03,22479.92,20261.11,0
1439,20000,1,3,2,42,0,-1,1,-1,-1,0,4246.79,4573.53,5015.66,3761.4,2768.5,2723.82,2418.35,2436.08,1713.34,889.71,640.39,155.25,0
1440,100000,2,2,1,47,3,0,-1,-1,-1,-1,15185.12,16489.46,14584.22,15879.16,13639.8,11028.39,1361.22,1877.45,1994.18,6995.71,1816.77,5955.76,1
1441,300000,1,1,1,61,0,-1,-1,-1,-1,0,43375.22,42512.59,34366.49,34629.84,29520.81,28023.68,21904.21,12073.02,2681.89,17012.44,3998.49,2922.55,0
1442,10000,1,2,1,58,-1,-1,-1,-1,2,-1,2995.82,2955.27,2519.51,2302.81,1658.78,1695.1,690.31,409.64,685.33,984.59,207.12,809.9,0
1443,100000,2,1,1,59,0,0,0,-1,-1,-1,21318.77,19040.97,20612.98,20829.24,17476.78,18624.82,7995.13,11018.72,11191.6,9556.98,5003.1,934.21,0
1444,50000,1,2,2,35,-1,-1,-1,-1,-1,-1,11754.68,12525.83,13769.11,13676.37,11175.77,12014.04,5136.71,5960.59,7709.42,5891.37,5845.17,1501.64,0
1445,200000,2,2,1,22,-1,-1,2,0,-1,-1,131838.85,124778.04,109059.24,96414.02,102949.56,84502.36,16856.38,48788.45,55377.63,14035.79,13484.89,11705.71,0
1446,20000,2,3,2,28,-1,0,-1,0,0,0,4872.12,4305.94,3735.98,3117.38,3188.19,2487.91,2249.26,383.81,536.97,1545.71,1483.96,955.22,0
1447,100000,2,3,2,64,1,-1,2,-1,-1,-1,65386.81,71252.03,74873.56,82019.57,62665.85,64271.06,15521.86,10059.78,5752.5,32325.03,5631.04,27743.92,1
1448,200000,2,2,2,63,1,0,-1,-1,0,-1,76257.52,77143.13,82872.06,87326.65,93668.56,89158.08,15495.85,18729.75,28204.36,23171.09,10891.26,8872.94,0
1449,300000,1,1,2,26,-1,0,-1,0,-1,-1,215946.85,202859.49,201867.17,218090.9,217494.44,188304.15,66802.58,35555.17,85236.84,90443.59,24778.9,51452.36,0
1450,100000,2,3,1,40,0,1,-1,1,0,-1,22724.34,18647.39,20153.1,14497.91,12995.04,9285.08,10921.68,4123.16,8278.18,7476.68,4340.7,4048.07,0
1451,50000,2,1,2,47,-1,-1,0,0,0,-1,5934.63,4997.25,5422.03,5563.49,4857.29,3997.97,1631.82,2911.54,1077.95,2916.59,2592.84,2199.89,0
1452,100000,2,2,1,43,-1,-1,-1,-1,-1,-1,17137.57,14720.19,15130.98,15985.75,17116.54,12743.91,5995.9,7226.08,3570.55,3734.2,7861.32,1965.76,0
1453,200000,2,1,1,60,-1,0,0,-1,0,-1,174583.66,186953.3,169120.29,150645.08,123861.1,111076.72,31628.89,16544.53,98457.59,17314.87,65048.66,31502.57,0
1454,100000,1,2,2,37,0,-1,-1,1,0,-1,53036.01,57887.56,48905.61,51662.62,43822.09,45178.81,11924.82,4679.77,13924.01,8927.11,23018.33,7924.94,0
1455,10000,2,4,1,33,3,-1,0,0,0,2,5856.25,5154.04,4923.67,3645.24,3559.46,2936.69,3325.15,387.63,2001.65,1399.08,401.67,206.43,1
1456,300000,1,1,3,24,-1,-1,-1,-1,-1,-1,262081.39,248844.84,220696.26,159825.98,160419.69,135239.86,145574.34,110915.69,71807.24,53395.36,56646.26,40679.16,0
1457,100000,2,2,2,40,-1,0,-1,0,-1,2,72080.48,74788.22,62489.34,51030.26,42399.37,42962.21,38792.06,24867.55,32502.44,16424.17,20517.31,12065.73,0
1458,100000,2,1,2,62,-1,1,-1,-1,-1,-1,19012.19,17403.59,15979.96,11353.71,12134.88,10708.21,5012.79,2286.71,8161.42,2461.86,6944.61,5374.2,1
1459,20000,1,3,1,45,2,2,2,-1,0,0,8748.36,8290.94,7826.06,7619.42,6114.14,5914.06,578.62,4699.36,3184.47,698.11,2606.31,3192.28,1
1460,100000,1,3,2,42,-1,0,-1,-1,-1,-1,75711.44,80730.13,80616.77,86323.45,72425.33,56162.23,42055.98,12952.69,45342.56,18606.36,37740.19,13723.9,0
1461,50000,1,1,1,37,0,-1,-1,0,0,-1,31599.74,27246.98,23605.2,19309.59,15035.01,12033.67,8544.99,12180.26,3877.32,8313.63,3826.13,5289.5,0
1462,100000,2,1,2,60,2,0,-1,-1,-1,0,27259.52,29935.2,31747.72,30599.78,27993.75,26705.86,13410.74,17936.38,10956.26,11997.99,12268.16,9823.64,1
1463,20000,2,2,1,31,-1,-1,0,-1,-1,-1,14891.32,13951.56,11937.41,10591.1,11647.13,8674.52,4968.08,8298.35,2136.29,2140.92,2955.13,4107.63,0
1464,100000,1,1,2,45,0,2,-1,0,0,-1,54706.79,48004.71,52765.28,42318.96,41778.2,32173.71,29616.38,18752.35,5613.18,20082.71,6564.97,4197.88,0
1465,500000,2,2,1,25,-1,1,0,0,-1,-1,365327.0,390077.24,377229.55,402664.26,357778.06,295899.01,41761.94,52350.66,179041.78,232519.2,30728.78,147104.5,0
1466,10000,1,1,1,41,1,2,-1,-1,-1,-1,6011.72,4947.35,4175.83,4523.11,4944.53,3818.09,3044.18,2948.85,1615.99,854.45,2652.69,1456.57,1
1467,500000,2,1,2,46,-1,1,-1,-1,1,-1,235149.54,233431.95,245177.8,184840.01,133023.76,145019.86,123941.1,104975.17,26272.63,89216.89,11370.9,68464.42,0
1468,50000,1,2,1,36,3,0,-1,-1,-1,-1,34140.45,27944.19,24482.44,24648.65,20072.89,16107.56,7153.85,14106.46,14539.13,11893.98,12040.44,4526.21,1
1469,200000,2,1,2,60,2,0,-1,-1,-1,0,158503.5,171795.25,147141.58,114112.23,118134.34,127802.24,62431.8,101314.82,14132.87,39247.83,39089.08,6969.29,0
1470,200000,2,3,1,41,0,2,-1,-1,1,-1,94490.45,93726.57,78771.35,70523.15,64158.03,66631.38,7583.91,15161.3,33714.3,3915.1,20986.34,36972.52,0
1471,100000,2,1,1,52,0,0,-1,-1,-1,-1,12383.02,11384.84,10989.42,9279.4,6513.01,5425.64,2753.7,2586.72,4200.43,1965.79,588.89,2445.12,0
1472,100000,2,1,2,24,1,0,-1,-1,-1,-1,57457.99,53282.0,56681.28,45208.73,39905.79,36694.21,14648.84,9871.12,15746.66,3233.04,3632.75,15775.4,0
1473,200000,2,4,1,58,-1,2,0,1,0,-1,34453.84,29269.95,31293.47,30364.79,21520.34,17973.49,3520.19,17416.35,16381.66,8342.86,9575.95,5577.18,0
1474,50000,2,2,1,28,-1,0,-1,1,1,-1,17980.96,16326.76,16909.39,17622.26,16378.03,16070.81,5184.5,6693.24,4095.93,6396.07,4808.08,1191.21,0
1475,50000,2,2,2,29,-1,-1,-1,-1,0,-1,26991.28,28911.43,28172.28,28523.53,27185.69,22967.05,10968.28,6384.11,14159.9,8292.68,4014.8,2889.24,0
1476,100000,2,1,1,37,0,-1,0,-1,0,0,37621.81,39187.35,37579.3,37162.68,29007.82,25716.32,15314.59,9941.36,14142.63,16042.52,4681.44,7488.77,0
1477,200000,2,2,1,61,1,-1,-1,-1,-1,-1,64949.02,64848.0,59149.9,42972.57,47037.73,46451.6,20035.08,19437.46,15727.02,7705.63,8346.78,22591.99,0
1478,200000,1,2,1,33,2,-1,-1,-1,-1,-1,23217.81,25315.19,20586.82,15213.05,15723.02,13625.2,2737.04,7372.76,4922.84,1413.61,7794.13,7349.31,0
1479,200000,2,1,1,29,0,-1,0,0,0,0,63083.23,61318.85,64444.68,57093.6,50558.27,49331.79,5886.92,8919.48,12475.24,8159.43,19535.47,14888.24,0
1480,50000,1,3,2,26,0,0,-1,0,0,-1,20391.93,17391.94,19128.38,17642.21,14534.03,12326.17,10243.92,9062.38,1137.32,3476.11,1304.32,7361.68,0
1481,200000,2,2,1,47,2,-1,-1,0,-1,-1,66440.59,67376.38,72514.1,71742.16,50573.59,43480.47,23770.08,31991.33,28383.91,13186.92,21739.09,25605.12,0
1482,20000,2,2,2,62,2,2,-1,1,0,-1,12054.7,11784.37,12726.07,10719.71,10476.43,8680.21,5574.62,6510.79,3817.16,3562.99,3518.98,2170.19,1
1483,100000,2,2,1,57,0,-1,-1,1,0,0,63264.86,58897.31,53005.63,37590.03,30265.73,33164.38,4312.82,19968.25,12480.84,20447.34,11164.26,2840.52,0
1484,10000,1,2,1,59,-1,1,2,-1,-1,0,7239.23,6110.59,5070.52,3622.58,3107.68,2803.0,2119.82,2563.93,742.96,891.51,671.91,900.01,1
1485,50000,1,1,1,63,0,-1,-1,2,1,-1,12436.2,12477.21,13244.25,13799.61,12025.65,9485.83,6803.65,5798.02,669.1,1330.4,719.38,5584.47,0
1486,50000,2,2,2,44,0,0,0,-1,0,0,29757.08,27769.9,28579.19,21475.01,22366.78,20730.78,13076.5,10465.42,12050.52,10758.69,7376.64,5207.71,0
1487,50000,2,1,3,29,0,0,0,0,-1,1,22202.38,21616.02,19824.32,21306.33,22170.57,19678.75,10468.22,9452.16,10365.1,1254.76,8365.42,4787.74,0
1488,100000,1,2,2,62,3,0,0,-1,-1,-1,35830.65,32054.84,33659.93,28040.45,28334.52,28661.92,11075.2,11018.04,8191.32,9352.64,11472.38,6225.45,1
1489,50000,2,2,3,31,2,0,0,-1,0,-1,24310.99,20584.56,17324.39,16171.65,16280.31,17490.07,11177.32,5551.52,6022.8,8004.63,4773.07,10013.52,1
1490,50000,2,2,1,55,-1,-1,-1,-1,0,-1,24251.78,22019.94,21917.01,16820.15,15102.76,11240.89,10178.25,13004.7,8306.23,6081.2,5412.72,1726.14,0
1491,20000,2,3,1,49,-1,-1,-1,-1,0,-1,12229.93,12910.3,14020.78,12360.93,12564.24,13726.21,1510.89,4036.36,2607.12,6941.77,4387.26,3972.47,0
1492,50000,1,1,1,28,-1,-1,0,0,0,0,27368.73,23205.12,24902.01,26155.17,27286.56,20900.51,2740.22,11854.33,7928.32,1739.09,6911.05,3395.35,0
1493,20000,2,2,1,37,-1,-1,-1,1,-1,-1,12100.39,11390.94,11712.8,12809.73,11520.76,9324.01,1780.08,4316.24,4874.49,7275.83,5695.32,1039.22,0
1494,10000,1,2,1,27,-1,0,-1,-1,1,-1,8843.95,7864.77,6920.8,6966.6,7385.69,7460.62,829.03,1571.35,3681.55,3220.95,2129.0,2164.11,0
1495,100000,2,2,1,32,2,0,-1,-1,0,-1,74837.21,81475.25,67687.12,68082.89,74629.21,56880.94,27530.93,9133.05,33418.42,15669.64,13471.31,28057.08,0
1496,100000,1,2,1,35,0,0,-1,-1,-1,0,33364.66,27539.26,24714.3,26051.96,20062.95,20604.63,19380.62,15236.86,13052.41,10296.09,1101.86,1118.05,0
1497,100000,1,1,1,49,0,1,0,-1,-1,-1,52678.92,46020.56,45339.73,36179.17,39493.65,38284.98,25045.39,10838.3,27126.28,12991.6,8213.79,12127.69,1
1498,50000,1,2,1,44,-1,-1,0,-1,-1,-1,14174.44,13251.22,11859.2,11794.05,9415.16,9623.39,6518.71,2815.02,2303.57,6495.66,1006.44,3158.95,0
1499,50000,1,1,1,57,0,-1,0,-1,-1,-1,25755.52,22515.05,20802.42,19207.6,20621.52,19082.59,13046.27,10378.72,9352.85,5321.35,6715.27,1751.71,0
1500,200000,2,4,2,34,2,0,-1,-1,0,-1,133933.18,135537.41,124841.05,100456.21,104519.01,114308.06,73081.31,54931.96,44783.92,10519.28,27153.95,67222.76,0
1501,100000,1,1,1,31,1,-1,-1,1,0,-1,15261.67,13907.43,12527.09,9046.93,9647.85,9041.72,3314.85,5749.02,4663.73,794.15,1814.51,1435.86,1
1502,50000,1,3,2,55,-1,0,-1,0,0,-1,10496.97,10856.32,11692.64,9124.1,8069.46,6925.36,1045.61,1329.38,2446.49,2532.04,977.13,3799.54,0
1503,10000,2,2,2,37,1,0,-1,-1,0,-1,1058.49,1021.84,915.56,879.0,668.42,726.29,490.33,190.53,473.2,520.48,329.61,127.91,1
1504,50000,1,1,1,47,-1,0,-1,2,-1,0,20146.71,18697.09,20530.5,19051.05,15032.2,10965.31,5736.96,6033.72,9938.09,7437.37,8893.79,3712.25,0
1505,50000,1,2,1,64,0,1,-1,-1,-1,-1,35692.61,32461.1,28007.45,20381.25,16750.9,15173.93,20343.24,17134.04,14053.46,9334.5,8774.46,7437.1,0
1506,50000,2,3,1,23,-1,2,-1,0,0,-1,22980.63,19915.15,21145.65,19558.14,15644.31,14906.42,12947.34,5655.26,12652.23,11331.52,7551.97,8532.2,1
1507,100000,2,3,2,22,0,2,0,0,-1,-1,55662.64,48747.53,49707.91,42562.88,46263.85,38776.83,32604.29,6239.42,10931.64,17651.65,15829.67,10501.45,0
1508,100000,2,1,1,24,-1,0,-1,-1,-1,-1,57189.65,48777.85,48809.14,34457.92,26271.7,19357.11,27231.66,13178.48,28606.92,13131.0,13386.88,1714.14,0
1509,100000,2,1,1,38,0,1,-1,-1,0,0,17163.24,18116.21,16913.37,17992.39,17530.3,15146.47,6643.52,3811.27,2795.18,2764.41,6026.41,948.82,1
1510,200000,2,1,1,40,0,-1,0,1,-1,-1,47913.15,46211.52,48289.93,38793.74,35094.36,35944.77,22606.48,27589.44,4822.27,8118.04,7970.36,19072.02,0
1511,200000,1,1,2,41,-1,0,-1,-1,1,-1,166434.28,157257.52,149027.55,137307.75,97994.17,90983.92,33517.11,40372.19,8291.94,73316.82,17089.47,28504.54,0
1512,100000,2,2,1,34,2,-1,-1,-1,-1,-1,46696.88,41871.94,35200.15,32935.3,25842.15,25923.6,2391.34,16270.23,6295.98,10844.27,4360.88,3434.15,1
1513,300000,2,3,2,28,-1,0,1,2,0,-1,130467.02,124603.92,110168.46,99099.13,106375.78,105000.34,39603.04,45618.02,24447.62,52027.45,32006.41,32054.16,0
1514,10000,2,2,2,22,2,-1,0,-1,0,-1,7007.89,7461.77,6377.79,5075.65,5211.32,4245.26,2816.0,1071.11,1403.36,297.91,2090.25,731.64,1
1515,20000,2,2,2,46,-1,-1,0,-1,-1,0,2723.09,2877.84,2794.05,2411.12,2252.91,1805.5,1392.61,349.87,1568.75,791.58,301.04,784.86,0
1516,10000,1,2,2,39,0,-1,-1,1,0,0,7726.25,7569.62,7544.05,6156.94,4498.83,4572.6,602.1,452.04,1676.21,1375.51,255.04,1253.21,0
1517,100000,2,2,2,62,0,-1,2,1,-1,-1,63634.83,61024.98,54970.1,48012.13,36269.07,27857.01,4782.41,7663.29,22680.6,9807.38,2268.07,12548.92,0
1518,200000,2,1,2,48,-1,-1,-1,2,-1,-1,43187.83,37475.58,30424.73,22303.28,22130.22,20495.43,24409.46,16851.7,18009.88,11676.64,4858.54,9648.28,0
1519,20000,2,2,2,49,-1,-1,2,-1,0,0,3038.79,3062.73,3055.44,2341.63,2348.24,2542.13,488.38,1218.84,646.74,1196.61,1048.22,650.33,0
1520,300000,1,3,1,25,0,0,1,-1,0,-1,30693.24,32411.92,26532.01,20031.84,21699.28,19750.49,13153.55,6684.05,15559.0,10873.45,1130.26,8191.74,0
1521,10000,1,2,1,63,1,1,0,0,0,0,3353.22,2990.09,3258.31,3056.3,2390.75,2444.97,438.61,503.44,1529.64,874.77,734.04,1162.74,1
1522,300000,1,1,2,48,3,0,0,0,2,-1,107952.01,100466.86,107116.09,103084.06,98922.12,79380.56,58902.73,6759.25,53223.55,59672.35,21126.33,6197.52,0
1523,50000,2,1,2,61,-1,0,0,-1,-1,-1,12072.29,10044.3,10539.13,11230.31,9796.6,7084.99,5570.34,2066.16,3823.37,2542.03,5414.28,1106.8,0
1524,20000,1,1,2,46,-1,0,-1,0,0,0,6593.44,6972.3,6346.62,5108.17,3808.35,3196.36,527.17,1638.36,3031.74,3034.45,2198.57,1886.68,0
1525,50000,1,2,2,25,0,2,-1,1,0,-1,27481.51,22790.76,23326.3,19999.86,16689.11,15520.36,5488.37,11983.48,8992.37,9328.47,4494.43,837.54,1
1526,50000,2,2,2,35,0,0,1,0,0,-1,9514.37,9621.9,7829.87,7430.33,6293.33,6016.23,5550.61,553.32,2479.15,3045.61,3697.36,1336.28,0
1527,50000,1,1,1,29,2,0,-1,-1,-1,-1,13045.56,11168.23,9234.9,10054.06,8861.43,8103.52,6724.05,2179.62,4800.31,5429.99,5175.78,3891.34,1
1528,50000,2,3,2,52,-1,1,1,-1,0,-1,27479.62,28031.81,26584.35,22772.34,18609.86,16249.53,2094.33,16093.38,13329.58,9049.38,6826.97,3639.39,1
1529,200000,1,2,1,46,0,-1,0,-1,0,0,132715.68,131760.6,128602.25,104919.68,96637.96,105737.25,29067.07,68325.06,34436.67,29479.41,25318.05,52940.85,0
1530,100000,2,2,3,57,0,-1,0,-1,-1,0,84501.66,85103.2,87663.54,74962.66,70658.46,68920.37,19512.2,45529.35,6383.08,18645.44,7636.34,8461.41,0
1531,50000,2,4,2,35,-1,0,-1,-1,-1,0,25422.16,25186.74,22398.92,18450.43,15961.81,17263.1,7978.71,1298.8,12528.34,2350.01,5658.02,9188.02,0
1532,100000,2,1,2,61,0,-1,-1,0,-1,-1,19057.94,17514.27,16862.41,12377.61,10513.01,8101.62,3844.93,4365.28,8098.86,3891.2,5353.02,2511.42,0
1533,100000,2,3,1,24,-1,-1,1,0,0,1,57322.26,56523.07,46278.98,38800.02,37333.51,41060.06,29014.12,17778.07,24147.69,18788.71,9995.22,2886.12,0
1534,50000,1,1,1,56,0,-1,-1,0,-1,0,44814.53,39006.4,36715.17,34296.74,24751.32,24286.05,13845.54,4261.79,2314.35,4312.34,8116.45,9540.01,0
1535,50000,1,2,1,40,0,0,0,-1,0,0,40322.58,35571.82,35620.84,27539.09,28821.41,31380.13,2294.46,3350.62,18905.33,15423.93,7755.48,6354.23,0
1536,20000,1,3,2,47,-1,2,0,-1,-1,0,14482.6,11869.07,13019.1,13454.78,14663.73,13819.05,3826.84,2925.71,4008.42,2303.09,6407.89,6014.49,0
1537,20000,2,3,2,41,-1,-1,-1,-1,-1,-1,13753.54,13531.39,13942.59,13860.94,10009.32,7623.12,5173.14,7529.29,7678.23,8016.75,3532.95,4166.07,0
1538,100000,2,2,1,42,3,-1,0,0,2,-1,70444.45,74124.36,81436.32,75201.08,73973.2,62080.59,29064.61,20031.75,35072.25,22651.18,24610.37,5960.13,1
1539,20000,2,2,2,27,2,-1,-1,-1,-1,-1,3451.34,3152.92,2993.3,2978.33,2385.33,1720.3,355.45,1469.87,850.42,375.98,404.9,317.13,1
1540,100000,2,2,2,51,2,0,-1,-1,0,0,51614.33,44522.7,41401.02,34224.83,29844.3,22698.98,16698.08,16871.08,4887.17,3821.64,11227.33,6017.79,1
1541,100000,1,3,1,37,3,-1,-1,-1,-1,-1,65166.39,68240.87,71670.79,55907.08,45187.29,49677.13,18683.47,36718.98,25564.95,23157.38,14554.23,28710.76,1
1542,20000,2,1,2,27,-1,-1,0,-1,-1,-1,3163.56,3142.16,2949.6,3058.47,2403.03,2562.44,464.37,733.39,1297.55,1516.9,1048.18,699.67,0
1543,100000,2,3,2,39,-1,-1,1,0,-1,-1,83180.62,88841.8,91226.44,93736.76,82150.29,87138.82,12403.93,10946.75,49922.0,7642.48,32676.43,9786.08,0
1544,50000,1,2,2,48,-1,-1,-1,-1,0,-1,10107.51,8104.94,8902.07,8852.05,7512.23,5264.68,5914.67,1015.37,4779.7,4900.81,1589.72,1125.08,0
1545,300000,2,2,2,30,2,-1,-1,0,-1,0,51166.99,47091.38,47909.77,38448.71,33462.54,29454.32,14195.44,7229.85,9210.91,2736.83,13265.73,1785.65,0
1546,50000,1,2,2,47,1,0,-1,-1,0,-1,9937.73,10636.22,8554.62,7164.18,7330.63,7424.5,3996.55,5262.77,780.91,2505.73,3446.88,1151.93,1
1547,200000,2,2,3,33,0,-1,-1,-1,-1,-1,87717.71,87947.09,75114.29,64014.65,69869.39,55241.87,14334.73,32027.81,23162.09,21354.5,28513.45,21287.21,0
1548,100000,2,3,1,22,2,0,-1,-1,-1,0,53454.06,50282.09,44393.07,34346.68,26011.86,22579.09,30792.7,17604.55,8969.02,16934.15,8449.47,3224.94,1
1549,10000,1,2,2,42,0,-1,1,0,0,1,1757.91,1624.95,1700.74,1707.57,1703.54,1332.11,1003.28,191.18,381.96,631.88,704.47,738.57,0
1550,100000,2,4,1,40,-1,-1,2,-1,-1,-1,72878.77,77874.47,84076.39,65064.92,59836.33,58464.26,35450.0,11503.48,35066.55,15309.73,18564.13,25859.3,0
1551,300000,1,1,1,63,-1,-1,-1,1,2,-1,78038.62,81904.54,81487.59,64269.28,54577.94,53574.34,22622.54,13342.43,37535.79,23726.64,12913.84,22957.83,0
1552,100000,2,2,1,25,-1,0,0,0,0,0,54837.15,44072.27,36421.81,26197.1,25260.01,20538.62,15264.58,20449.01,16515.14,15015.62,9899.74,6078.91,0
1553,200000,2,3,1,26,-1,0,0,0,-1,1,98579.68,82444.85,78310.84,75596.57,79573.73,70893.59,53172.71,35662.44,39114.12,8882.24,4811.37,33971.15,0
1554,200000,1,2,3,55,-1,1,2,-1,-1,-1,164901.69,157265.85,166342.09,178252.09,170516.55,150171.0,87033.62,58336.45,12293.37,73296.03,17234.81,22990.46,1
1555,20000,2,2,2,21,1,-1,-1,1,-1,-1,16292.86,13594.61,12352.82,11037.32,10832.61,10953.85,9099.89,1440.4,7176.54,1572.53,1632.87,3219.04,1
1556,20000,2,2,1,55,-1,-1,0,-1,-1,-1,5814.59,5130.97,4205.25,4453.86,3381.8,3280.58,1164.4,691.52,993.11,723.78,1990.07,1957.2,0
1557,100000,1,3,2,23,0,-1,1,-1,-1,-1,53074.01,55752.79,57641.37,59739.52,58853.42,42803.42,21982.78,10677.16,14520.21,34940.16,12218.48,8890.93,0
1558,50000,1,3,2,56,0,-1,1,-1,1,0,44416.01,40678.03,40561.53,41286.79,45186.34,34360.86,18630.99,20622.83,16128.31,20820.34,14688.89,9374.52,0
1559,200000,2,1,2,27,3,-1,0,-1,-1,-1,73095.56,68364.4,64268.79,49297.77,53430.89,55353.67,18127.86,30577.29,11180.74,27168.66,19416.28,9475.69,0
1560,300000,2,3,2,49,1,-1,-1,-1,-1,-1,47680.63,40636.16,42868.79,36478.24,31505.44,34221.88,4863.62,22477.49,18125.38,4872.35,1799.09,3138.43,0
1561,50000,1,2,1,35,3,-1,0,1,0,-1,33721.3,33070.28,34886.29,33683.96,35465.97,33854.14,3622.15,2273.23,6780.16,9337.78,3268.56,9205.88,1
1562,20000,1,1,2,31,-1,0,-1,0,-1,-1,10051.1,8403.66,8490.11,7112.53,6661.21,5634.77,5162.17,4215.98,3701.61,3355.99,904.4,731.93,0
1563,200000,1,3,2,38,-1,0,-1,-1,-1,-1,170341.26,168478.82,182411.26,179557.7,134186.53,105797.08,40534.06,10650.0,91167.38,72995.17,22788.72,35061.39,0
1564,50000,2,2,2,64,0,-1,-1,-1,-1,-1,28007.99,28680.77,26850.45,21880.87,23878.16,23816.64,15116.37,11931.44,14636.73,2911.69,2148.77,11050.5,0
1565,200000,1,3,2,24,-1,-1,-1,0,-1,-1,101839.43,108161.89,110182.21,94431.25,89263.52,85278.75,21127.25,44071.18,30247.21,27529.77,36398.79,44044.24,0
1566,50000,1,1,2,44,0,0,-1,-1,-1,-1,41593.88,40542.98,42537.88,42223.29,31344.46,33336.69,6715.86,8001.63,21008.46,7747.41,3629.03,4747.47,0
1567,100000,2,1,2,31,-1,-1,-1,-1,-1,1,40430.68,36370.89,36031.85,26921.33,25007.24,26539.0,10757.74,16798.7,11018.21,6351.52,13560.56,14487.62,0
1568,10000,2,2,2,26,0,0,-1,-1,0,-1,5779.57,6100.35,5892.53,5979.23,5910.94,4863.96,2590.33,1721.87,1091.51,3301.48,1931.4,1204.87,0
1569,100000,1,1,3,38,2,2,-1,-1,-1,-1,77656.46,76024.69,77514.73,76354.26,60694.28,61979.04,30371.75,30285.14,35063.88,14158.56,9275.94,18366.68,1
1570,50000,2,2,1,35,-1,1,-1,-1,0,-1,28903.47,26228.2,23771.97,20915.8,20350.6,16309.75,3832.61,10402.87,5039.24,5371.21,3607.39,6040.55,1
1571,100000,2,1,1,23,3,-1,0,2,-1,-1,33823.67,30331.77,27599.76,24150.07,26235.99,26571.73,19943.16,16222.52,3971.57,8081.65,10644.53,3506.51,1
1572,20000,1,2,1,37,-1,0,-1,2,-1,-1,10933.15,9798.12,10709.19,11380.29,9020.69,6921.05,6430.11,4122.9,1249.3,1013.35,1011.14,3549.78,0
1573,100000,1,1,2,53,-1,0,0,-1,-1,-1,44562.06,36402.88,30420.11,30009.72,26898.87,22570.34,8892.03,15247.34,8175.23,16169.71,2007.49,10926.99,0
1574,200000,2,1,2,54,0,-1,-1,-1,-1,0,177554.19,147441.06,155196.33,147136.41,121476.35,89209.49,60643.04,55739.16,71439.17,44929.0,59489.9,27664.34,0
1575,20000,1,2,1,50,1,0,0,0,-1,-1,2815.08,2327.83,2413.08,2523.29,2157.82,1765.76,493.17,244.63,1200.86,626.07,691.87,396.72,1
1576,10000,2,1,3,39,0,-1,2,0,-1,0,7143.75,6384.06,5210.97,4338.89,4490.08,3714.47,4255.54,1376.12,2652.62,1356.48,2323.47,1200.98,0
1577,10000,2,2,2,29,0,0,-1,-1,0,-1,1192.12,1123.21,1135.62,925.17,952.38,921.4,287.98,339.97,324.11,389.68,545.47,377.67,0
1578,100000,1,3,2,60,-1,-1,-1,-1,0,-1,58313.17,49232.29,40772.46,31962.52,22480.49,22168.05,31843.59,9239.78,2886.05,12344.48,6740.73,9647.17,0
1579,100000,1,2,1,64,-1,-1,0,-1,2,-1,44474.93,46626.86,40246.0,36547.1,27367.61,25594.6,12718.57,6577.55,5960.58,13432.58,5935.84,7441.15,0
1580,100000,2,3,2,51,-1,0,0,2,-1,0,82835.5,67899.01,73837.75,80869.94,67898.65,68444.08,36772.31,22503.99,11624.27,17613.46,17221.42,4421.71,0
1581,20000,2,1,2,47,-1,-1,-1,0,1,-1,10629.45,11518.0,10465.77,11212.85,9208.16,8108.97,5824.66,5866.61,3423.22,3242.12,4984.15,3585.5,0
1582,50000,2,1,2,45,3,-1,1,-1,-1,0,38093.34,31325.3,25594.04,22577.07,16649.11,15836.06,14919.72,12490.86,14171.98,9787.24,9975.42,3577.29,1
1583,100000,2,3,2,27,2,-1,-1,1,-1,-1,63771.32,68133.27,65159.9,48513.87,47304.08,39910.61,11286.78,29438.23,7927.06,25737.5,12284.93,21286.63,0
1584,50000,1,2,2,27,-1,-1,0,1,-1,1,22882.36,20095.57,17320.86,18184.07,17403.58,15811.7,11181.73,2568.12,1186.79,2276.07,10102.78,4457.51,0
1585,500000,2,2,1,40,0,0,-1,-1,-1,-1,185084.53,202857.09,188230.84,201226.57,160830.25,121656.13,101777.1,99124.59,9455.91,102963.83,52747.47,59325.83,0
1586,20000,2,2,2,64,0,-1,-1,0,-1,2,3872.59,3703.74,3075.94,2364.01,1996.8,1885.77,383.44,411.29,1677.39,1154.14,140.09,475.14,0
1587,100000,2,2,1,63,-1,-1,-1,0,1,-1,11081.52,8926.08,7397.85,7792.78,6975.98,5455.06,2829.58,1830.91,3714.99,3571.79,1126.03,1385.38,0
1588,50000,1,1,1,56,-1,-1,-1,0,-1,-1,5055.85,4473.42,4255.31,3738.34,2684.56,2374.08,3012.99,2381.3,2466.57,1140.41,706.0,1114.42,0
1589,50000,1,2,1,39,0,-1,2,0,-1,-1,14036.2,15187.85,13680.66,9640.29,7345.12,7096.71,5734.19,8459.46,5953.58,3470.8,1797.86,2460.69,0
1590,100000,2,2,1,22,0,0,0,-1,-1,-1,54873.73,48832.12,41340.35,44533.9,42695.86,37193.87,8000.16,4796.68,15952.03,13941.93,21228.51,7103.63,0
1591,100000,2,2,1,54,-1,-1,0,1,-1,-1,88039.56,79929.58,77860.31,55835.28,49931.39,39408.96,45224.76,11123.5,9168.24,18490.82,24120.99,20166.43,0
1592,500000,1,3,2,37,2,0,2,-1,0,0,332091.6,270071.65,221096.22,157828.05,148388.27,143414.0,102653.09,66742.81,81058.34,61412.55,17724.5,56858.11,0
1593,20000,1,1,2,44,0,-1,-1,-1,-1,-1,3130.93,2742.62,2813.44,3053.68,3326.44,3462.87,1640.65,1217.88,1364.36,980.75,270.39,1381.5,0
1594,20000,2,1,1,29,-1,-1,-1,-1,-1,-1,12323.31,10817.36,8820.49,6931.44,6946.71,6253.15,5791.08,1427.78,4658.4,2466.71,3059.45,3008.28,0
1595,100000,2,3,2,21,-1,0,1,-1,1,-1,48839.65,49562.09,54077.76,49873.33,54226.92,50054.68,21838.72,6695.99,28583.06,20649.18,15405.18,19860.29,0
1596,100000,1,2,1,62,1,-1,0,-1,-1,-1,60894.67,57955.32,59154.26,63713.87,59660.42,51089.98,12095.37,20284.35,12831.92,12706.52,8616.52,9807.74,1
1597,50000,1,2,1,48,0,-1,0,-1,-1,-1,29927.68,25387.72,27143.63,29206.65,20461.78,19096.55,10688.49,9509.89,4193.16,12948.69,1995.41,1063.3,0
1598,10000,1,1,2,35,0,-1,-1,0,0,-1,2151.56,2234.78,2082.78,1603.01,1182.23,1061.79,1119.69,219.84,274.19,935.6,198.34,513.66,0
1599,10000,2,1,2,41,-1,-1,0,0,-1,1,8355.68,8217.44,6717.13,6081.82,5952.84,5944.69,4343.51,2241.68,2715.29,959.93,3435.1,3427.43,0
1600,200000,2,2,2,35,-1,0,-1,0,0,-1,108726.65,95737.92,83180.17,58457.48,48053.64,38255.73,15635.31,43342.97,7362.34,32453.92,4703.35,17049.64,0
1601,20000,2,2,1,43,-1,0,0,0,-1,0,13212.18,11456.75,12503.07,9204.18,7966.3,7125.76,3575.42,2725.13,6612.01,2605.94,2811.44,3594.08,0
1602,50000,2,3,2,22,-1,-1,2,-1,-1,-1,20483.15,22070.03,21753.71,23477.9,22777.48,18825.39,6204.77,4043.49,10752.72,12998.86,1466.93,9884.82,0
1603,20000,1,3,2,56,0,0,0,-1,-1,-1,3956.66,3921.52,3405.29,2949.2,2457.79,1813.28,1244.3,442.69,183.26,827.68,1344.07,342.91,0
1604,50000,2,3,3,29,-1,2,-1,-1,0,0,32637.19,34015.29,32139.19,24428.23,25636.51,21908.98,9850.58,10393.8,11991.96,10818.36,8500.69,5395.73,0
1605,10000,2,2,1,22,-1,1,-1,-1,-1,-1,8539.91,7409.7,6633.4,6318.73,5402.32,5841.34,877.68,4201.71,2641.69,2254.27,3055.43,2650.17,1
1606,100000,1,2,2,22,-1,-1,-1,1,2,2,56490.6,55169.9,52241.22,40190.84,28846.15,25505.64,30896.68,21391.06,28647.02,18584.57,6593.28,7439.96,0
1607,10000,1,2,2,38,0,-1,0,0,-1,-1,2589.18,2112.89,2220.62,2425.04,2652.23,2435.41,1242.29,182.98,764.24,1056.83,723.72,974.83,0
1608,200000,2,1,3,37,1,-1,-1,-1,0,-1,119720.37,117136.34,101529.87,98315.41,88079.7,87806.21,34386.41,22504.28,7964.39,56774.23,40715.55,17390.67,0
1609,20000,2,1,1,61,1,-1,2,-1,0,2,8862.91,7631.63,7019.01,5948.41,4997.95,5467.35,5080.38,3490.63,2989.27,1243.07,2839.17,2423.13,1
1610,100000,1,2,2,28,1,-1,0,-1,-1,-1,41923.06,41953.57,39177.38,33397.16,35389.79,30601.91,14579.45,19560.54,9489.76,18752.79,4495.35,11530.21,1
1611,200000,2,3,1,54,0,-1,2,-1,-1,0,166160.76,179385.48,175101.05,186793.16,195077.17,176948.69,13603.03,46041.77,57828.55,35262.37,52432.14,102045.9,0
1612,100000,2,1,2,54,-1,-1,-1,-1,0,-1,68966.55,64663.92,53239.01,56327.41,40281.24,43802.02,20257.86,5614.82,9668.6,27179.39,23517.08,24438.28,0
1613,100000,1,1,1,25,0,0,1,0,-1,0,50701.88,45206.76,38972.9,42090.45,43074.35,37539.88,8290.59,15608.79,20392.57,13440.83,9873.45,13465.2,0
1614,50000,1,4,1,64,-1,-1,0,1,0,-1,21700.06,18162.52,16697.71,14718.35,13187.46,13400.2,12998.09,8225.85,6235.78,1319.57,7455.08,2524.94,0
1615,50000,1,1,2,49,1,-1,0,1,-1,-1,14717.11,14734.44,15365.1,15984.32,15494.87,13597.27,1739.57,3425.55,7065.82,1103.02,6059.83,3589.76,1
1616,100000,2,2,1,48,1,-1,-1,-1,-1,-1,37477.1,36549.67,31288.44,27969.8,21211.79,16779.72,8185.53,17681.55,4152.74,9403.73,6669.09,7651.82,1
1617,500000,1,1,1,36,0,0,-1,-1,-1,-1,266246.64,256494.34,273027.24,260246.22,251654.89,270411.13,112635.3,59289.7,98503.18,17983.57,58533.27,76224.29,0
1618,100000,1,1,1,34,-1,0,0,1,-1,-1,13867.37,14987.71,13515.16,12203.69,9665.79,9519.08,2397.01,2141.44,2917.16,6962.36,3189.8,4780.9,0
1619,100000,2,3,1,22,3,2,-1,0,-1,-1,38601.44,42208.61,36981.15,34883.94,26056.21,27239.55,4312.84,20656.68,2368.54,4911.51,10672.29,4938.66,1
1620,100000,2,1,3,60,1,2,-1,-1,-1,0,49526.97,50274.58,46394.12,41930.47,31609.89,23594.71,12988.57,6209.69,20910.95,13282.82,13935.15,11187.67,1
1621,50000,1,2,2,24,0,0,1,0,1,0,29331.8,25190.05,24336.42,18542.81,15204.64,14930.37,15912.56,4643.87,14322.51,4776.56,1398.35,7191.99,0
1622,10000,2,1,2,61,-1,0,-1,-1,-1,-1,6944.81,7528.37,7680.39,5709.25,6261.1,5986.63,2551.86,3910.0,3458.65,1932.58,2518.11,906.01,1
1623,100000,2,1,1,51,-1,-1,-1,-1,-1,-1,11106.53,10034.51,9463.37,10186.73,7351.9,6569.58,5110.59,3387.49,910.65,1677.22,3976.15,647.65,0
1624,300000,2,1,2,46,-1,0,-1,1,0,0,100752.89,82994.84,86762.88,78424.41,65277.79,49404.74,20831.49,11189.27,34401.27,41289.58,18590.54,18811.58,0
1625,20000,2,1,2,47,-1,0,1,-1,-1,0,6175.31,5386.88,5632.65,6064.9,5519.2,4779.14,3341.53,2093.32,2849.03,345.92,1036.37,2275.1,0
1626,100000,1,1,2,54,0,0,0,0,0,0,51702.36,54241.62,43421.61,42306.83,33116.09,31363.42,18531.33,20192.56,6023.32,15414.47,14392.33,17743.29,0
1627,20000,2,2,2,51,2,-1,-1,-1,-1,0,9456.21,8143.02,8448.18,6214.39,6740.39,6544.84,2313.35,2876.04,4980.06,1497.77,758.81,2783.98,1
1628,100000,2,2,2,31,-1,-1,-1,-1,1,-1,16392.06,15056.44,14045.04,10963.91,9694.58,7239.84,6725.75,3572.9,5519.57,1839.93,5458.2,3082.25,0
1629,10000,2,1,2,28,0,-1,0,-1,-1,-1,7090.81,6254.46,6818.15,6866.53,6709.2,5887.53,1941.62,1711.64,4023.61,1150.09,2228.58,1698.54,0
1630,50000,2,2,1,32,-1,0,-1,-1,-1,-1,32490.84,26458.76,27677.67,21343.01,18013.22,15675.24,6578.8,12396.22,10976.7,3221.71,7455.93,3515.59,0
1631,200000,2,3,1,55,-1,2,-1,-1,0,0,151383.07,146616.89,134184.09,94343.4,73368.95,74432.64,71411.23,82024.52,56059.98,35987.89,17892.42,21014.68,0
1632,50000,1,3,2,54,2,-1,-1,-1,-1,-1,9441.39,9334.01,9244.31,6884.3,5655.07,4051.77,1031.54,3433.77,4324.24,3719.62,1620.51,1755.26,1
1633,100000,2,2,2,33,0,1,-1,-1,0,-1,50498.59,52384.42,44960.14,40045.84,32512.05,32973.58,20964.45,29484.01,22124.85,10763.07,11942.81,19487.49,0
1634,200000,2,3,1,47,0,-1,0,2,-1,-1,116595.53,107780.69,95612.78,73172.92,76028.16,77047.65,39522.16,15811.1,50973.6,10291.99,45081.51,32900.24,0
1635,300000,2,1,1,28,-1,2,0,0,-1,-1,41745.51,35166.38,30265.3,21730.67,15339.77,15015.14,13878.77,7368.68,14032.3,1715.15,6692.76,5535.84,0
1636,20000,1,2,2,41,-1,0,0,-1,-1,-1,17350.65,17275.12,17712.99,17667.59,18682.73,19801.85,4135.96,8805.99,5361.67,8841.04,10540.06,5474.02,0
1637,50000,2,2,2,61,-1,-1,-1,0,-1,-1,36777.36,39242.17,31490.46,34288.24,29390.42,26041.89,7401.8,22751.59,5971.24,5906.94,16912.02,6857.96,0
1638,20000,2,2,1,31,-1,-1,-1,-1,-1,0,5898.43,4930.77,4547.07,4962.64,4698.29,3469.39,2534.33,2661.31,1220.55,2254.81,2252.88,998.2,0
1639,500000,1,2,1,42,-1,-1,-1,0,0,-1,301500.6,257718.21,270931.37,287185.49,293568.45,244425.13,149537.09,82541.38,150617.54,98017.51,21325.0,78535.13,0
1640,300000,2,2,2,41,1,2,-1,-1,0,1,64410.38,57889.43,58626.02,41488.11,36691.89,34655.49,16903.56,28711.27,30760.07,16604.99,7289.86,9982.93,0
1641,100000,2,4,2,48,-1,-1,-1,-1,1,-1,79856.83,79464.65,73626.09,58609.55,43197.84,35817.85,10326.63,12763.93,18352.64,21497.82,21327.96,19019.02,0
1642,200000,2,3,1,23,-1,0,0,0,-1,0,35734.61,34203.16,33858.15,25565.53,23435.39,22338.12,2209.21,7678.87,9574.88,14663.54,1347.83,1330.93,0
1643,100000,2,2,2,27,0,-1,-1,-1,-1,0,82327.56,83456.31,77575.93,74169.11,55525.36,39836.63,30367.55,50008.02,16433.2,7888.9,17602.63,14320.59,0
1644,100000,2,2,2,34,2,2,0,-1,-1,-1,76228.68,61699.59,64982.15,67570.51,69588.83,50670.19,14293.97,9146.76,25480.83,27842.45,32807.1,26058.88,1
1645,10000,1,1,2,35,3,-1,-1,-1,0,0,4825.81,5033.98,4891.93,4543.43,4357.86,3068.83,1337.19,923.33,1213.31,514.33,2449.17,889.19,1
1646,200000,2,1,3,29,1,-1,-1,-1,-1,0,124415.9,136390.28,134997.11,113217.9,106069.05,115655.95,44354.5,61042.66,66406.58,17750.95,31033.18,61169.45,0
1647,20000,2,2,2,63,-1,-1,-1,0,-1,-1,5932.98,4829.44,5295.9,5638.88,3948.09,3176.86,2657.77,2018.68,1651.39,2372.44,1998.03,1204.42,0
1648,200000,2,2,1,27,-1,-1,0,1,-1,0,81496.04,77309.16,79708.23,71902.66,77944.58,79364.83,23059.17,34397.19,13635.47,28071.17,23468.35,16067.08,0
1649,200000,2,1,1,32,2,-1,0,0,-1,1,54791.15,55995.15,49599.82,38185.62,28720.65,30292.75,23910.53,32060.57,14640.25,12114.66,3688.27,5119.34,0
1650,100000,2,3,1,39,2,0,0,0,0,-1,52209.41,49229.28,50799.32,46397.5,35883.12,27380.39,28843.27,5704.38,23081.12,22053.97,10812.32,2032.76,1
1651,10000,1,2,1,47,0,-1,-1,0,0,2,3549.43,3470.93,3743.56,2647.64,2897.74,2259.22,718.91,1276.68,1121.42,1140.55,849.07,987.34,0
1652,50000,2,2,1,38,-1,0,0,-1,2,-1,19061.89,20515.9,18228.85,13041.02,9595.74,8184.63,8259.84,3926.89,6646.97,1072.93,3248.79,3338.83,0
1653,50000,1,1,1,33,-1,-1,-1,-1,-1,-1,22710.61,21846.54,22833.78,21715.78,21643.21,19514.07,4932.49,5829.68,12621.03,8902.33,12158.54,9378.36,0
1654,50000,1,1,2,63,1,-1,0,-1,-1,-1,39903.68,34755.25,30283.86,29960.05,22110.06,20206.32,3486.94,7935.94,13390.41,7877.65,8622.96,11632.2,0
1655,10000,1,3,2,21,-1,-1,1,-1,-1,-1,5388.96,5505.29,5121.08,3868.1,3841.5,3281.69,514.72,3093.35,3063.74,1195.93,382.21,757.22,0
1656,300000,2,2,2,58,0,0,0,0,-1,-1,223583.05,204048.33,205487.25,187685.16,198149.36,185168.84,97549.12,116408.79,18928.09,63414.58,56849.33,33943.83,0
1657,100000,1,4,2,41,3,-1,-1,-1,1,0,77884.16,68969.12,60214.06,60759.15,51030.29,50746.25,10289.14,22347.55,27861.88,14239.21,15342.71,10281.89,1
1658,50000,1,4,1,54,0,-1,0,-1,-1,-1,14817.14,12957.91,11094.41,11681.7,9636.79,9444.53,8861.98,5841.96,5025.57,3462.7,4859.97,3355.55,0
1659,50000,1,2,1,33,-1,0,1,-1,0,-1,36107.58,29745.75,27924.22,24841.62,26660.0,18984.14,12600.72,4946.74,3068.26,8908.79,8915.09,5808.56,0
1660,50000,1,1,1,61,-1,-1,-1,-1,2,-1,30946.49,33418.25,34586.57,25900.7,18903.89,17718.97,6866.14,7883.24,20104.01,2136.14,5440.16,1758.57,0
1661,100000,2,3,2,43,-1,0,-1,0,-1,-1,50592.43,49024.43,47983.1,34916.15,29295.3,28857.34,19371.16,20199.19,24705.56,12750.8,3630.66,4924.47,0
1662,100000,2,4,1,21,0,-1,-1,1,-1,-1,17093.36,18572.45,18764.94,19564.95,18805.27,14673.17,1701.79,7797.87,6219.04,4723.65,9006.28,5217.16,0
1663,300000,1,2,2,43,0,-1,-1,-1,-1,-1,167361.21,177157.97,178359.66,130389.89,127129.6,119685.89,13230.16,97424.44,30543.13,47579.69,60301.78,70137.7,0
1664,50000,2,2,2,48,-1,0,-1,0,-1,-1,11215.24,9073.9,8741.34,8978.39,7911.82,5889.01,3873.7,4218.91,1333.35,2647.49,1267.44,2768.66,0
1665,500000,2,2,1,52,-1,-1,-1,-1,-1,0,376502.13,329132.73,294469.47,257588.53,268267.89,259141.29,55960.96,169000.2,35396.27,38833.64,110902.31,153057.4,0
1666,200000,2,2,1,28,-1,-1,-1,-1,-1,-1,169539.49,151671.45,140525.62,122900.18,127765.52,121142.56,15242.39,76268.46,21981.27,13521.3,12280.07,54099.49,0
1667,20000,1,2,2,46,3,0,-1,-1,-1,-1,9649.72,9137.77,8353.62,7580.38,7783.74,6198.84,3815.12,1820.31,4666.26,4026.19,2863.22,3676.05,1
1668,300000,2,3,2,34,1,-1,0,-1,0,-1,135726.52,137740.51,113459.74,85584.18,65755.09,69051.42,40298.9,68525.99,45292.7,22886.16,22922.56,12934.4,0
1669,20000,1,2,2,44,-1,0,-1,-1,0,-1,9820.52,9862.06,10547.86,10516.4,10081.79,10309.97,3175.9,1612.33,1250.74,4089.33,1197.14,5705.98,0
1670,200000,1,1,1,49,2,1,2,-1,-1,-1,30749.13,33706.64,33455.74,27433.76,28541.9,28416.39,14463.96,1918.95,18631.62,2656.44,11829.16,11870.36,1
1671,50000,1,1,2,24,0,0,-1,-1,-1,-1,14479.26,15594.12,16485.43,15481.66,11420.96,10094.1,6203.52,6061.1,1311.96,4274.62,1116.78,3824.84,0
1672,200000,2,1,1,38,1,-1,0,-1,-1,0,170497.74,145925.61,150714.61,105821.79,84428.29,66762.26,84058.32,36540.73,41445.95,46466.31,41977.19,29099.45,0
1673,200000,1,1,3,34,0,0,-1,0,-1,0,75211.9,79571.2,65287.26,53052.9,57890.9,58636.07,7418.62,33300.98,29930.58,30927.63,7732.61,21288.77,0
1674,200000,1,3,2,47,1,-1,-1,0,1,-1,114617.24,120678.26,104373.68,74751.55,66136.45,51971.31,10915.92,20788.58,52405.21,26562.5,18822.78,12898.53,0
1675,200000,1,1,2,61,-1,-1,-1,0,2,0,123862.68,120448.96,130713.67,107896.83,98410.39,88055.08,45508.05,22619.1,67148.34,15804.53,50975.06,43803.53,0
1676,50000,2,1,1,23,0,0,0,-1,-1,-1,40086.24,36135.19,33915.74,25452.89,21383.19,18207.33,22351.82,19684.83,19326.89,1449.95,1830.38,4630.78,0
1677,10000,2,1,2,50,1,-1,0,0,-1,-1,2905.43,2506.18,2615.4,1904.06,1631.54,1273.91,1337.64,1041.67,516.11,466.1,800.41,365.42,1
1678,50000,1,2,1,56,-1,-1,0,-1,-1,0,40605.2,35072.23,34112.76,35449.67,37498.98,35468.52,17693.34,3474.62,8881.79,9690.06,17288.41,17158.47,0
1679,20000,2,2,1,43,-1,-1,-1,-1,-1,0,8266.5,7450.99,7801.7,6599.92,5172.33,5652.46,2022.84,1808.27,3110.15,2138.87,1088.58,3310.8,0
1680,100000,2,1,1,38,-1,2,-1,0,0,0,83742.16,79654.2,81277.75,83727.01,67957.83,60517.13,30400.69,32470.24,43251.14,4369.83,36875.21,13475.76,1
1681,50000,2,1,2,60,-1,-1,0,0,0,-1,21452.72,20919.54,18491.19,19546.37,17596.87,15833.89,9286.55,9290.01,7036.48,8756.5,9734.6,9323.71,0
1682,500000,1,1,2,30,-1,-1,-1,1,1,-1,91583.99,82197.73,90200.86,81399.16,67091.52,56967.05,30036.29,26579.95,18008.4,33402.76,30350.15,30671.09,0
1683,100000,2,2,1,32,0,0,-1,2,0,0,14169.83,12851.67,12172.54,11285.56,11929.44,9439.92,2505.86,2423.47,5978.06,675.57,6022.3,1500.51,0
1684,200000,1,1,2,61,-1,0,-1,0,-1,-1,174766.08,140521.68,137078.65,131406.81,125256.26,101837.06,73995.81,58740.13,74857.91,30680.96,16252.54,14085.66,0
1685,20000,2,3,1,28,-1,-1,-1,2,-1,1,3941.38,3155.61,3036.11,2908.24,2621.77,2753.72,1313.96,303.43,165.76,734.11,768.8,1377.46,1
1686,200000,1,2,1,52,2,2,-1,0,-1,-1,106590.66,114281.68,121773.37,111065.88,104582.7,112870.71,19982.66,55500.84,6428.07,22898.19,61017.43,9773.16,1
1687,300000,1,1,1,37,0,-1,-1,-1,-1,-1,156475.08,125837.9,111236.55,104310.94,73845.05,76096.86,53244.94,58603.26,63927.62,22202.61,7580.34,45009.04,0
1688,50000,1,2,2,61,-1,-1,0,-1,-1,-1,21054.29,17052.64,13957.82,12233.2,12192.86,8663.98,5023.14,3550.84,4970.05,3528.53,3399.8,1411.27,0
1689,100000,2,1,2,34,-1,-1,-1,0,-1,-1,43442.47,37433.97,34754.74,37064.46,30918.14,29159.5,3766.72,3122.32,3425.12,16167.38,17905.23,1837.27,0
1690,200000,1,2,2,57,0,0,2,-1,-1,-1,96114.58,98327.09,105750.36,104536.43,98606.94,90689.69,29775.16,9746.89,26019.67,44081.0,36713.69,37692.23,0
1691,20000,2,1,2,29,1,-1,-1,-1,-1,-1,3592.55,3605.75,3359.82,2775.11,2866.33,2894.72,2093.91,1026.37,1216.24,765.05,188.82,1051.7,1
1692,100000,1,2,1,46,-1,0,-1,-1,-1,-1,73272.55,72844.13,64340.92,53661.0,44978.39,45528.2,13704.87,10999.7,25342.19,21012.9,23330.98,25093.93,0
1693,50000,2,2,2,44,2,2,0,-1,0,-1,20082.55,19530.0,19247.77,16978.28,12135.82,10621.82,5875.25,5665.09,2689.7,1501.12,2761.85,1334.01,1
1694,20000,2,3,1,43,1,-1,1,-1,0,-1,5912.63,5087.88,5196.07,3703.04,2593.57,2113.79,2966.95,414.29,2660.53,1752.23,180.95,321.52,1
1695,50000,2,1,2,51,1,2,0,0,-1,-1,17730.69,16301.25,15304.05,16781.69,17518.95,12945.13,10149.11,4787.03,5351.74,4914.21,8882.37,5846.94,1
1696,10000,2,1,2,59,-1,-1,0,0,-1,-1,5894.96,5561.48,5083.24,4509.53,4142.5,3912.71,475.94,3039.28,1722.47,447.87,1905.97,1036.93,0
1697,10000,2,2,2,64,-1,-1,0,-1,0,0,7200.84,7018.9,6382.64,6446.62,6189.92,5010.39,3329.13,2969.38,2217.97,1647.29,2117.35,1982.5,0
1698,20000,1,3,2,22,-1,0,0,-1,-1,-1,4454.72,3828.96,3547.12,2707.42,2541.5,2759.71,1011.4,327.95,298.81,1190.19,634.63,190.92,0
1699,300000,2,3,2,38,-1,0,0,-1,0,0,172216.51,175438.7,184702.11,174300.53,133793.57,96157.34,18778.59,16910.48,85643.31,20533.08,62504.38,47515.97,0
1700,100000,1,1,1,36,-1,0,0,1,-1,-1,43792.98,39092.87,36933.7,31492.74,22526.68,24457.58,20392.33,12870.63,3483.17,15687.1,8535.5,4766.54,0
1701,300000,2,1,2,49,-1,-1,-1,-1,0,-1,236873.3,236415.47,211427.97,223261.72,178002.25,159899.47,73202.27,46104.19,64440.63,98127.23,31954.0,54868.11,0
1702,50000,2,2,1,31,0,1,1,-1,0,1,42971.96,41003.63,35045.58,37604.45,41227.89,38862.88,7042.99,12010.07,13106.52,3599.62,22008.2,16783.75,1
1703,50000,1,1,1,22,-1,0,-1,-1,0,-1,32141.7,31423.79,27803.29,26411.09,22901.49,21376.58,14289.83,14845.87,4624.07,15535.82,7871.65,3021.32,0
1704,100000,1,1,2,34,-1,-1,1,-1,-1,-1,57184.41,52835.22,49602.71,35930.95,38447.23,38488.87,9812.99,14070.26,15634.12,20442.9,20066.79,3593.66,0
1705,50000,2,1,2,24,2,2,-1,-1,-1,-1,36214.22,33806.72,32601.32,28905.74,23243.2,17115.4,14343.77,7278.03,6766.2,3546.03,2219.96,859.73,1
1706,20000,2,2,1,59,-1,2,-1,-1,-1,-1,9932.9,10533.4,10390.64,7343.81,7242.15,7641.49,2322.75,5713.56,4574.89,1186.68,1275.48,624.85,1
1707,100000,2,3,2,54,0,-1,1,-1,-1,0,14429.79,13603.86,11174.4,10137.47,7201.83,7320.08,2522.49,6019.23,3838.39,2443.54,1603.43,4033.3,0
1708,20000,2,4,3,59,0,0,-1,-1,-1,0,13217.53,13722.0,13501.78,12159.26,8575.26,8918.84,949.46,5474.22,1362.89,7226.66,4416.4,2993.09,0
1709,100000,2,2,2,29,3,0,0,1,-1,2,56430.77,51832.08,46939.02,40691.68,36067.21,32249.56,7676.57,4640.74,17833.56,17821.99,19101.11,2761.23,0
1710,100000,2,2,2,60,2,0,-1,-1,-1,-1,22115.02,22339.7,19593.95,16357.09,15696.83,15369.11,12473.68,7271.22,2448.15,9045.27,7442.21,9191.5,1
1711,20000,1,3,2,61,0,-1,-1,-1,0,1,5407.47,4703.79,4230.2,3940.8,4275.36,3774.74,1610.58,2549.99,217.91,795.07,1583.56,376.71,0
1712,10000,1,1,1,27,2,0,1,-1,-1,-1,2845.41,3059.12,3167.23,2441.03,1737.72,1307.02,1464.68,1536.62,413.15,1290.1,522.13,725.39,1
1713,200000,2,2,2,37,0,2,-1,-1,0,-1,137185.55,149557.34,155687.16,110620.39,121145.81,99436.76,64243.52,12773.41,8152.29,12251.48,12365.49,16955.95,0
1714,50000,2,2,2,43,0,-1,0,-1,-1,-1,25734.88,27546.55,22894.69,23230.74,20645.73,16751.21,11083.19,12755.35,13585.27,13880.76,8475.81,7311.64,1
1715,10000,2,1,3,31,-1,0,-1,0,-1,-1,1383.15,1250.27,1185.76,1202.64,1210.52,927.76,629.73,663.39,472.63,130.68,616.68,165.41,0
1716,500000,2,2,2,42,0,0,0,0,-1,0,385186.02,340098.85,326103.62,303850.5,291245.08,231984.4,54777.84,62640.2,128495.38,88101.73,152177.04,138181.84,0
1717,10000,1,1,1,38,0,-1,0,0,0,-1,6159.73,5264.92,4259.66,4396.12,3513.0,3159.61,1143.5,1771.86,2399.35,2202.1,641.35,469.91,0
1718,100000,2,2,1,48,0,-1,0,1,-1,-1,68652.01,72901.46,74003.65,66986.46,55800.66,48484.36,32827.19,39153.91,8891.26,34703.6,20803.88,11774.59,0
1719,500000,1,1,1,36,0,0,1,1,-1,2,424974.72,355102.47,323156.82,227056.13,212625.63,176833.44,177364.61,189746.37,21069.63,119132.81,120969.41,22094.85,0
1720,20000,1,1,1,62,-1,-1,-1,-1,-1,0,6162.68,6117.69,5661.31,4298.69,3174.79,3373.81,3059.16,1694.78,2408.47,892.79,1649.36,1086.97,0
1721,20000,2,1,1,24,-1,-1,0,1,0,-1,11433.73,10283.95,10108.9,8934.53,9022.87,9126.48,4884.23,3382.82,3940.54,3692.34,1231.75,2613.38,0
1722,20000,1,3,1,56,0,-1,0,-1,-1,-1,14162.38,12128.31,11408.88,11921.26,12157.7,8522.64,6826.88,1314.71,6247.25,1974.41,3230.29,4240.09,0
1723,50000,2,2,2,42,-1,0,-1,-1,-1,-1,25511.67,21821.29,22353.41,17664.4,18163.48,16858.34,9452.33,7504.12,5091.24,5684.49,1886.84,8764.89,0
1724,20000,2,2,2,31,-1,-1,-1,0,-1,-1,9777.12,10376.37,10155.95,7247.47,7533.26,7382.22,4881.82,5432.95,3593.95,3742.63,3828.52,3853.41,0
1725,100000,2,2,2,41,0,0,0,-1,0,-1,84297.93,89182.68,77393.66,66945.59,65314.57,47115.48,19217.78,12934.25,27903.95,18444.6,25063.06,3308.13,0
1726,10000,1,2,2,60,2,0,0,-1,-1,-1,2948.82,2599.71,2758.67,2004.7,1999.84,1491.08,257.64,785.26,527.25,221.45,870.43,222.12,1
1727,100000,1,1,1,61,-1,-1,-1,-1,-1,-1,62230.77,50415.02,43595.78,40115.57,37527.14,30450.45,10001.49,20356.52,10812.78,2531.19,5274.68,12226.0,0
1728,500000,1,2,1,36,0,0,-1,0,-1,-1,438115.3,464720.3,471254.19,340362.63,269114.1,254456.49,58469.11,35649.97,113871.46,185477.0,120892.27,96941.03,0
1729,200000,2,1,2,62,-1,0,-1,-1,2,-1,55197.95,45107.63,46806.51,33075.86,24251.8,25931.22,17100.05,3162.29,24079.73,3897.6,4218.6,12799.44,0
1730,100000,2,1,2,29,-1,-1,-1,-1,0,-1,46992.94,38788.73,39040.26,42058.04,32444.5,29016.45,25726.91,20051.2,10015.25,22367.5,18983.73,13815.79,0
1731,50000,2,2,2,55,-1,1,-1,-1,-1,0,44017.49,46067.66,42683.59,41237.4,32051.47,35029.71,9728.32,26755.23,16762.47,4190.05,17028.71,5908.08,0
1732,100000,1,1,1,54,0,-1,-1,-1,-1,0,12868.33,13449.54,14302.05,10695.01,10728.76,11530.16,4302.86,6300.03,3656.13,1956.09,630.94,2757.62,0
1733,100000,2,1,1,29,1,-1,-1,-1,-1,-1,60388.37,51979.1,46693.34,43073.88,46481.0,44386.75,30090.92,30135.06,4514.47,19408.13,19542.82,16029.32,1
1734,50000,1,2,2,33,-1,-1,1,-1,0,0,21181.66,17188.18,17293.42,13892.73,14250.82,12586.23,11207.28,2309.87,9670.12,2029.71,3353.96,6601.69,0
1735,20000,1,2,2,26,0,-1,0,2,0,-1,14337.47,11740.88,12484.07,12539.42,13754.26,13377.84,2910.74,6206.24,1164.53,6719.75,5866.97,4533.28,0
1736,200000,2,2,2,24,0,-1,-1,-1,0,2,71718.51,67129.72,56833.93,58293.4,41823.42,42512.7,24227.75,36802.67,3156.4,10127.57,6154.96,18267.21,0
1737,50000,2,2,2,48,-1,-1,-1,0,-1,-1,19915.33,18431.05,18353.47,16573.96,11814.49,12726.91,3803.71,3862.69,3654.46,4184.35,2365.01,3335.65,0
1738,20000,1,2,2,31,0,-1,0,-1,-1,-1,10250.19,8760.7,9376.47,8099.37,7884.09,7895.18,2877.3,3561.17,1900.6,4267.02,594.95,817.39,0
1739,50000,1,2,2,54,-1,0,0,-1,-1,-1,18835.28,20204.84,16788.69,13882.21,9859.74,8446.07,5005.91,4409.01,3519.64,3312.53,2491.68,2475.9,0
1740,50000,2,1,2,55,-1,-1,0,0,-1,-1,15382.97,14855.69,12534.13,8938.54,9441.7,8472.23,1311.18,1635.86,6152.67,3340.87,3604.91,1167.3,0
1741,200000,1,1,2,25,1,1,0,1,-1,-1,76853.4,80096.75,73166.51,67627.08,60111.63,43208.57,4998.37,39822.88,15203.54,15430.13,31691.33,10676.27,1
1742,100000,1,2,2,59,1,0,-1,-1,-1,0,82636.08,68680.32,75431.13,68157.36,72912.23,51876.9,32215.92,37655.54,29952.31,21351.05,12106.17,11240.05,1
1743,200000,2,1,2,31,1,0,-1,0,-1,-1,74828.06,81715.05,70861.72,55641.32,44509.8,36168.94,10811.9,9032.7,3833.55,17179.77,23727.17,6688.98,0
1744,10000,2,4,2,32,-1,0,0,-1,0,2,8195.46,8547.22,7670.41,7001.71,6700.38,6850.73,1078.47,3474.49,4148.52,2181.87,3294.79,2925.74,0
1745,50000,2,3,1,63,-1,0,-1,-1,0,-1,13200.79,11700.48,12291.69,10903.38,10681.19,8840.79,3260.49,6833.91,2371.98,2745.4,4341.12,1418.75,0
1746,50000,2,1,2,39,1,0,-1,0,-1,-1,31887.23,25708.62,21575.27,17352.37,14140.53,10559.67,5653.3,5147.3,7457.53,7763.24,7403.02,4460.33,1
1747,10000,2,1,2,33,-1,0,-1,-1,0,0,6959.7,5911.24,6495.64,6477.7,5485.98,4621.67,3201.54,2737.18,2355.15,1545.71,1257.99,329.76,0
1748,50000,1,1,1,24,0,-1,-1,0,0,-1,9454.63,8750.75,8940.28,7137.49,6570.63,5402.57,3848.99,2421.87,1626.7,891.95,3732.0,2273.84,0
1749,200000,2,1,2,34,1,-1,0,-1,0,-1,107037.78,85726.09,93248.65,82097.59,70066.77,76774.03,62007.76,7290.1,34972.26,31077.29,10412.28,5634.63,0
1750,20000,2,1,1,64,1,0,-1,0,-1,-1,2209.39,1794.58,1513.4,1382.29,1239.38,1349.11,598.99,780.36,797.26,280.54,456.3,199.55,1
1751,100000,1,2,2,22,-1,0,-1,0,0,0,84258.09,69899.73,60793.98,62285.85,54961.17,54673.76,5442.44,12949.16,14111.92,4442.31,16865.11,17865.13,0
1752,20000,2,3,2,28,2,-1,0,0,0,-1,10388.19,10834.0,9872.29,8571.32,8283.3,8544.82,5357.89,4095.57,5563.38,641.53,3832.72,5070.05,1
1753,10000,1,2,1,42,0,-1,2,-1,-1,2,1294.13,1247.62,1017.19,796.25,583.28,467.52,152.04,110.89,182.11,253.52,141.05,187.4,1
1754,20000,1,1,2,33,0,-1,0,-1,-1,0,12931.57,11086.16,9070.78,6403.3,6932.54,6343.75,2558.36,1287.36,1041.75,3730.04,3851.25,329.13,0
1755,500000,1,2,2,41,0,-1,0,0,-1,0,404283.03,355502.19,380794.9,304949.56,226009.96,248474.89,160387.1,18903.03,92274.27,28302.72,23261.85,118455.84,0
1756,200000,2,2,2,41,-1,2,-1,1,1,2,138003.39,136989.56,111348.47,111371.88,93022.54,77142.26,41936.07,23262.71,60231.02,25863.46,36028.59,18308.0,0
1757,300000,2,3,1,48,-1,-1,-1,-1,2,-1,62098.0,55613.92,57003.59,58610.48,41231.37,45126.76,26735.33,6777.88,7909.6,4196.28,3741.47,26880.0,0
1758,50000,2,3,2,53,2,-1,-1,-1,0,0,26595.51,26718.91,27127.51,25507.35,26180.94,20298.16,4164.4,5651.45,7561.0,10132.54,15302.15,7784.54,0
1759,20000,2,3,2,49,-1,-1,-1,0,1,-1,13729.58,14189.08,11661.22,12586.32,9376.87,8889.8,5107.64,2302.35,4586.98,4633.71,1512.15,4968.9,0
1760,100000,1,2,2,57,0,-1,-1,-1,-1,-1,74045.6,66047.74,56556.07,51402.24,41707.62,42240.48,22193.09,12877.91,28200.05,10582.13,19812.54,3247.8,0
1761,50000,1,2,1,42,0,-1,-1,-1,-1,1,5640.08,5132.21,4806.04,4285.69,3774.42,3537.66,2103.71,619.96,2632.73,2005.31,1702.09,895.03,0
1762,200000,1,1,2,46,-1,1,0,0,0,0,65398.31,53301.08,52901.17,54654.04,56708.5,46702.98,34994.41,7871.34,31503.78,3608.39,33276.86,9717.78,0
1763,10000,1,2,1,31,0,1,1,-1,-1,-1,8077.15,8448.21,9029.01,6923.43,6971.19,7149.61,2773.7,1732.68,4649.03,824.84,3929.26,1830.45,1
1764,50000,1,1,2,31,3,2,0,0,-1,-1,15337.27,15058.46,14426.75,10186.09,7741.13,6043.49,7017.03,4366.23,796.73,835.06,4096.72,1315.07,1
1765,20000,2,2,2,54,-1,0,-1,-1,0,0,9560.51,10196.1,11021.07,11602.09,10194.37,8890.66,4390.63,1983.4,2932.7,2737.41,4116.98,1804.86,0
1766,50000,2,2,1,39,0,0,0,-1,-1,-1,32866.61,28156.03,24131.88,22047.96,18368.02,14912.92,13611.28,4310.46,12544.73,7229.49,6187.4,4692.77,0
1767,100000,2,1,2,57,1,1,-1,0,-1,0,88847.9,96682.52,95409.6,95214.84,102774.56,92307.62,28064.81,38682.02,55990.15,19934.77,16577.37,44240.28,1
1768,50000,1,1,1,34,0,2,0,-1,-1,0,22034.41,22299.28,23489.89,22352.25,23297.69,19918.72,1142.65,5561.9,1943.46,4988.11,9284.76,8079.72,0
1769,50000,2,1,2,49,-1,1,-1,-1,0,-1,25146.98,21600.84,18792.67,18145.36,13793.55,10643.64,2933.07,8248.22,4452.41,6634.04,6126.18,2695.96,0
1770,50000,1,1,2,39,0,1,-1,0,0,0,27345.18,25674.16,26612.9,24881.34,21692.88,21622.49,9535.44,6924.94,10857.63,4542.95,12337.89,8092.34,0
1771,50000,1,1,2,57,3,0,0,-1,0,0,14366.62,14505.76,13346.56,13214.16,11600.37,8939.8,1064.7,4025.84,3667.67,2677.08,2380.81,4906.4,1
1772,200000,2,1,2,41,-1,-1,0,-1,2,-1,78988.54,63593.02,69945.15,52136.9,56535.49,51914.17,5916.72,16336.56,9526.59,28455.96,13960.97,10268.35,0
1773,200000,2,1,2,44,0,-1,2,-1,-1,-1,89514.61,92565.8,76595.0,61304.35,62414.13,63776.71,10685.24,48032.07,41722.03,27593.92,18540.83,20746.45,0
1774,300000,1,1,2,46,3,0,-1,-1,-1,0,34637.62,37557.71,36280.06,32349.26,33113.28,29580.34,6173.31,9804.53,7884.8,10599.62,14248.51,16310.61,0
1775,200000,2,4,2,61,1,0,0,-1,-1,-1,21218.32,17493.42,18104.13,17861.24,15132.83,15961.26,12726.66,6661.25,3451.94,7807.84,7763.97,7215.8,0
1776,50000,1,1,1,32,0,0,-1,0,-1,-1,13972.35,14942.52,14985.24,12338.83,12070.0,10519.29,1623.31,4583.63,5460.47,3612.2,2315.06,1536.96,0
1777,100000,2,1,2,39,3,0,-1,-1,-1,-1,50977.87,47885.21,45571.18,46614.19,38601.01,42008.85,10152.78,17996.28,23450.13,25718.95,13398.42,20431.7,1
1778,50000,2,2,2,50,-1,0,0,0,-1,-1,43227.66,41268.57,39367.44,28586.1,29438.38,20900.11,18396.59,6507.29,12288.87,4204.03,5549.81,10267.04,0
1779,50000,2,3,1,35,1,-1,0,0,-1,-1,43904.18,46188.62,42568.76,43265.2,46900.96,47671.48,18534.97,5327.13,4754.27,6231.42,14325.55,21940.54,1
1780,200000,1,2,1,23,0,-1,0,0,-1,-1,123549.53,120695.22,108950.38,106730.37,100758.84,99060.42,65620.75,45237.18,32290.82,8825.58,56819.93,37414.31,0
1781,10000,1,1,1,33,-1,-1,-1,0,-1,-1,7616.07,6895.81,6744.79,4897.42,4463.96,4215.9,2938.81,4073.57,704.5,729.74,2389.99,484.41,0
1782,300000,2,2,1,29,0,-1,-1,-1,-1,-1,246167.85,251036.4,257189.36,183287.06,192267.67,157360.03,48296.56,48160.44,37453.27,31388.19,58381.77,48479.29,0
1783,50000,2,2,1,33,-1,0,-1,2,-1,-1,38565.52,32452.81,28681.19,29712.63,31555.1,29797.03,7002.32,1650.01,8316.95,15549.68,7941.53,2910.33,0
1784,100000,1,2,2,36,-1,-1,-1,-1,-1,1,53496.58,53490.3,57982.72,43946.13,32347.78,30336.67,27093.11,29530.34,6548.19,14488.06,11311.36,10174.86,0
1785,100000,2,2,2,34,-1,-1,0,-1,-1,0,66333.89,68482.25,62280.88,49907.0,48855.2,37118.28,6884.09,8380.88,26067.65,8145.85,22146.82,10126.94,0
1786,200000,2,3,2,28,-1,-1,-1,-1,-1,-1,20582.6,18533.21,17239.45,18248.24,17361.11,18262.81,6472.76,9766.34,6018.71,9460.35,1984.99,972.52,0
1787,100000,2,3,1,39,-1,0,0,0,-1,-1,61845.69,67477.97,62305.24,52158.85,40896.1,37372.74,19515.69,22460.69,14877.73,4789.52,7144.05,17854.49,0
1788,100000,2,2,2,52,1,-1,0,0,-1,-1,44069.1,43724.5,36440.09,33239.7,24927.91,18337.52,20115.56,6486.49,5009.95,6854.41,2895.02,7480.25,0
1789,10000,2,2,2,55,-1,0,0,0,-1,-1,6157.7,5102.91,4259.77,3034.69,2470.55,2116.34,3679.36,807.72,1414.92,1718.25,148.84,386.08,0
1790,100000,2,2,3,43,0,-1,-1,-1,0,-1,65552.62,71444.84,74201.28,68829.47,52833.08,41558.86,21170.64,24287.47,36291.76,40102.85,25421.47,16753.29,0
1791,20000,2,3,2,41,0,-1,-1,-1,-1,0,3566.33,3649.07,3336.69,3288.01,2620.65,2011.23,1699.27,1777.32,1541.9,834.16,671.31,702.46,0
1792,100000,1,1,1,38,-1,0,-1,0,-1,-1,79963.32,80658.47,69753.15,64594.43,68925.11,74338.98,41448.03,39995.51,40794.9,31819.34,32417.24,24492.06,0
1793,100000,1,4,3,34,2,2,-1,1,-1,-1,24058.54,21074.68,21334.11,21834.87,23286.61,22586.43,1653.96,3812.69,6937.76,2963.92,7520.59,5805.37,1
1794,100000,1,1,2,36,1,0,0,-1,0,0,10836.83,10207.68,11105.17,11223.13,8994.39,7381.1,4331.08,4502.08,4412.4,6061.66,3841.2,545.41,1
1795,10000,2,2,1,44,-1,0,1,1,2,-1,4437.66,4749.69,5134.61,4578.24,3574.91,3472.45,2380.38,1490.36,944.58,2224.42,1157.76,2057.06,1
1796,10000,1,3,1,52,3,0,0,-1,-1,-1,1717.33,1532.62,1558.71,1493.31,1316.83,1344.77,766.35,599.57,739.68,615.52,418.61,444.29,1
1797,100000,2,1,1,31,0,0,0,0,-1,0,86478.18,80165.24,68740.63,55724.92,53807.35,44486.45,41112.75,9725.2,22342.84,28461.28,28928.66,3563.87,0
1798,10000,1,2,1,31,-1,-1,0,-1,-1,-1,3270.5,2868.31,2427.24,2047.26,1546.03,1691.24,1622.22,828.63,752.3,735.72,619.84,131.7,0
1799,10000,1,1,1,24,0,0,-1,0,-1,-1,2788.8,2411.67,2559.51,2428.34,2493.79,2624.92,169.22,284.07,548.62,565.35,275.82,1242.27,0
1800,10000,2,2,2,46,0,2,-1,2,-1,-1,3095.92,2517.34,2740.99,2642.76,1927.71,1964.06,1736.42,821.66,616.84,1098.68,698.99,470.59,1
1801,300000,1,1,2,25,0,0,-1,-1,2,-1,98005.47,100070.44,98739.06,72488.58,54028.81,53277.77,53748.81,8385.86,16205.91,30101.0,6865.27,15229.95,0
1802,100000,1,2,2,56,0,0,2,-1,0,-1,15005.87,12413.27,13286.88,13654.86,13034.37,9326.04,5712.97,1532.85,7573.93,5037.44,4820.79,3622.23,0
1803,50000,1,2,2,53,-1,-1,-1,0,-1,1,26600.26,25520.22,26655.03,25452.07,19895.52,14105.16,6433.39,5839.47,4821.35,12293.27,8224.74,721.51,0
1804,50000,2,4,2,34,3,-1,-1,-1,-1,-1,5720.21,4661.62,3944.68,3277.8,2594.78,1987.41,1446.95,1543.64,280.96,260.2,405.85,663.31,1
1805,50000,2,4,2,52,1,0,0,-1,-1,-1,34870.81,38189.23,33105.89,26171.67,27494.54,29330.38,12009.05,4317.03,9349.84,10507.38,3800.92,12642.55,1
1806,200000,2,1,3,27,0,-1,-1,-1,-1,-1,142836.85,144669.98,118676.8,111702.61,94463.61,74336.51,30055.09,77177.87,69152.39,41021.63,14244.44,19774.46,0
1807,100000,2,2,1,30,-1,1,0,0,0,-1,41975.83,41518.94,39119.85,38273.12,40895.02,40095.69,15167.09,8477.22,2609.1,6556.82,20561.72,5583.41,0
1808,20000,2,1,3,22,0,2,0,-1,-1,0,17533.1,15006.9,13463.96,14424.78,10724.53,11710.76,6835.29,5569.09,2585.64,1413.18,1468.86,6073.1,1
1809,20000,1,1,2,30,0,0,-1,-1,-1,-1,14508.7,13905.37,12901.59,9985.79,10711.39,11513.78,6538.56,1781.36,2423.1,3080.09,5133.4,3091.62,0
1810,10000,1,1,1,55,1,2,0,-1,-1,-1,1984.52,1887.42,1514.84,1365.12,1455.07,1251.53,171.03,861.13,519.41,258.99,88.77,748.46,1
1811,100000,2,4,2,41,2,-1,-1,-1,-1,0,88387.86,80220.35,81533.81,88225.44,80805.83,78578.98,7664.89,27821.81,38000.45,41896.03,40687.02,27074.22,1
1812,200000,1,3,2,60,2,1,0,0,-1,-1,155219.54,131445.12,113065.35,120280.38,120681.15,121129.98,86516.42,74109.98,31403.97,38455.68,22179.53,14478.11,1
1813,50000,1,1,2,62,0,-1,-1,-1,0,0,33159.62,30179.88,27478.17,24487.38,21423.15,19705.2,15236.11,12916.04,6342.95,14176.09,3290.95,1848.21,0
1814,10000,2,1,1,28,2,-1,-1,0,-1,-1,6227.59,6120.05,5634.81,5188.62,5221.2,4747.18,1482.83,3609.99,1164.83,2986.9,2072.59,781.18,1
1815,10000,2,1,2,38,-1,0,0,-1,-1,-1,5838.0,5523.95,4528.94,4830.57,3851.02,3040.0,371.27,2744.51,2512.05,2583.05,2040.3,1648.32,0
1816,300000,1,2,1,29,-1,-1,-1,-1,1,-1,267654.23,259895.81,236415.38,168528.66,178852.4,173551.59,103088.45,88759.45,134128.82,66798.7,79412.61,55653.32,0
1817,50000,1,2,1,61,-1,1,0,0,0,-1,24139.7,23454.26,25094.98,27365.58,27786.66,22716.19,4513.25,4075.59,9256.28,10377.84,9956.7,11479.49,1
1818,200000,2,1,1,50,2,-1,-1,-1,-1,-1,46532.48,40641.58,43403.63,47344.57,47014.54,38713.76,3812.82,9641.3,23195.59,8041.85,8547.47,16219.36,1
1819,100000,2,2,2,24,2,1,0,0,-1,-1,33556.69,27962.54,22576.31,24331.53,24865.4,20048.54,15613.38,7172.34,13393.03,10817.24,6832.46,10465.63,1
1820,50000,2,1,2,55,-1,-1,-1,1,-1,0,20008.66,19138.79,15482.08,16816.66,14091.33,10234.96,11748.46,10569.07,5591.87,9298.11,7351.76,3426.4,0
1821,20000,2,3,1,34,-1,0,1,-1,-1,-1,7062.89,7541.13,7376.65,6060.86,4703.03,4879.21,3255.53,1444.5,1576.8,1348.11,2299.94,2441.94,1
1822,20000,2,2,2,34,3,0,-1,-1,-1,0,2485.64,2730.74,2352.39,1681.55,1415.74,1479.77,277.55,1221.17,552.4,864.11,243.53,841.51,0
1823,100000,2,2,1,57,0,0,-1,0,0,-1,15898.17,16466.85,17612.17,14331.7,10254.23,10146.58,4010.44,6149.89,6812.27,3950.63,5458.77,1314.35,0
1824,200000,2,2,1,40,0,-1,0,0,-1,2,20788.52,18009.83,17016.7,14264.52,11527.04,12346.57,3877.49,2602.65,4417.57,8205.0,2096.49,7387.55,0
1825,100000,1,3,2,49,0,0,1,0,-1,1,64328.95,63627.57,57120.88,48037.86,45295.89,43145.84,16449.62,12570.44,18876.11,12931.01,26750.55,19698.24,0
1826,100000,2,1,1,43,0,-1,1,2,-1,-1,63160.33,55054.33,59788.07,58124.98,60369.58,57704.39,22526.75,11350.86,10543.16,27597.59,27706.64,21117.5,0
1827,10000,1,1,2,41,3,0,-1,-1,-1,0,1545.03,1503.22,1345.95,1407.12,1508.61,1591.69,616.73,223.31,802.86,696.99,663.33,948.2,1
1828,300000,1,3,1,51,-1,0,0,-1,1,0,105644.26,99749.99,89400.79,70518.87,69733.96,54630.77,23189.82,48026.39,13909.31,31112.99,25870.7,7739.43,0
1829,200000,2,1,1,52,-1,-1,-1,-1,-1,-1,65281.96,59698.18,50142.24,44070.67,46571.27,40712.0,27473.36,13269.97,27714.29,11474.3,24248.77,16537.85,0
1830,50000,2,1,2,61,-1,-1,0,-1,-1,-1,23144.19,22970.41,19907.9,16949.67,13840.19,13586.3,9868.23,7892.06,10509.41,2302.24,7417.07,2086.39,0
1831,500000,2,2,2,27,-1,-1,-1,0,-1,-1,193478.7,204567.65,210325.66,211554.14,205436.77,165882.53,115350.74,93127.24,104261.71,22219.85,39034.16,54695.31,0
1832,100000,1,3,1,33,0,2,-1,-1,-1,-1,75640.97,68170.89,70074.47,57962.67,63220.27,50035.64,23796.49,39729.75,39618.53,5883.93,30699.12,3591.44,0
1833,100000,2,2,2,43,2,0,1,-1,-1,0,80614.43,76251.28,69844.63,50461.79,47651.9,50478.07,18606.63,41983.59,34443.87,23880.08,6716.43,12065.68,1
1834,100000,2,3,2,28,0,0,0,1,0,0,26483.28,24808.14,22446.72,18709.82,16299.1,17902.99,13819.5,4134.52,5474.59,4857.73,4353.64,9494.33,0
1835,200000,2,2,2,32,3,0,0,-1,0,1,39359.68,34430.55,31866.11,26818.15,21590.58,18450.51,5608.88,18652.82,4565.32,6950.55,11943.72,8620.18,0
1836,100000,1,1,1,56,2,2,0,-1,-1,-1,77144.45,71461.48,63618.66,65460.71,54064.47,42961.89,22817.05,36829.37,20809.09,10536.76,11763.63,11525.28,1
1837,20000,1,2,2,36,0,-1,0,-1,-1,-1,10023.93,8084.05,7941.28,7299.29,5700.66,4912.73,3955.42,537.22,420.89,1226.27,1638.77,708.04,0
1838,50000,2,2,2,46,0,-1,-1,-1,-1,-1,17974.94,17170.19,18045.44,16410.63,16101.35,13227.92,2307.38,9212.4,10320.25,4258.31,4532.55,1112.34,0
1839,300000,1,1,1,49,0,0,0,-1,0,0,42334.2,43021.61,34538.27,32449.8,32112.25,33033.99,3387.85,14797.11,17990.64,5407.16,11683.69,18966.88,0
1840,20000,2,1,2,49,-1,0,0,1,-1,-1,11698.0,10648.49,11508.91,10640.93,10766.69,11416.83,3140.17,1654.42,5772.69,4243.28,5477.9,3286.06,0
1841,50000,2,1,2,26,0,0,-1,0,-1,2,13309.04,13628.08,11384.71,11073.45,9821.9,8411.17,3226.65,8141.8,2806.55,5738.34,3446.45,3753.25,0
1842,50000,1,2,2,57,0,-1,0,-1,-1,0,6507.47,6671.44,7137.85,7577.24,5723.12,5378.77,2991.76,1477.98,807.65,3206.42,3242.73,2955.7,0
1843,50000,1,3,2,53,0,-1,0,-1,-1,-1,22792.35,24962.98,21719.47,22817.19,19822.9,14500.56,7822.97,3824.6,9580.77,4862.27,10528.0,6599.42,0
1844,100000,1,2,2,51,0,-1,1,0,-1,-1,57771.0,55678.72,59860.74,53762.59,53731.63,47545.79,3609.65,8082.01,24331.71,12215.07,20815.36,14626.81,0
1845,300000,2,4,2,61,-1,0,-1,-1,1,-1,71130.46,65526.75,67898.77,70527.4,73511.89,51659.39,39514.19,22245.04,34139.35,27423.27,21140.22,13071.23,0
1846,20000,1,1,2,38,0,0,0,-1,-1,-1,12423.25,12322.09,10852.69,11343.36,8308.56,8046.32,6503.14,1800.64,3583.5,4423.77,1899.43,4266.3,0
1847,20000,2,3,2,58,-1,-1,1,2,2,1,5022.21,4961.8,4011.53,4074.99,3250.05,2503.87,457.58,1666.69,534.56,1887.07,1256.97,564.35,1
1848,20000,2,3,2,51,-1,0,-1,0,0,-1,2331.84,2556.17,2593.88,1859.35,2016.99,2120.3,443.51,1164.25,1296.33,1050.3,997.72,487.52,0
1849,200000,2,1,1,36,0,-1,0,-1,0,0,43829.19,44368.64,46433.06,44799.61,39100.54,37224.16,17229.48,25367.92,20257.04,7801.34,12827.42,17357.57,0
1850,100000,1,4,1,60,-1,0,2,-1,-1,-1,56959.6,50806.49,51006.12,42094.6,30656.06,32840.39,8500.4,12812.36,29423.97,8822.64,16389.3,12223.23,0
1851,50000,1,1,2,57,2,0,0,0,-1,-1,30412.38,26040.69,23814.21,24988.54,19528.11,20997.93,17809.56,15279.28,2366.56,11151.07,4064.66,5992.52,1
1852,200000,2,3,1,34,-1,-1,2,-1,0,0,158366.68,164355.77,137765.91,112084.26,115562.28,88713.15,44562.45,97610.95,51348.9,13037.61,60423.65,26419.37,0
1853,200000,2,3,2,59,0,-1,-1,-1,-1,-1,29982.79,25603.14,23148.18,24709.53,24803.29,22453.58,13117.76,9560.61,9260.74,4518.56,10295.99,8329.49,0
1854,200000,2,2,3,24,0,-1,-1,-1,1,-1,172473.23,170443.7,150088.5,141990.97,111745.54,86958.62,57117.98,36877.94,90044.67,25095.9,23510.72,25268.88,0
1855,300000,1,2,2,50,-1,2,-1,-1,-1,0,155261.75,130372.49,132579.3,127013.91,94069.93,82899.64,34091.35,67687.04,67330.46,21213.69,26138.28,18583.86,0
1856,50000,1,1,3,53,0,0,0,2,0,0,14823.53,15054.94,12763.71,13466.92,9854.52,8672.35,6423.21,1193.66,2832.37,5893.02,700.56,4755.44,0
1857,200000,2,2,2,56,0,-1,-1,-1,0,-1,78466.42,81202.42,84926.59,92923.38,83618.47,83141.84,24439.05,23740.77,26330.32,14513.7,46265.63,27313.27,0
1858,50000,1,2,1,50,-1,-1,0,0,-1,-1,7227.09,7929.29,7799.11,6423.38,6283.51,6851.84,2888.59,3160.44,1923.48,3359.24,2969.6,1091.04,0
1859,200000,2,2,2,34,-1,2,-1,1,1,-1,37614.65,40859.49,38602.84,28394.1,23552.74,22412.49,10012.8,24095.77,21417.58,10194.23,9075.85,3149.18,0
1860,100000,2,2,1,43,0,0,2,-1,-1,-1,80592.12,81731.86,74218.22,73426.95,53930.78,55355.28,48237.85,35346.21,25105.65,24620.25,31504.05,11524.77,0
1861,200000,1,3,1,48,-1,-1,-1,-1,-1,-1,36945.29,32632.26,31074.0,22624.1,20289.31,17478.52,6045.45,5779.93,16966.01,5961.77,11301.97,10357.57,0
1862,100000,2,1,1,27,0,-1,0,1,0,-1,14467.17,11763.48,11316.99,10338.6,8142.54,5936.97,2180.34,6110.12,2818.71,1853.6,4512.26,3316.22,0
1863,20000,2,3,1,62,1,0,0,0,-1,-1,11572.29,11185.45,9743.6,8166.12,6307.26,5713.55,638.68,4605.55,1450.48,1128.44,1369.4,575.07,1
1864,100000,1,3,1,30,-1,-1,0,0,-1,-1,40618.78,41828.98,45870.76,39265.19,39652.39,42093.92,21479.05,21979.13,15955.46,6210.44,6927.79,4055.92,0
1865,500000,2,2,1,24,0,-1,-1,0,-1,0,212371.73,170574.24,183003.01,145339.85,136875.42,108966.93,28971.81,73812.47,108507.8,82127.01,62829.64,28332.41,0
1866,300000,1,1,2,64,0,2,1,-1,-1,0,58865.56,56360.27,51695.86,50648.28,41837.46,33685.19,10927.8,13594.2,20454.09,19823.88,9605.02,11192.85,0
1867,10000,1,1,2,58,0,2,-1,0,-1,-1,1353.35,1441.14,1262.74,1172.78,1037.0,769.36,221.27,164.46,101.35,371.79,206.98,166.93,1
1868,20000,1,1,1,33,-1,2,-1,0,-1,-1,15851.67,15711.62,14016.55,15151.58,11963.22,13144.33,9329.99,6763.29,961.09,970.93,2259.75,5400.45,1
1869,20000,2,2,1,41,0,-1,0,-1,-1,-1,8232.61,8274.88,9053.13,7624.69,7050.29,6104.8,4274.2,1338.4,2592.01,4347.73,620.86,1744.22,0
1870,100000,2,2,2,53,-1,-1,0,-1,-1,-1,18808.58,17723.31,16343.01,14017.69,14056.91,11520.34,8689.66,1523.92,1152.79,6482.08,6305.03,3980.5,0
1871,200000,2,4,2,60,-1,-1,-1,-1,2,0,52040.75,56357.27,60503.98,46346.28,40384.3,43239.83,13710.7,11891.88,6504.75,7048.09,2204.04,8835.15,0
1872,20000,1,2,2,48,0,0,0,-1,0,-1,3646.55,3327.09,2720.59,2570.04,2193.51,2247.24,195.89,746.45,1263.42,710.14,790.92,198.21,0
1873,100000,2,1,1,43,-1,0,-1,1,-1,-1,48247.31,44084.97,45541.49,33608.75,26910.72,28277.42,28095.31,26269.55,21269.91,13346.73,5292.62,12178.22,0
1874,200000,1,2,2,52,-1,0,-1,0,0,-1,148560.75,141923.25,145987.62,158727.48,131646.74,142200.3,24040.2,51078.17,22129.28,23263.68,54937.33,63903.06,0
1875,100000,2,3,2,25,-1,1,-1,-1,0,-1,41478.93,40474.29,40283.9,42863.17,36177.5,37722.81,3574.23,24062.14,20871.5,13629.38,20615.62,11720.65,0
1876,100000,2,3,2,46,-1,0,1,0,-1,-1,59591.67,57281.15,47906.26,46942.18,38732.94,42383.98,15443.55,27199.56,7021.37,20698.88,16659.11,22221.53,0
1877,100000,1,3,1,59,-1,-1,0,-1,0,0,64035.67,66955.02,73276.9,60593.79,44604.49,42630.23,13017.67,21556.54,34464.62,7994.83,11512.22,9311.94,0
1878,100000,1,2,1,46,-1,-1,-1,2,-1,-1,66965.97,70337.97,60760.32,51188.16,38858.29,30945.07,38119.33,14511.08,23169.61,9590.43,5750.81,13871.96,0
1879,50000,2,2,1,23,-1,-1,-1,0,0,-1,29221.23,24531.21,24848.0,18259.57,20058.07,15381.59,1899.4,4251.4,12947.46,5859.33,4742.78,5677.29,0
1880,100000,1,3,1,44,1,-1,-1,0,0,-1,54327.04,53177.98,54530.98,43559.94,36817.58,34641.89,31964.12,9511.76,25322.55,18883.48,11131.79,9913.71,0
1881,100000,2,2,2,54,-1,-1,0,-1,0,-1,48270.79,52864.71,54343.64,45714.34,46726.86,39416.54,17990.26,27690.7,2727.08,16405.29,24975.92,6567.54,0
1882,200000,1,1,2,54,0,0,-1,-1,-1,-1,95776.78,93851.42,98337.66,86455.64,85324.56,64206.5,20582.89,25153.03,8202.14,14404.7,50118.38,26545.52,0
1883,100000,1,1,2,40,-1,-1,-1,-1,-1,-1,36634.57,36870.83,40437.62,35815.93,33153.53,33780.32,19323.5,10992.1,2737.45,18012.71,18568.22,4662.51,0
1884,200000,2,1,2,50,0,0,-1,-1,-1,-1,100726.7,106610.24,88358.25,93133.36,81950.4,68831.38,28143.0,41520.06,44925.13,31338.57,26662.92,30891.96,0
1885,20000,2,2,2,62,-1,0,0,0,-1,-1,9664.92,10244.62,9646.92,8488.59,8200.91,7200.95,3314.32,828.02,3644.25,945.37,2537.58,1211.4,0
1886,50000,2,1,1,40,2,-1,-1,-1,-1,-1,17777.06,14313.33,15636.62,16934.0,15811.03,14936.91,2283.96,4453.07,9106.79,2956.14,3154.05,889.01,1
1887,10000,1,1,3,61,1,-1,-1,-1,-1,-1,3409.18,2972.23,3164.31,2321.1,2306.16,1985.14,1821.1,174.74,834.33,1352.01,597.4,430.13,1
1888,20000,1,1,2,38,-1,-1,0,0,-1,-1,9137.1,9674.94,10615.21,8326.47,9138.61,9563.63,4870.61,4447.27,1575.03,3602.85,5067.8,5023.55,0
1889,100000,1,2,1,58,-1,-1,-1,-1,-1,-1,74243.92,74253.59,72377.23,61896.62,51124.13,55877.07,34405.57,4645.79,17154.9,14416.18,26781.6,3677.04,0
1890,500000,2,2,1,40,0,0,0,-1,-1,0,149081.95,147518.34,147791.96,155959.24,130004.5,111037.98,66982.78,64582.93,29393.19,28673.99,17014.46,9362.26,0
1891,10000,2,2,2,26,2,0,-1,0,-1,0,7763.16,8213.29,7220.64,5407.43,5275.82,4069.5,1243.12,1317.83,3730.95,1652.66,1292.89,1398.2,1
1892,50000,2,1,2,62,0,0,-1,-1,-1,-1,33958.42,35383.49,33171.99,27931.66,28987.81,23516.35,9965.88,17581.98,6511.74,3864.15,10707.96,1229.08,0
1893,200000,2,1,1,45,0,-1,-1,-1,-1,-1,61902.72,63475.37,51179.22,38121.82,29581.74,28681.97,6224.35,14221.0,6314.81,6786.11,3295.46,11508.64,0
1894,20000,1,2,2,61,-1,-1,0,0,-1,-1,2221.22,1808.53,1837.31,1854.95,1932.62,1416.44,833.66,990.14,428.36,803.17,470.65,557.23,0
1895,100000,2,1,2,61,-1,0,-1,0,0,0,16145.6,16702.56,18001.41,14634.91,15492.13,15024.98,2682.25,7620.72,8798.23,7604.79,5757.61,2578.42,0
1896,100000,2,1,2,23,-1,-1,-1,0,0,0,80629.66,69356.24,57818.47,50519.03,43342.55,39487.82,17270.15,11478.85,15632.9,4250.62,12933.85,11422.46,0
1897,100000,2,1,1,64,-1,-1,-1,0,-1,-1,74554.17,60225.06,56389.53,57910.52,46711.87,33545.75,37172.7,32315.16,21897.93,21776.15,24535.39,15813.68,0
1898,20000,1,3,1,63,-1,1,-1,0,-1,0,8073.23,7649.92,7550.09,5791.96,4982.43,4306.24,4777.85,468.56,1230.75,2183.16,1877.8,692.93,1
1899,50000,1,2,2,39,-1,-1,-1,-1,0,-1,7468.17,8085.85,8002.19,8633.29,6687.78,5298.26,1933.3,3165.02,731.8,2248.78,2803.12,2022.46,0
1900,200000,2,1,2,30,0,0,0,-1,0,0,149781.14,159657.1,142407.67,122124.84,88378.6,66467.62,72926.47,81856.23,25450.0,58806.56,30057.51,19372.58,0
1901,100000,1,1,1,25,0,-1,-1,0,-1,-1,30419.36,33297.56,26835.68,22331.6,22753.7,24491.2,3729.4,4036.6,13442.03,7253.75,5001.17,6535.34,0
1902,10000,1,4,1,42,-1,-1,-1,0,-1,-1,8624.94,7537.85,8037.95,6239.88,5790.17,4727.16,2940.11,564.42,3443.56,803.22,2179.61,1092.63,0
1903,200000,1,2,1,29,2,0,-1,-1,-1,-1,103663.65,104557.01,86524.39,76747.57,68891.94,61838.98,36610.99,56338.34,8236.14,30383.58,41257.87,21615.19,0
1904,10000,2,2,1,53,-1,1,-1,-1,-1,-1,6721.43,5489.75,4684.43,5116.7,4019.65,3797.84,3619.61,1169.46,787.48,1945.39,644.58,714.69,1
1905,100000,1,2,2,35,-1,0,-1,0,0,0,46945.48,48871.93,53213.53,47700.29,43930.46,41803.53,8580.05,20324.48,9437.29,28438.43,19683.35,16728.35,0
1906,20000,1,2,3,44,0,-1,-1,-1,-1,-1,2442.98,2338.25,2221.6,1956.9,1684.22,1435.9,208.42,1194.09,455.42,333.94,743.79,162.03,0
1907,300000,1,2,1,50,0,1,-1,0,0,-1,45161.13,49626.92,52714.27,37060.81,33446.47,27018.29,10948.51,5491.52,21769.22,14213.18,16026.53,14106.4,0
1908,50000,2,2,1,56,1,-1,0,-1,-1,-1,44039.29,38402.19,41055.15,33462.77,24639.19,22814.83,20276.28,9892.25,5780.24,12204.75,7161.35,10735.27,0
1909,50000,2,2,2,59,-1,-1,0,0,-1,-1,21489.76,22250.38,24404.95,19308.31,20642.96,21011.82,1618.14,10008.32,2805.36,4403.46,1153.99,5855.51,0
1910,20000,2,1,1,26,-1,-1,-1,0,-1,0,4930.79,4197.51,3409.26,2439.64,2453.47,2595.76,642.77,387.0,1131.24,1147.59,1342.71,384.18,0
1911,50000,2,3,3,35,0,-1,0,0,-1,2,33811.82,29962.5,24446.4,21474.03,21398.38,20041.6,2534.44,13831.21,5619.09,5467.69,4105.32,5356.42,0
1912,200000,2,2,2,58,-1,0,2,-1,-1,-1,161150.73,143209.65,122761.69,92592.22,86361.82,78720.41,52059.33,76523.52,21127.56,38224.83,23365.04,33126.3,0
1913,500000,1,1,2,59,-1,-1,-1,-1,-1,0,156793.34,152616.38,152146.24,137112.91,108464.83,117832.41,78983.84,74347.35,22175.48,36668.67,54969.26,29620.96,0
1914,50000,1,3,1,42,0,1,-1,0,-1,-1,27844.97,25325.91,22251.09,19622.29,14548.65,11365.82,5473.64,4596.44,4308.9,9543.32,7704.53,1083.24,1
1915,50000,1,3,1,23,-1,0,2,-1,-1,1,14815.48,13802.32,13094.09,10332.35,8726.29,6167.12,996.9,7056.26,931.78,6187.4,3737.67,678.47,0
1916,100000,1,4,2,49,-1,0,0,-1,-1,-1,75804.16,72509.85,75113.48,76565.92,66238.84,59416.78,11148.27,31147.17,16648.09,32810.31,19331.62,25733.48,0
1917,200000,1,3,2,49,-1,0,0,-1,0,2,33887.91,27681.88,23688.43,25363.8,25475.7,18423.3,3255.22,12760.03,6177.46,12176.25,10306.38,9602.95,0
1918,100000,2,4,1,51,-1,0,0,-1,0,-1,39802.03,39786.46,35241.47,26558.81,20164.84,14592.82,14105.98,18347.82,6137.35,2166.27,5795.28,7385.28,0
1919,50000,2,1,3,22,-1,-1,-1,-1,-1,0,20195.84,20090.42,20457.22,15116.84,15521.01,11069.17,6565.15,5976.05,8283.01,8174.93,2527.88,5084.91,0
1920,50000,2,3,2,55,0,0,0,-1,-1,-1,30476.98,33202.86,26638.84,22321.19,19579.18,18547.88,5631.49,18115.37,13914.8,11342.75,4618.6,8680.74,0
1921,100000,2,3,2,29,-1,2,0,-1,0,-1,24256.78,20376.09,20930.61,19762.18,20157.09,19155.62,12449.59,2407.48,9551.86,2494.78,7706.17,11289.83,0
1922,10000,1,1,1,42,2,0,-1,0,0,0,4800.05,3884.64,3895.84,3711.93,3332.9,2673.89,1324.62,2242.58,620.26,1445.34,323.84,363.1,1
1923,100000,1,1,2,39,-1,-1,0,0,-1,-1,54163.66,45495.75,38165.28,36256.45,26126.95,22989.68,31576.97,2442.77,4651.12,19049.59,1611.4,8044.77,0
1924,50000,2,4,2,57,2,-1,1,-1,-1,0,40635.23,37658.27,32881.6,30589.26,28852.72,25030.88,7242.36,17795.41,18361.31,12119.35,1517.48,4870.39,1
1925,200000,2,1,1,30,0,2,0,-1,-1,-1,104264.37,90103.19,72498.94,61936.77,53939.48,48393.35,40913.48,13729.29,21744.32,33153.69,6024.33,8548.76,0
1926,10000,1,3,2,41,-1,-1,-1,-1,-1,1,2055.39,1777.69,1732.23,1754.4,1550.4,1209.01,1002.06,152.03,909.89,773.2,194.45,332.61,0
1927,100000,2,1,1,37,-1,0,0,0,-1,-1,18106.77,19208.01,17654.62,19089.7,19338.54,19823.85,2788.36,6235.04,7210.91,5572.11,8157.05,4661.44,0
1928,50000,2,1,1,23,-1,-1,-1,-1,0,-1,41965.51,37649.33,34902.05,32663.1,25772.16,21011.32,20407.54,12521.16,15762.06,18832.88,7024.79,8610.77,0
1929,100000,2,2,1,27,0,-1,2,-1,-1,-1,88373.49,81748.94,67929.73,53513.09,38008.18,31572.91,47399.89,34153.45,10676.49,29829.66,2834.45,8781.53,0
1930,10000,2,1,2,61,-1,0,0,-1,-1,0,2336.25,2348.51,2127.03,1966.88,1601.95,1538.3,974.8,885.37,1034.16,170.04,246.39,318.2,0
1931,100000,1,2,2,57,0,-1,-1,-1,0,0,70108.33,63236.5,68023.46,68174.22,51951.77,56763.29,38052.1,4248.73,18489.34,9428.78,17232.73,5453.24,0
1932,100000,1,2,1,56,0,-1,-1,-1,-1,0,30057.21,29044.49,23799.66,24558.25,20568.17,16079.45,7990.96,4717.2,6029.21,9051.46,8055.56,3376.06,0
1933,100000,2,1,1,23,0,-1,0,0,0,0,76633.27,73327.54,80109.42,79092.06,61945.55,52229.75,20765.14,32543.09,31146.83,30869.27,36679.25,16512.14,0
1934,100000,1,1,1,33,0,0,-1,-1,1,2,17728.6,15573.79,16421.04,17343.9,12813.88,10888.1,1066.15,8851.08,3322.25,9447.36,4297.05,4179.78,0
1935,100000,2,2,1,61,-1,-1,-1,1,-1,0,44969.67,45649.98,39299.93,42475.68,43793.66,39925.8,22009.94,21517.0,7794.25,5744.51,5055.23,16035.06,0
1936,200000,2,1,2,50,1,-1,-1,1,-1,1,115371.26,121166.83,122575.59,109926.25,86157.45,89089.59,7870.04,71741.2,11418.18,28372.83,34994.38,14716.85,1
1937,50000,1,2,1,43,1,0,0,-1,-1,0,39100.07,40470.01,33480.19,30680.82,25941.35,25687.92,7629.71,4790.0,8971.62,18032.15,9947.43,7060.99,1
1938,200000,2,2,1,27,3,-1,-1,1,0,0,157076.26,144288.2,122341.92,102156.21,71585.91,55992.05,61437.42,83276.04,47171.66,53434.63,17078.11,15214.43,0
1939,50000,2,1,2,50,-1,-1,0,-1,-1,-1,12371.78,13360.13,12643.87,12183.08,12288.84,12105.69,4753.58,3416.31,2468.44,6697.15,5066.96,704.57,0
1940,10000,1,2,2,49,1,0,-1,-1,-1,0,8736.95,9345.82,8599.43,8068.51,7143.14,5360.38,2745.68,3347.87,4662.38,543.67,4010.0,2874.63,1
1941,10000,2,1,2,28,2,0,-1,-1,0,-1,6108.42,5375.72,5614.99,4331.88,4530.59,3518.97,2380.53,3155.76,3292.68,740.89,276.25,1480.25,1
1942,50000,2,1,1,30,0,-1,-1,-1,0,-1,31350.92,26246.44,28392.78,27760.83,20019.21,17166.58,7124.12,7772.9,3691.4,8460.34,3276.12,7110.72,0
1943,200000,2,1,1,53,0,1,-1,-1,-1,-1,162238.89,173294.23,187650.72,191780.52,146812.84,123017.02,26288.32,38658.27,63588.18,101749.4,16902.34,45279.33,0
1944,100000,1,3,2,40,3,0,1,-1,0,0,35623.7,36459.33,30775.35,23771.42,19090.29,20004.85,7521.52,17679.59,6646.52,7023.71,8360.13,6070.12,1
1945,200000,2,3,1,49,3,-1,2,-1,-1,-1,86434.89,77212.04,77665.16,59467.09,62753.45,68953.66,16090.48,33788.28,20693.91,8228.25,25956.37,11972.94,1
1946,100000,2,3,1,49,0,0,-1,-1,0,-1,88799.1,79161.11,76884.13,73472.99,61836.07,48308.84,25398.35,4908.9,22595.05,28454.19,6277.89,12842.21,0
1947,50000,1,1,2,41,-1,-1,-1,-1,1,-1,5661.52,5076.41,4624.96,3452.39,2674.77,2575.72,2644.21,1608.35,1377.8,1869.44,333.05,378.67,0
1948,20000,1,1,2,21,1,-1,2,-1,-1,-1,15874.54,16801.62,18455.71,18895.46,19284.46,17991.98,3632.87,9371.13,4754.44,1651.39,10002.7,8969.04,1
1949,50000,2,2,1,54,-1,1,-1,0,0,-1,38700.25,33749.3,31616.8,30263.21,24843.96,25035.9,9508.16,11842.89,7789.73,9762.82,9338.33,4156.71,0
1950,50000,1,2,1,64,-1,-1,-1,0,0,-1,15496.52,15424.09,15417.91,10992.38,9231.96,9046.15,6719.13,5975.29,1424.65,6475.4,3052.92,1831.78,0
1951,10000,2,4,3,52,3,1,-1,0,0,-1,7573.56,7954.76,7563.8,7625.55,7334.62,5942.5,4182.87,2532.01,1994.14,699.2,2489.72,338.67,1
1952,20000,2,1,1,34,1,-1,0,1,2,-1,7283.89,6673.53,5544.84,5012.31,4278.14,4433.48,1407.01,2484.45,3291.81,1360.86,602.91,1134.69,1
1953,100000,2,1,2,57,2,-1,-1,-1,-1,-1,60318.17,49367.25,41583.52,37361.22,26398.98,23535.69,27421.03,10498.75,12564.41,6361.64,7096.77,10364.94,1
1954,100000,1,2,3,55,0,-1,0,0,-1,-1,45750.26,47015.54,48192.95,39747.49,43549.83,46736.69,17984.51,7606.59,12222.61,4545.59,16126.33,6919.14,0
1955,500000,2,3,3,44,0,-1,-1,-1,-1,-1,90531.72,72965.02,75920.48,61752.88,49122.12,45394.99,30480.94,19386.53,35581.15,27666.32,15718.72,15037.16,0
1956,300000,1,3,2,21,3,0,-1,-1,1,-1,244886.14,256950.09,233605.0,210273.59,167744.74,136934.39,14815.41,45676.56,126052.7,17879.22,47920.14,77546.12,0
1957,100000,2,2,1,26,-1,0,-1,-1,-1,-1,53620.79,48701.53,39939.52,28007.96,21106.12,22340.28,13909.71,26827.3,16547.89,15485.95,4365.81,6505.08,0
1958,50000,2,4,1,24,1,0,1,-1,0,0,24272.44,25252.96,27452.53,27947.9,21329.45,21980.04,3955.39,3326.56,6810.62,16007.0,5393.09,10705.64,1
1959,100000,2,2,2,58,0,0,1,0,0,-1,80359.81,77435.39,73495.61,74495.47,67104.66,72390.85,10213.84,14094.39,20007.29,27527.99,28336.76,35406.91,0
1960,200000,2,3,2,21,-1,0,0,0,-1,0,72483.3,65797.79,55286.23,54966.86,59138.66,62534.06,14607.37,31855.5,15490.25,21493.13,34593.91,25559.98,0
1961,20000,2,4,2,61,-1,1,-1,0,-1,2,11125.48,11902.02,10230.24,9626.71,9423.4,7520.62,4552.31,1262.96,1092.78,5290.54,5115.41,1890.24,0
1962,50000,1,3,2,51,-1,-1,-1,-1,-1,0,40291.01,41504.31,33768.24,27630.23,26608.78,27303.89,13946.78,20265.25,11666.31,10074.04,13019.52,12772.72,0
1963,200000,2,1,2,56,0,0,-1,-1,-1,0,74860.95,61701.31,62500.76,60200.31,50844.81,47675.86,21733.6,22709.52,9498.77,9904.84,22495.29,27030.93,0
1964,50000,2,1,2,29,-1,-1,-1,-1,0,-1,36741.42,39650.52,40095.72,30138.31,30899.05,26614.18,4768.51,12026.18,16737.85,7451.98,9082.62,5314.2,0
1965,100000,1,2,2,61,0,0,1,-1,-1,-1,51149.65,48085.9,47160.31,37980.96,33778.04,23747.71,24452.46,25429.08,22024.65,12116.71,9010.12,7738.59,0
1966,100000,1,2,2,43,0,1,-1,-1,1,-1,22621.33,19107.99,18418.0,13225.57,11678.29,11433.6,7117.05,5145.37,6876.14,5799.81,4813.4,4346.76,0
1967,20000,2,3,2,51,0,-1,0,2,-1,0,2649.47,2732.56,2498.78,2608.2,2863.3,2982.28,1072.67,547.63,507.68,798.22,433.9,1124.05,0
1968,50000,1,1,1,49,-1,0,-1,1,-1,0,34069.02,32545.58,35318.14,36425.04,34369.87,32364.97,2393.24,11347.29,17701.61,20804.78,19315.72,9036.2,0
1969,50000,2,1,2,41,0,2,0,0,-1,-1,15475.0,15503.17,16125.72,14196.12,14867.21,12254.87,8368.3,5531.07,2596.9,5370.69,1707.59,4276.71,0
1970,10000,2,2,2,23,-1,-1,0,-1,0,-1,7525.83,7587.63,8136.11,7119.43,6477.45,4683.56,2520.41,892.02,1385.11,2476.38,733.37,378.04,0
1971,10000,1,1,1,46,-1,1,-1,-1,-1,0,2511.43,2157.71,1927.91,2063.63,1578.04,1520.58,608.25,1039.86,241.5,983.56,237.61,129.91,1
1972,200000,2,1,2,26,-1,-1,-1,-1,0,-1,110857.02,120973.81,132283.05,128322.57,140500.89,121040.28,55961.14,30946.65,61879.21,20947.03,12448.37,68081.71,0
1973,50000,1,2,2,40,0,0,-1,-1,-1,0,8738.77,7267.71,6174.69,6074.18,5845.0,5253.14,4338.45,867.34,2158.18,2000.34,462.98,1854.93,0
1974,100000,2,2,2,33,-1,1,1,-1,-1,0,68861.42,67603.9,55224.39,46592.89,35386.1,32757.46,11776.99,7077.28,6093.7,2767.35,4735.82,5155.04,1
1975,50000,2,1,1,61,-1,-1,-1,-1,-1,-1,35628.12,30066.54,26938.18,21999.19,21911.64,22074.39,9053.27,10849.55,10101.73,6442.77,5042.71,4314.85,0
1976,300000,2,3,2,43,-1,-1,-1,0,-1,-1,249971.05,265766.66,228661.93,170524.38,149321.77,136586.78,95754.01,67928.25,119375.55,22875.54,54159.38,59710.17,0
1977,50000,2,2,1,35,2,-1,0,2,-1,-1,27454.39,23390.42,22343.87,16288.87,16760.52,15258.78,16451.31,5252.01,6669.95,7970.67,5816.9,6570.92,1
1978,50000,2,3,2,51,2,-1,-1,-1,-1,-1,9257.67,8631.03,7811.59,8297.54,6727.9,6004.67,4467.26,2614.88,3958.72,2137.97,610.58,2473.76,1
1979,200000,2,2,1,24,-1,-1,-1,1,-1,0,152442.43,125926.84,107229.7,113936.13,122701.03,106880.16,11805.61,61172.01,60562.32,35026.13,53294.46,20036.71,0
1980,200000,1,1,2,31,-1,0,-1,2,-1,-1,70223.06,65617.13,69113.05,54655.11,44756.82,42483.35,31946.51,9434.39,13589.41,3695.3,9447.67,21600.06,0
1981,20000,1,1,2,22,2,2,-1,-1,-1,-1,16393.49,13134.77,12509.44,8943.63,9828.24,6975.69,5243.72,1514.15,4508.15,611.99,2723.86,597.7,1
1982,200000,2,1,1,36,-1,0,-1,0,-1,-1,176453.53,164638.39,137120.56,114986.5,112694.77,111487.19,10599.17,87094.57,74073.98,22306.57,28407.34,31441.43,0
1983,50000,2,2,3,51,-1,0,0,-1,0,-1,10299.54,10365.13,8526.35,9214.91,10030.58,8283.93,3080.21,5143.83,3285.69,4007.33,3234.12,3893.35,0
1984,50000,2,1,2,59,-1,0,-1,-1,-1,0,8318.39,7110.96,6506.21,5348.25,5292.97,4494.02,1913.78,995.17,1884.24,2488.2,360.16,813.61,0
1985,20000,2,2,1,63,3,0,-1,-1,-1,0,16361.65,15803.65,16947.75,17728.97,17758.47,16793.98,1757.36,5645.26,6405.55,10572.26,2776.56,3060.62,1
1986,10000,1,2,1,64,0,0,-1,-1,0,-1,8191.01,7718.51,7351.11,7546.25,5648.76,4513.08,2811.81,2694.1,3387.39,3628.29,760.11,228.99,0
1987,100000,2,1,1,24,-1,0,-1,0,-1,0,56815.82,51162.32,43065.4,46414.45,32768.76,31573.06,32267.36,24342.07,8658.56,18809.37,16109.16,10161.98,0
1988,50000,2,1,1,48,-1,-1,-1,0,-1,-1,40524.85,40575.09,35462.21,31869.28,23409.94,17582.6,21521.72,9375.45,4562.01,13881.7,8322.16,9762.5,0
1989,50000,1,2,2,36,3,-1,-1,-1,-1,2,42220.86,46381.37,37793.58,40393.1,35340.32,33919.29,15126.48,3954.95,5831.24,10922.48,16551.89,11260.26,1
1990,100000,1,3,3,59,0,0,-1,-1,0,0,54431.17,58858.26,61774.8,61572.82,53003.85,52309.42,8907.9,8992.9,27799.43,35754.68,23241.58,29473.75,0
1991,200000,2,1,1,45,0,-1,-1,-1,-1,1,129844.51,141664.38,153538.07,160784.29,124372.82,121862.86,14679.15,23598.48,17067.8,62627.54,24523.31,20532.32,0
1992,20000,1,1,2,33,-1,-1,-1,-1,-1,0,11817.16,9525.39,7842.67,7790.43,5588.73,5642.78,5035.15,2912.87,1787.3,470.66,1848.59,1507.57,0
1993,100000,1,4,2,25,1,0,-1,-1,-1,0,23967.93,21017.92,17905.05,15836.56,15469.76,14027.22,6365.21,6871.48,9105.82,3824.49,2007.52,8351.47,1
1994,20000,1,1,1,50,-1,2,-1,0,-1,-1,8979.77,9669.66,8231.98,8788.68,6847.62,7161.97,3026.6,1574.74,4419.23,1121.24,3283.77,3507.52,1
1995,200000,2,4,1,21,1,0,-1,-1,1,-1,129021.49,105086.44,109406.74,111618.67,121823.22,96657.07,61622.82,23679.07,63717.46,20047.12,19814.87,35434.13,0
1996,100000,2,1,1,25,-1,-1,-1,-1,0,0,58821.51,53494.79,56264.85,53815.05,39897.3,34045.83,22436.68,25746.12,21638.0,19439.88,23604.85,3332.84,0
1997,300000,2,3,2,34,-1,0,0,0,-1,-1,81623.48,81269.29,75237.65,67203.33,56815.32,61508.36,7525.63,6000.43,13649.52,19613.44,33243.67,7489.32,0
1998,10000,2,1,2,31,0,2,0,0,-1,-1,8278.07,9063.63,9886.6,7294.84,6503.86,6605.16,4903.26,4158.57,4111.53,2173.87,918.08,1929.63,1
1999,10000,1,3,2,54,1,0,0,1,-1,1,7272.55,6419.71,5635.49,5783.09,4553.59,4540.15,939.35,3773.34,867.81,1660.52,245.81,2261.96,1
2000,50000,2,1,1,49,-1,-1,2,0,1,-1,7738.3,7964.69,7626.48,6608.7,5956.67,5864.24,4558.23,3734.15,1390.45,1056.48,681.3,2684.42,1
2001,50000,1,2,2,38,-1,0,1,-1,-1,-1,18763.13,18727.69,20579.6,17364.48,13019.72,9689.22,6177.38,10534.96,11541.1,1886.63,3577.55,5038.35,0
2002,20000,1,1,2,35,0,-1,-1,-1,0,-1,17928.61,17642.48,18491.63,14650.13,10264.71,11088.49,9168.24,3436.51,1023.74,4227.74,4915.34,3025.77,0
2003,300000,2,1,2,45,0,1,-1,1,-1,-1,123554.41,126381.38,119576.42,109609.94,107338.93,87695.36,14601.65,42309.91,42110.36,21705.27,55310.46,32237.62,0
2004,20000,2,2,1,50,0,0,0,-1,0,-1,12614.88,11052.88,9202.16,9496.16,9817.31,7439.06,6606.72,3073.2,755.33,2086.63,3096.08,1632.11,0
2005,50000,1,2,2,22,0,0,-1,1,-1,-1,9027.1,8138.88,8719.23,7113.49,6614.68,4679.56,1093.89,1629.53,1504.24,770.33,3503.65,1619.0,0
2006,200000,1,3,2,60,-1,0,0,-1,-1,-1,69747.84,67525.62,65002.71,69440.06,54954.9,46970.06,37631.99,4883.51,15904.04,33145.84,29477.05,18269.95,0
2007,50000,2,2,1,47,0,2,2,0,-1,0,40282.15,37530.66,33496.27,28765.86,24676.08,23912.16,11821.26,17551.0,3674.71,2416.62,9424.67,7982.13,1
2008,200000,1,3,1,35,-1,-1,0,-1,2,0,101686.31,103374.07,96692.55,105178.87,99974.42,85649.61,53260.91,46362.07,6673.49,45890.58,23848.49,13613.43,0
2009,10000,1,2,2,52,2,-1,-1,0,-1,2,7600.9,7906.37,7062.59,6855.31,4887.97,5002.84,1532.62,2856.43,1734.11,2726.01,2246.86,1183.98,1
2010,50000,1,4,2,40,0,-1,0,-1,-1,-1,5306.38,5085.65,4909.26,4157.58,3067.01,2369.65,2332.25,2978.47,1627.57,311.66,1284.16,938.68,0
2011,10000,1,4,2,34,0,0,-1,-1,0,-1,6329.13,5811.32,5124.89,5603.83,6070.5,4661.47,3010.88,3062.16,2530.33,2834.93,1865.66,1704.44,0
2012,10000,2,1,2,47,-1,0,1,0,0,0,3399.43,3649.47,3407.85,3195.63,3104.27,2503.7,1104.57,1311.83,803.86,1169.91,1469.95,742.69,1
2013,300000,1,3,2,23,-1,0,-1,-1,0,-1,236586.38,242490.32,225001.46,226679.53,221873.69,160128.64,124371.23,134898.85,49730.98,101042.96,110963.22,13495.11,0
2014,20000,1,3,1,23,0,0,-1,0,-1,0,17104.75,17138.49,16878.34,14865.03,11015.01,11407.4,7279.68,6132.23,949.63,5535.25,4487.63,3417.1,0
2015,100000,2,1,1,33,-1,-1,0,-1,1,2,65009.52,53125.11,42725.86,31946.84,25339.58,19105.53,14497.55,27128.49,16634.65,5869.91,1484.64,6908.05,0
2016,50000,2,2,3,45,2,-1,-1,2,0,0,10843.15,10391.57,10179.85,11051.37,9465.05,8064.44,6085.66,3385.16,4795.68,2399.03,2897.64,1373.65,1
2017,50000,1,1,1,38,0,-1,-1,-1,0,2,23724.29,19844.2,19406.32,16081.84,12577.51,11133.48,5621.59,9793.47,1008.76,9625.23,3649.35,644.89,0
2018,200000,1,3,1,21,-1,0,-1,0,1,-1,94319.26,94144.96,86395.56,92198.51,94391.37,74942.9,42636.36,27850.53,4589.33,45537.66,51124.48,24856.74,0
2019,10000,1,1,2,59,-1,0,-1,1,-1,-1,7642.39,6800.87,5944.43,6319.07,5956.22,6276.82,3293.51,2477.91,3128.66,3229.5,1969.55,1623.0,0
2020,100000,2,1,2,25,0,0,1,-1,-1,-1,46849.25,47858.92,50336.83,37148.57,28928.79,28764.0,5744.66,7549.66,10200.86,7148.75,7410.63,12351.88,0
2021,300000,2,2,1,22,-1,-1,-1,2,-1,0,109832.37,113505.78,102545.1,76486.46,77126.12,54856.54,31346.99,44273.17,34790.52,36724.69,17126.51,6538.3,0
2022,100000,2,2,1,50,0,-1,-1,0,0,-1,58908.13,52435.47,46852.08,44266.75,40561.1,35509.74,21551.31,25634.21,19323.27,10567.42,15335.99,12356.68,0
2023,300000,2,3,2,37,0,1,0,-1,-1,0,185299.74,202510.38,190147.14,135832.78,106376.16,80325.73,28249.16,103422.12,76929.91,31399.35,9486.15,43759.22,0
2024,10000,2,4,1,49,-1,-1,-1,-1,-1,-1,7479.58,7143.07,6310.16,5480.15,5683.69,5431.22,782.92,3378.31,2256.55,1219.97,3021.24,3036.02,0
2025,50000,2,2,2,62,0,-1,-1,0,0,0,41017.66,35495.08,37242.47,33932.21,26602.37,23870.41,14373.56,1991.64,5971.39,3729.74,10406.4,12740.95,0
2026,50000,2,1,1,24,0,-1,-1,1,-1,-1,40598.27,41920.12,40640.9,31647.7,30896.1,31619.2,5451.86,23596.67,18962.96,3391.12,5660.05,15526.31,0
2027,100000,1,2,2,29,3,0,-1,-1,0,-1,60137.93,61835.2,63462.31,63974.35,55015.62,53566.43,29073.07,5076.34,23028.97,27579.66,11389.45,30313.85,1
2028,500000,2,2,2,41,0,-1,-1,-1,0,2,259711.82,240017.41,245685.34,214393.01,214346.77,220222.49,135168.55,105627.25,55802.24,70453.55,117226.15,128360.76,0
2029,50000,1,2,2,63,0,-1,-1,-1,-1,-1,37048.85,36959.32,38306.94,33298.62,28949.3,30412.19,3762.86,18559.27,16501.95,16511.9,1971.89,6278.14,0
2030,100000,1,1,1,32,-1,0,0,-1,2,-1,34543.17,27859.69,29552.49,23457.01,19109.18,14757.17,15084.17,13146.81,3934.02,11291.48,4136.87,4696.52,0
2031,20000,2,2,2,32,-1,-1,-1,-1,-1,0,14126.9,12535.77,13486.47,14229.84,15430.87,14403.53,6395.6,5948.91,3395.01,3396.9,3264.87,6341.64,0
2032,100000,1,1,1,24,-1,-1,0,-1,-1,-1,50488.23,53741.8,49178.19,34645.47,34766.35,26550.15,4363.34,9297.61,7818.24,4278.87,15998.4,8746.5,0
2033,50000,2,2,1,48,0,0,0,0,1,-1,9946.03,8649.41,8070.89,5671.88,5848.04,4662.88,3759.36,845.62,2004.09,1151.61,946.67,2560.57,0
2034,500000,2,2,2,29,-1,0,-1,-1,0,0,351146.72,376315.46,306703.74,336816.45,277925.95,219832.5,137636.03,116801.59,108792.29,118033.07,23948.8,128827.29,0
2035,100000,2,3,2,60,0,-1,1,0,-1,0,61877.59,60266.48,64949.91,46012.75,38612.98,32482.9,20518.75,23951.83,19634.5,22569.36,10195.51,10488.29,0
2036,50000,2,2,2,52,-1,-1,-1,-1,-1,-1,8296.96,8884.99,8673.03,6609.34,5083.39,5160.39,3563.01,4472.82,3157.32,1951.43,2263.78,1196.74,0
2037,20000,1,1,1,33,0,-1,0,0,2,0,9205.9,7726.15,7831.96,8248.38,7247.83,5993.58,1710.66,1884.18,1696.52,3106.86,599.46,1641.56,0
2038,20000,2,3,1,54,0,0,-1,-1,-1,-1,9783.92,9188.84,8552.99,8093.6,8893.13,8875.74,1895.34,4623.52,851.12,2868.65,1284.39,3756.42,1
2039,20000,2,2,3,39,0,0,-1,-1,-1,-1,12456.19,11072.78,10432.27,9910.63,9274.32,6495.03,6951.91,3608.21,1178.84,1668.18,3688.91,2919.1,0
2040,50000,2,1,2,34,2,-1,1,0,0,-1,32139.53,34263.19,32993.84,29374.11,29071.55,27078.59,13611.8,16528.07,8238.75,8563.0,12753.16,6984.52,1
2041,200000,2,2,2,25,0,-1,2,-1,-1,-1,50484.19,45560.36,47319.31,35974.09,35794.12,29082.03,13547.21,7964.63,13287.9,14930.04,1832.39,14992.02,0
2042,100000,1,2,2,47,-1,-1,-1,-1,-1,-1,12695.92,12398.06,12198.33,10330.14,8069.06,8042.86,5324.75,5836.58,5446.28,800.96,4559.52,959.57,0
2043,100000,2,3,1,48,0,-1,-1,0,-1,2,73525.84,77076.6,80418.88,79386.83,57349.92,62880.69,33934.35,12872.14,16928.55,30211.58,14833.51,3966.97,0
2044,20000,1,2,2,46,0,-1,1,-1,2,-1,17705.51,15380.9,13304.57,11896.22,8905.96,8130.39,3828.16,1454.27,5861.71,6479.51,2216.61,4787.72,0
2045,200000,2,2,1,30,1,1,0,1,-1,0,170509.98,138747.75,119566.1,118600.31,117162.46,106989.2,57261.23,66911.26,45997.96,65564.02,59886.3,59504.03,0
2046,100000,1,1,2,44,1,0,-1,0,-1,-1,50063.97,47472.76,40923.61,28765.24,25380.06,27658.34,5661.6,22772.31,8450.24,14902.19,2798.36,6034.2,1
2047,10000,2,2,2,37,-1,-1,-1,-1,0,-1,5231.46,5258.14,4214.15,4055.31,4306.22,3633.12,1991.47,581.58,2472.32,693.05,765.51,2091.95,0
2048,100000,1,4,2,36,1,1,0,-1,-1,-1,84446.07,85778.52,73230.76,68630.36,58102.53,49881.96,36174.07,24369.45,14426.45,35853.8,30194.36,11078.55,1
2049,100000,1,3,2,37,-1,-1,0,0,-1,-1,53531.71,49525.33,41384.56,45099.07,33421.51,32707.87,24557.83,3321.88,14132.48,5013.97,12028.81,10127.23,0
2050,10000,2,1,1,21,1,-1,1,-1,-1,0,3221.32,2653.03,2483.57,2639.56,2870.22,2575.4,1862.79,1186.15,1273.26,600.55,1114.76,877.2,1
2051,50000,2,1,2,41,-1,2,-1,0,0,0,32103.63,29565.66,24781.11,23297.48,20042.41,20193.78,4549.89,14144.55,4199.31,6252.75,4370.08,8103.19,1
2052,50000,2,1,1,63,-1,-1,0,-1,-1,0,24087.93,20151.9,18635.58,17340.03,18021.15,15580.09,2124.35,8446.34,1627.37,2831.93,6196.52,5283.46,0
2053,20000,2,2,1,42,1,2,-1,0,-1,-1,14560.01,11963.46,13158.02,9697.83,6967.11,6796.87,8275.53,4064.03,4197.43,5145.98,3566.52,3747.03,1
2054,300000,2,2,1,25,0,0,0,1,-1,-1,217993.63,194238.98,184723.24,198840.97,167769.8,169119.81,88665.9,24244.81,72011.22,90453.41,99030.84,60534.94,0
2055,200000,2,2,2,56,3,2,0,-1,-1,-1,169753.4,175383.43,188957.09,185699.09,174140.24,166674.83,61063.34,104019.19,22469.11,82235.06,45901.06,11096.3,0
2056,100000,1,2,1,41,-1,0,-1,2,2,-1,21025.63,21666.98,21896.05,19725.85,17943.38,14011.52,5946.06,4135.9,2386.31,11047.99,2479.94,2061.64,0
2057,50000,2,3,2,29,0,-1,0,-1,-1,1,25853.2,25398.47,27133.09,28299.26,28046.8,25424.29,7560.5,12984.36,2577.95,13260.72,6977.42,14669.59,0
2058,50000,1,2,2,47,0,1,-1,-1,0,-1,36434.44,38178.62,37708.04,37416.92,39408.15,42820.49,7772.79,3512.96,15520.4,10674.92,9483.84,3190.12,1
2059,100000,2,1,2,32,-1,-1,-1,-1,0,-1,44787.31,42559.01,44390.26,41079.97,41221.29,30573.8,17626.42,6596.07,25023.79,5059.31,10100.87,14242.86,0
2060,100000,2,2,1,38,-1,0,-1,-1,0,-1,60150.71,52513.58,46781.2,42835.19,35298.18,34665.43,3517.15,22477.63,26129.6,21652.97,6704.27,20353.49,0
2061,10000,2,4,1,55,-1,0,0,-1,-1,-1,7536.25,7317.64,6670.56,7140.92,7767.43,7885.87,2632.15,534.76,3299.78,3159.68,2721.23,524.57,0
2062,100000,2,2,2,35,3,0,-1,-1,-1,0,47869.32,51554.0,56094.77,57196.49,61064.54,59233.26,3922.98,2780.68,14349.39,21910.79,35601.39,30977.45,0
2063,200000,2,2,2,64,1,0,-1,-1,2,0,85325.06,69184.87,60900.68,52449.74,49932.91,37202.37,38242.16,26883.27,22181.98,24117.45,3953.07,16269.95,0
2064,50000,2,2,1,50,-1,0,-1,-1,-1,-1,12222.28,13315.65,12335.78,11737.88,10610.94,7745.06,7078.89,5601.26,7400.61,5461.03,3871.24,526.74,0
2065,10000,1,3,2,53,-1,0,0,-1,0,2,7596.4,7773.36,7737.19,6023.75,5460.94,4929.49,1153.59,3420.68,3932.85,2761.74,3143.81,1870.27,0
2066,200000,2,2,2,56,-1,0,-1,-1,-1,-1,147324.63,148189.8,135996.89,145965.85,145101.68,120202.7,29602.54,77824.83,13280.95,43752.46,40865.71,66577.5,0
2067,20000,1,1,2,60,0,-1,0,1,-1,-1,13890.41,13670.25,11022.09,10780.72,9631.17,8246.25,4809.86,3066.89,564.19,3707.91,3370.59,2431.59,0
2068,50000,2,4,3,50,3,1,1,1,-1,2,20732.64,18189.18,18874.35,20460.0,22395.21,18120.55,6622.67,1776.87,4934.81,10061.57,2459.11,8315.72,1
2069,20000,1,3,2,46,0,0,-1,0,-1,-1,11331.05,12075.76,10876.57,8883.82,8743.45,8987.14,5653.6,3245.21,705.03,4983.4,3292.56,2059.14,0
2070,50000,1,1,2,41,-1,0,0,-1,1,-1,9959.47,10870.15,9438.54,7796.91,6200.64,6448.78,1186.39,2063.9,4424.22,2601.91,1628.83,1719.2,0
2071,200000,1,2,1,57,0,2,-1,-1,0,-1,71123.01,76616.56,72913.66,75308.43,72551.48,51259.57,25195.22,44213.66,28055.42,32470.68,32642.49,21975.67,0
2072,100000,2,2,2,63,3,-1,-1,-1,1,-1,44842.16,37337.55,29964.5,24113.41,21551.95,22097.8,24986.63,5990.91,12412.79,7933.03,7004.47,1476.73,1
2073,20000,2,1,2,51,0,-1,-1,-1,0,-1,2696.63,2753.13,2916.03,2458.38,1878.06,1820.49,1124.18,1197.45,1627.46,686.62,204.7,824.8,0
2074,200000,1,4,1,37,3,0,-1,2,-1,0,36574.02,35366.95,31066.51,32735.43,29708.53,26195.66,7236.99,19709.56,18387.43,15694.1,4071.22,5098.92,0
2075,200000,2,2,2,37,-1,-1,1,0,-1,0,152755.92,158331.68,170495.36,154656.51,161398.52,118321.38,12899.26,66210.88,38768.54,20300.07,86466.06,61128.86,0
2076,200000,1,3,1,54,0,0,1,-1,0,0,175392.63,158850.63,159379.13,130715.51,92788.75,89770.89,49193.63,13743.26,20204.99,38504.53,35183.86,32097.78,0
2077,20000,2,1,1,44,0,1,1,-1,-1,-1,7151.84,7774.7,7499.43,6477.5,6739.82,5427.9,2194.47,4348.91,483.92,2420.37,597.02,1132.25,1
2078,50000,2,2,1,53,0,-1,2,0,0,-1,9269.63,8285.03,8631.98,8500.47,8280.0,7616.53,1141.76,1089.08,4566.77,3734.67,1805.39,3239.15,0
2079,500000,2,1,2,24,0,2,-1,0,0,-1,424156.94,433231.17,475677.84,363163.68,359628.2,283641.28,133232.76,69264.13,99412.33,194788.43,167713.89,156848.95,0
2080,200000,2,2,2,29,-1,2,-1,-1,0,0,166289.85,158165.44,138452.13,150201.73,158771.12,166890.83,70207.42,71308.68,9490.53,20838.22,58555.07,55838.04,0
2081,10000,1,2,2,22,-1,-1,-1,-1,0,0,6237.27,6144.12,5569.82,4997.07,5384.28,4520.92,1943.16,1972.03,2107.5,1388.6,2871.06,2369.63,0
2082,10000,2,2,2,55,2,0,0,-1,0,-1,3708.73,3095.67,2926.43,2943.89,2408.27,2347.29,647.75,1479.45,791.78,515.15,500.53,1325.62,1
2083,50000,2,1,1,58,-1,-1,-1,-1,-1,0,9502.81,9343.65,8987.13,8814.45,9410.76,8445.32,5484.28,1312.25,4753.75,3098.75,4988.12,2166.18,0
2084,300000,2,1,2,35,3,0,1,0,-1,-1,255478.4,247574.03,239129.57,232504.59,182891.86,194914.12,28927.45,129026.42,25367.68,37777.35,51843.44,98654.65,1
2085,100000,2,1,2,63,0,-1,0,-1,-1,-1,83630.44,84941.6,81942.46,71127.65,53896.99,42641.2,32165.0,18457.77,30925.9,12937.39,31467.02,20371.51,0
2086,50000,1,1,2,62,0,1,0,-1,-1,-1,34728.09,30779.89,32271.87,23136.95,21330.81,23082.53,15665.73,10364.84,15630.48,2701.35,11009.7,8217.77,1
2087,20000,2,2,2,23,2,-1,-1,-1,1,0,16942.18,17783.96,16385.79,16329.73,17490.16,17506.53,3362.0,1999.83,8623.99,5890.84,9741.01,1405.68,1
2088,100000,2,2,1,51,1,0,-1,-1,-1,-1,21180.83,22951.18,18436.49,19939.26,14391.26,14109.48,5480.52,5579.2,1647.57,9781.01,7335.33,6938.98,0
2089,200000,1,2,2,61,0,0,-1,0,0,2,37479.98,39901.41,42403.55,38248.48,34852.39,36115.21,10867.3,9904.93,20374.87,4548.08,16006.52,2852.2,0
2090,50000,1,2,3,62,-1,-1,2,-1,-1,-1,12681.62,11634.19,11618.78,12566.09,12206.74,11726.66,5146.73,6768.41,5665.19,6112.63,5971.76,6824.85,0
2091,200000,1,1,1,43,1,0,-1,-1,-1,-1,54478.78,56040.23,48017.76,43886.32,43805.98,32594.65,18074.46,28415.78,9315.88,25491.27,15636.87,9816.37,0
2092,300000,2,1,2,32,1,2,0,0,-1,-1,228520.59,207841.48,168118.87,128938.39,116246.67,113848.46,35460.93,16998.86,36242.5,40336.18,30843.47,7369.3,1
2093,20000,2,1,3,28,1,0,2,-1,0,-1,16747.76,17734.77,15867.9,12627.46,11743.06,10276.21,9058.75,3673.01,8827.74,4346.19,3212.39,1816.81,1
2094,100000,1,3,1,41,0,0,-1,-1,0,-1,27247.23,24866.28,20821.39,21776.82,19195.66,17686.93,6823.21,4070.57,8228.42,10216.46,5484.18,3117.23,0
2095,50000,1,2,2,41,-1,0,-1,-1,-1,-1,23507.79,20118.26,21507.38,20402.15,20183.93,17425.44,6122.14,4534.58,1435.76,9449.38,6614.36,9147.78,0
2096,200000,2,1,2,52,1,0,-1,-1,0,-1,92717.58,87777.45,77539.08,67130.02,57174.44,43935.31,45424.63,5022.04,38765.69,7347.0,24169.06,3984.51,0
2097,100000,2,1,2,37,-1,-1,0,-1,-1,-1,24229.6,20365.61,20603.89,21010.91,17064.15,15253.91,8347.17,9778.74,12031.64,10622.56,4289.55,2209.87,0
2098,100000,1,3,1,57,-1,0,1,-1,0,-1,78267.78,76395.38,76196.51,72895.95,58689.02,42557.41,13873.81,9634.4,21021.42,8027.77,24938.42,10719.06,0
2099,200000,1,2,1,44,-1,0,-1,0,-1,-1,103598.85,100798.54,102229.12,107229.56,103085.59,74374.46,57289.6,16278.89,47402.59,38760.13,24225.34,10970.8,0
2100,50000,2,2,1,28,-1,0,-1,-1,0,-1,27649.55,26190.85,25117.36,27337.16,29246.26,26710.12,13627.07,10760.36,11252.26,8924.91,10666.02,4155.38,0
2101,300000,1,2,2,38,0,-1,-1,0,-1,1,92022.71,90285.23,91992.01,88357.85,71521.94,55223.8,34965.78,35819.64,24926.83,44624.14,29499.45,9231.72,0
2102,100000,1,1,2,31,-1,-1,0,2,-1,0,54732.68,59800.63,57032.92,62068.29,49650.5,47141.03,18152.2,30162.29,17075.87,7734.07,13185.34,6051.22,0
2103,20000,2,4,2,30,-1,0,-1,-1,0,-1,14680.64,13432.54,12267.7,10895.6,10745.95,8342.9,6187.21,1684.4,4802.48,4409.28,3752.11,3255.5,0
2104,100000,2,2,1,46,-1,-1,0,0,-1,1,34394.52,31877.96,33711.97,34925.41,24575.48,25118.4,8546.01,5452.55,4913.76,18936.61,1449.46,2234.41,0
2105,200000,1,1,1,26,0,-1,-1,0,0,0,38127.23,33636.16,31537.86,33511.44,34640.45,26274.97,16461.61,17891.72,10364.6,11855.46,10800.97,6467.5,0
2106,50000,1,3,2,37,0,-1,0,1,-1,-1,28361.61,24258.72,23540.93,16904.0,14397.36,12634.9,2015.43,10100.71,5524.57,8896.15,7223.41,5300.27,0
2107,200000,1,2,2,43,0,0,-1,0,0,-1,121732.89,107947.39,101416.75,106085.64,112522.03,99727.94,32852.89,10084.61,9768.06,56850.5,24126.73,22008.94,0
2108,300000,1,1,2,62,1,2,-1,-1,-1,2,78495.37,67803.63,70017.39,60458.31,59456.17,56367.55,30580.93,6895.08,11222.26,11430.98,11663.29,13476.26,1
2109,50000,2,2,2,57,0,1,1,-1,-1,-1,14932.19,13883.06,13354.48,11475.39,11671.54,10048.14,5849.91,4767.08,4351.37,6127.22,5541.96,4746.61,1
2110,500000,2,1,2,48,-1,-1,-1,-1,1,-1,111227.55,96767.31,91080.65,92232.26,70878.64,68236.87,9927.69,44789.43,50022.42,39223.76,16046.78,32894.72,0
2111,20000,2,1,2,36,3,-1,-1,1,-1,-1,16742.1,15992.13,14030.66,11203.95,9474.87,9537.33,7463.53,6458.32,7343.07,5862.88,2501.12,4360.88,1
2112,20000,2,2,2,32,-1,1,0,-1,-1,-1,5408.19,4791.08,5143.04,3664.99,2976.81,2230.07,522.5,2026.08,2852.99,716.15,1493.51,519.86,1
2113,20000,2,1,1,41,-1,1,0,-1,-1,-1,2170.21,2012.66,2131.31,1723.08,1699.03,1239.2,992.78,733.81,393.14,444.98,145.02,423.59,1
2114,200000,1,3,2,44,0,-1,-1,0,0,0,154424.45,129527.76,120389.33,115498.66,81899.81,79523.47,85180.19,69264.54,60765.57,44067.87,46204.03,42184.56,0
2115,100000,2,4,2,48,1,0,-1,-1,-1,-1,74258.2,63058.99,62927.56,68048.08,64488.55,67154.07,43547.26,34260.15,15034.26,31619.43,10229.21,19125.64,1
2116,20000,2,1,1,57,1,-1,-1,-1,0,-1,9304.56,9157.87,8722.27,7486.23,7839.89,6992.43,3553.82,3508.07,5052.38,4420.27,1323.76,1399.09,1
2117,50000,2,2,1,41,-1,0,-1,1,0,-1,36886.49,35765.06,30502.41,31082.47,22301.24,21253.36,16331.04,16173.28,5896.59,2723.23,10605.46,1399.12,0
2118,100000,1,3,1,53,0,-1,-1,0,-1,0,45969.34,39136.69,35724.32,27872.64,22751.81,18639.19,8210.28,11911.22,8304.77,9697.91,2656.92,6782.67,0
2119,10000,2,2,2,22,0,2,1,-1,-1,2,2796.12,2484.19,2623.22,2730.15,2138.2,2244.69,715.75,492.2,144.46,959.44,272.49,377.71,1
2120,200000,2,2,1,57,-1,0,0,-1,-1,-1,88168.73,76393.26,79390.27,79880.38,87807.58,88562.8,5000.74,30552.49,44249.73,43795.58,8804.04,39955.33,0
2121,200000,2,1,1,39,-1,-1,-1,-1,0,0,97899.89,101741.19,84521.23,74315.94,81320.19,76024.04,47860.9,50699.84,32760.06,13358.84,31124.39,7321.27,0
2122,100000,1,2,2,48,0,0,-1,-1,-1,-1,10720.27,9749.48,8019.89,8484.61,6361.16,5232.94,4601.84,1895.48,1777.97,1167.52,3262.85,1452.84,0
2123,300000,2,2,1,35,-1,-1,-1,-1,-1,0,57199.08,52725.49,55681.01,39820.12,30976.4,27111.28,10975.4,20787.55,7193.16,12556.87,4615.7,6339.83,0
2124,50000,2,4,2,21,-1,-1,-1,-1,0,-1,39990.6,39969.36,42758.92,43372.94,30759.45,24970.03,12779.28,15684.1,17323.48,19488.64,8221.11,5088.79,0
2125,500000,2,1,2,63,-1,-1,0,-1,-1,1,206970.17,185789.71,165031.41,117845.8,109183.19,95274.32,93265.6,103178.0,16959.36,68888.87,46298.73,56572.92,0
2126,100000,2,3,2,48,-1,0,-1,-1,-1,0,36517.37,33352.85,30177.19,31565.29,30755.24,22141.11,15213.0,15595.99,3918.65,11505.24,6699.76,2312.33,0
2127,100000,1,1,1,55,-1,-1,-1,-1,1,0,81068.52,84260.22,75896.63,58494.41,56260.11,41759.54,18349.15,41811.56,24922.13,26265.51,8826.18,2144.28,0
2128,20000,1,4,1,52,-1,0,-1,0,0,-1,4473.11,4644.7,3892.68,2784.48,2238.72,1761.62,1133.31,1690.75,477.57,565.58,1227.78,102.51,0
2129,200000,1,2,1,48,-1,0,-1,0,-1,0,54717.97,53698.63,54960.72,45260.95,35363.26,37541.6,7377.45,24176.89,5493.07,19101.7,15434.19,4007.07,0
2130,50000,2,2,2,29,2,0,-1,-1,1,-1,38118.02,36886.55,33604.6,25925.79,18726.1,16594.34,4791.28,6810.98,14504.65,4755.7,10466.01,8573.91,0
2131,20000,1,2,2,44,-1,-1,0,-1,1,-1,6474.47,5531.16,5812.52,5584.27,5322.17,4748.59,1765.44,2039.98,1764.91,1801.3,2552.58,663.61,0
2132,10000,2,1,1,24,0,-1,-1,0,-1,0,6065.86,5713.76,6076.91,5402.04,4311.91,3930.24,1903.54,2367.02,469.89,408.45,1040.65,1435.28,0
2133,100000,2,1,2,61,3,-1,-1,0,-1,0,69165.73,61025.43,65531.43,49272.89,36239.57,32618.33,39623.93,31036.99,5007.03,11230.82,2319.37,13047.21,0
2134,100000,1,1,1,23,2,-1,-1,-1,0,-1,27817.62,28344.08,29630.41,31599.5,26600.61,19537.71,9123.77,4000.37,17133.83,15167.17,8163.38,9218.5,1
2135,100000,2,1,3,42,-1,0,0,0,1,-1,30272.63,29920.92,31018.21,26276.08,19953.72,16549.59,4673.11,6873.32,2475.03,2294.11,5027.68,2016.03,0
2136,200000,2,1,3,60,-1,2,-1,-1,0,0,102607.22,93711.23,87605.6,71235.31,64289.68,46738.06,14680.98,45477.06,25795.07,16041.3,21073.37,5647.5,0
2137,10000,2,2,2,59,0,-1,-1,0,-1,0,7337.71,7048.08,5695.44,5577.1,4236.63,3083.64,1760.26,2035.69,1504.24,802.46,240.49,680.96,1
2138,100000,2,2,2,45,2,0,-1,0,-1,-1,54350.2,50345.82,41969.22,35984.42,39418.55,28810.57,30183.0,15931.61,13708.39,14217.75,13535.94,3074.16,0
2139,20000,2,1,2,42,-1,-1,-1,0,-1,0,3077.38,2597.1,2491.3,1888.91,1575.78,1668.71,1497.52,1014.45,1330.95,867.15,436.75,337.91,0
2140,200000,1,3,2,54,-1,-1,-1,1,-1,1,76133.95,78740.11,71496.62,66702.81,59362.65,46753.28,24485.18,35430.32,30157.38,7367.59,25180.07,17620.94,0
2141,200000,2,2,2,40,1,0,-1,-1,-1,-1,72902.06,77966.95,81765.85,58229.12,54657.06,39731.71,41968.32,16260.56,39090.41,19660.51,10823.51,11355.74,0
2142,100000,1,4,3,56,0,0,-1,-1,0,-1,74608.15,80509.95,78009.47,74176.89,77162.69,54102.02,12572.68,42280.27,22291.91,31510.63,38612.61,11542.34,0
2143,100000,2,2,2,57,0,1,-1,-1,-1,1,33173.09,34392.46,28533.71,29875.41,32241.12,30477.71,9586.95,8608.35,10292.81,17759.16,18100.46,7155.73,0
2144,50000,1,1,2,59,0,0,-1,-1,-1,-1,41048.7,42957.07,40532.54,32620.87,27622.87,26153.06,2075.66,8311.32,3548.06,5539.61,3896.72,4669.71,0
2145,50000,2,2,2,47,-1,-1,0,0,1,-1,18399.37,15027.09,15727.18,16370.86,14233.07,11471.5,9690.44,6533.13,1410.26,1480.75,5772.53,3399.19,0
2146,200000,2,2,2,52,0,0,0,0,-1,-1,51057.31,52822.23,55934.74,44636.81,33941.16,27561.13,6985.07,13095.92,29548.37,8563.15,13524.47,8337.04,0
2147,50000,2,1,2,62,0,0,-1,0,-1,2,26597.6,23699.1,20139.9,15728.95,12203.46,10193.26,15339.76,7785.01,6623.34,5637.31,2893.4,5533.14,0
2148,50000,1,1,1,49,0,0,-1,-1,-1,1,20455.49,17210.15,14285.97,14088.17,13931.61,11725.37,6728.88,3986.99,1570.44,5610.39,1568.0,4894.22,0
2149,50000,2,1,1,61,1,2,0,0,-1,0,30903.61,29561.44,27081.15,19666.43,17190.64,17376.33,18439.36,15354.63,2469.7,5079.19,7182.25,6895.24,1
2150,200000,2,1,1,52,1,-1,2,-1,0,-1,166514.07,161704.51,132541.85,94933.63,98437.37,105903.03,57900.65,52523.71,73659.54,27403.29,29583.66,20547.22,0
2151,50000,2,2,2,44,-1,0,0,-1,0,0,42631.02,40305.19,41026.97,36201.93,33003.79,30867.91,12810.35,3465.4,5900.6,12719.6,5121.72,7332.96,0
2152,20000,1,2,2,23,0,-1,-1,-1,-1,-1,5637.83,5614.35,5245.26,3743.22,3043.54,2607.74,1745.95,455.83,1507.44,507.35,248.01,1381.57,0
2153,100000,2,1,3,47,0,0,0,-1,0,-1,22981.7,23309.55,20033.79,18003.8,17494.71,14309.23,11713.18,5842.7,9625.47,10424.82,9977.72,5170.75,0
2154,200000,2,2,2,29,0,0,-1,1,-1,0,170393.13,143323.45,119064.62,114274.79,101602.37,104832.89,42478.41,39296.45,62741.38,48024.39,27924.68,15630.39,0
2155,20000,1,2,2,60,-1,-1,-1,-1,-1,-1,14998.84,14775.02,15930.51,12605.56,13312.6,9798.5,7789.36,1042.54,8369.51,4243.93,6147.78,4404.58,0
2156,20000,2,1,1,43,0,2,-1,-1,-1,-1,6186.82,5050.52,4105.66,4350.15,3692.13,3224.25,3325.4,2620.42,2200.13,1968.95,461.88,275.11,1
2157,20000,2,1,2,27,0,-1,-1,0,1,-1,14879.27,13906.6,11533.63,8997.52,7214.86,6970.42,3107.76,4570.01,1530.29,939.85,2837.63,3773.95,0
2158,50000,2,1,2,37,0,-1,-1,-1,-1,0,34642.18,28753.53,25023.36,19893.53,17422.27,13941.68,19391.26,10101.67,7145.59,9601.48,1110.99,4884.74,0
2159,50000,1,2,2,57,1,1,-1,-1,-1,-1,15142.48,14156.47,11727.24,12492.14,12987.09,9790.0,2344.68,5782.81,4843.56,1948.83,3666.18,5768.86,1
2160,100000,2,1,1,27,-1,-1,-1,-1,-1,0,82462.75,70310.46,69838.34,68093.55,70120.2,67365.66,41611.05,11929.6,38108.67,6404.01,12973.07,13609.53,0
2161,100000,2,2,2,50,-1,-1,2,-1,-1,-1,35744.37,36471.02,31564.42,28769.53,30420.59,28589.77,5104.26,12313.02,9014.2,15436.6,7132.42,3165.36,0
2162,100000,2,2,2,33,0,0,-1,-1,0,-1,48414.33,51797.24,48895.51,40684.07,42305.62,40093.74,21532.02,8938.8,19149.97,17754.36,16638.5,12807.73,0
2163,50000,2,2,2,38,3,0,-1,1,-1,-1,29370.46,24990.21,26441.46,26643.26,22168.65,24192.34,17228.41,6957.51,15280.72,1893.7,5434.78,8496.57,1
2164,200000,2,1,2,51,-1,2,1,1,-1,-1,50602.12,51664.61,54115.14,50615.82,47421.61,39321.97,4648.76,20395.15,31403.28,28464.5,8818.7,18253.04,0
2165,50000,2,1,2,42,-1,0,0,-1,0,0,29451.52,24852.56,20972.41,17549.11,17862.9,19547.87,4653.06,4466.57,8736.63,10510.45,7914.37,7438.75,0
2166,500000,1,2,3,34,2,0,-1,-1,-1,-1,332508.79,309271.63,255649.92,263418.92,272808.38,196079.06,81192.81,165759.67,83529.41,102784.01,94962.05,53170.19,0
2167,100000,2,3,2,38,2,2,0,0,1,-1,18123.77,17900.13,17887.16,18206.15,15670.08,11222.37,4495.95,3786.48,6526.3,2376.56,6189.93,1710.53,1
2168,20000,2,2,3,55,1,0,-1,0,-1,1,8069.57,7757.43,6695.37,7206.51,6525.04,6808.63,1211.9,1683.83,3653.48,2406.21,1698.55,3666.04,1
2169,100000,1,2,2,37,-1,-1,-1,0,-1,-1,58964.77,48182.8,49842.01,54724.05,44669.46,37021.47,19062.24,26819.74,21495.91,23125.25,8512.42,8217.31,0
2170,50000,1,2,1,39,1,0,0,0,-1,-1,42048.68,38213.57,35551.87,25050.3,24527.58,20674.39,20389.35,10090.59,6493.74,3802.63,4594.27,3460.73,1
2171,100000,2,2,1,51,0,-1,-1,1,1,-1,81278.68,76487.17,64735.37,53604.02,51928.58,37412.93,39944.71,9568.37,10172.34,14099.42,30936.85,7308.13,0
2172,10000,2,3,1,59,0,-1,0,0,-1,-1,2357.34,2162.67,2362.21,1835.57,1718.38,1204.5,722.32,616.7,335.26,201.72,715.36,422.08,0
2173,20000,1,1,1,56,-1,0,-1,0,1,-1,11768.13,11764.0,9607.48,7546.12,7175.8,6839.73,2617.61,2781.91,3633.53,2787.34,753.27,393.53,0
2174,200000,2,4,1,35,0,2,0,-1,0,-1,35682.85,38054.05,31862.21,33325.52,35307.1,32096.9,6527.08,12265.78,12732.25,7961.76,14257.01,15295.57,0
2175,20000,1,2,1,49,-1,-1,-1,-1,0,0,6702.06,6704.06,6996.43,7625.92,7839.6,7769.77,2972.6,2594.27,655.42,1860.62,837.15,3773.87,0
2176,200000,2,2,2,60,-1,-1,2,0,1,-1,115563.24,112903.99,105656.18,113688.92,85258.47,67439.24,11196.22,26116.89,48678.31,34443.11,18311.11,35852.49,0
2177,50000,2,1,1,36,0,-1,-1,-1,-1,0,8254.59,6972.81,7540.51,7379.06,7062.47,7337.82,2888.41,3076.19,2663.96,1395.48,3637.36,3664.36,0
2178,100000,2,2,1,53,-1,-1,2,-1,0,-1,81108.96,73375.58,61187.65,56413.97,43136.21,34719.61,28209.92,15887.84,13126.9,21959.88,23849.86,3419.01,0
2179,100000,1,2,2,45,-1,-1,-1,1,-1,0,76319.09,73608.71,62353.58,59560.18,45227.53,39762.46,8549.68,37633.32,35917.86,24979.74,23654.46,13573.4,0
2180,100000,2,1,2,36,-1,0,0,-1,0,-1,47871.2,51711.13,41397.21,43147.13,37956.18,32158.89,14800.41,29948.75,13325.78,8115.64,13470.83,4579.16,0
2181,50000,1,1,3,50,1,-1,0,-1,-1,-1,24670.17,21991.84,19025.91,13371.68,11957.2,12460.29,4622.32,1265.05,5946.95,6335.27,3577.75,1338.01,1
2182,20000,2,3,2,54,-1,-1,-1,-1,0,0,16101.81,14513.96,14473.01,12610.36,9352.38,9618.04,2279.93,1655.25,4242.52,1002.21,1731.47,500.42,0
2183,10000,2,2,2,22,1,1,0,-1,0,0,1403.5,1371.03,1394.34,1258.57,1138.66,998.24,133.51,453.17,498.96,541.79,556.78,66.7,1
2184,50000,2,2,1,60,0,0,-1,0,-1,2,10755.24,11507.14,10689.92,11431.63,8809.2,7425.96,1681.39,4518.35,815.6,3304.92,3457.97,1809.72,0
2185,100000,1,1,1,64,0,-1,-1,0,-1,-1,34640.35,33357.27,29261.25,22496.94,20702.98,20996.62,14018.87,18373.86,2220.85,8818.02,7064.44,1260.67,0
2186,300000,2,2,1,63,0,0,0,0,0,-1,117452.22,100107.29,101598.78,101369.42,104698.64,82245.26,52986.94,39719.91,30904.34,27258.27,20148.58,23489.23,0
2187,200000,2,2,1,58,0,-1,1,-1,-1,-1,177991.48,146423.56,124721.09,133402.37,97968.01,105450.37,31273.19,76925.5,58731.9,34387.07,21618.24,12961.85,0
2188,200000,1,2,3,38,-1,2,0,-1,2,2,43593.9,46501.52,47902.42,48170.95,41412.61,34255.99,15936.49,15684.53,16079.27,6216.43,7655.25,17242.73,0
2189,200000,2,2,1,25,-1,-1,-1,-1,-1,-1,68496.62,68563.94,71030.66,50013.78,39685.09,35135.34,17424.03,29434.43,39568.06,22108.65,15906.11,9139.87,0
2190,100000,2,2,1,60,0,2,-1,-1,0,0,76235.99,66032.36,61563.43,59333.5,55171.89,56458.55,26520.13,36841.59,24646.37,12760.3,21312.71,22682.51,0
2191,50000,2,2,1,26,3,0,0,0,-1,0,36374.19,37005.29,31753.58,24888.85,26317.66,26792.98,6744.08,15638.78,1736.07,7135.13,3796.45,8303.41,0
2192,300000,2,1,2,32,-1,0,2,-1,0,1,187156.01,190126.73,188028.14,177131.98,137969.68,134831.32,14086.56,59977.95,55674.87,82722.26,32087.43,40666.35,0
2193,100000,2,3,1,32,0,-1,0,-1,-1,-1,36284.14,37432.07,39529.63,36701.86,35619.96,26584.03,8336.88,14077.55,13976.81,6477.2,2114.39,8257.62,0
2194,100000,1,2,2,32,2,1,-1,-1,0,-1,19422.15,20736.11,19882.86,21529.53,15872.38,12648.24,2687.53,5944.23,1174.15,6414.06,2345.07,2575.43,1
2195,20000,2,1,1,29,1,-1,-1,-1,-1,-1,17736.74,14998.36,14073.27,10922.48,10030.32,9884.06,8049.78,1987.7,1529.49,2463.64,3417.79,1166.61,1
2196,50000,2,2,1,62,-1,-1,-1,0,2,-1,15057.06,16367.37,17902.09,12893.14,12511.89,13059.43,6801.45,7751.36,10727.3,5716.76,3223.54,7004.23,0
2197,50000,1,3,1,42,0,-1,0,-1,-1,1,38785.46,42646.81,40993.3,38718.6,37493.47,28768.11,3490.62,11853.66,17281.23,22434.01,13984.5,13370.83,0
2198,200000,2,1,2,36,-1,0,2,-1,1,-1,163201.31,131270.32,106363.73,89087.57,88668.68,97151.85,43771.03,13406.2,44843.96,51029.65,24973.24,18257.38,0
2199,100000,2,1,1,24,1,-1,0,-1,-1,-1,45271.97,37457.63,35607.78,35610.84,30872.8,29282.33,4575.84,16376.04,12937.39,11515.66,3133.19,1732.6,0
2200,50000,2,2,2,23,-1,2,2,-1,-1,-1,39033.23,36308.15,33896.61,37194.28,37343.44,38407.31,17298.04,17073.03,18399.84,5317.0,15558.44,13090.22,1
2201,500000,1,1,2,36,1,-1,-1,-1,0,-1,161614.8,130960.56,116244.68,100033.9,88945.92,90209.5,9711.59,14130.86,24257.06,58155.66,50667.68,8955.61,0
2202,20000,1,2,2,34,2,0,0,0,0,0,16238.58,16570.97,14834.43,11285.14,9357.27,6951.44,4724.0,4983.39,7702.14,6095.48,1875.06,3066.17,1
2203,50000,2,1,1,61,3,-1,-1,0,0,-1,30438.65,30293.13,32693.78,30132.08,24972.92,20903.61,4073.69,9533.39,3373.45,4133.34,4099.9,4566.47,1
2204,10000,1,2,1,58,2,-1,-1,-1,-1,-1,2554.98,2638.67,2216.69,1858.63,1431.65,1264.67,1062.05,472.27,1299.4,372.35,731.48,472.13,1
2205,100000,2,1,1,24,-1,-1,0,-1,2,-1,72923.77,80181.5,82523.7,83998.57,83009.95,66742.09,12227.68,39252.41,41233.25,9327.53,16522.98,19474.78,0
2206,300000,1,1,2,22,-1,2,-1,1,-1,-1,249286.16,269235.27,288277.18,263409.41,200994.8,195559.31,68221.41,92055.33,14794.67,151675.44,51827.41,19385.24,0
2207,50000,1,3,2,30,0,-1,0,0,-1,2,27817.19,24756.04,21731.97,23107.05,22055.33,20391.81,1468.4,9030.5,1799.59,2054.97,3798.0,11991.16,0
2208,200000,2,2,2,31,0,0,0,-1,-1,-1,141659.67,130176.64,106750.62,110515.57,106774.02,116637.35,84132.16,32138.83,10316.7,29490.48,42254.57,5911.83,0
2209,50000,1,2,2,59,-1,-1,0,-1,-1,-1,36791.9,37998.31,33899.96,36125.38,29429.68,22751.69,17099.09,7030.68,14443.85,18455.89,8756.39,12811.36,0
2210,300000,2,1,2,46,-1,0,0,-1,-1,0,218977.05,200680.53,186605.68,152946.07,136955.82,126610.78,30749.23,98573.24,79578.34,53331.22,34710.7,54952.51,0
2211,200000,2,2,2,57,2,-1,-1,0,-1,-1,92707.43,93596.53,101592.22,107800.07,104390.26,110659.17,27261.86,32113.59,9618.41,36007.99,20190.37,38895.77,0
2212,200000,1,2,1,46,2,-1,-1,1,0,-1,138390.82,148851.33,138289.18,144729.56,101320.83,72528.14,44843.56,27163.54,41014.08,37736.66,58263.7,36672.23,0
2213,10000,1,4,2,24,-1,0,-1,0,-1,0,5388.24,4966.69,4110.51,3908.29,3165.31,2845.87,939.1,1412.31,742.82,214.48,306.99,187.05,0
2214,300000,2,4,1,46,-1,-1,-1,-1,0,-1,129518.32,125393.91,105840.81,112633.22,95947.19,75337.75,12527.99,44600.91,28520.28,14879.86,19276.69,9448.6,0
2215,100000,1,2,2,58,0,-1,-1,0,-1,-1,23265.01,24484.99,22178.99,16006.46,17164.39,18594.12,8450.03,8700.41,4027.79,5883.57,4123.21,7060.83,0
2216,50000,2,2,1,48,1,-1,-1,1,-1,-1,41361.53,39016.37,33369.0,33844.57,29975.95,28961.67,21065.98,13919.22,9302.54,16625.58,14979.17,9931.19,1
2217,200000,2,2,1,22,0,0,0,-1,-1,-1,86385.81,76601.71,62673.24,47519.13,42899.95,34713.47,31487.36,10954.74,25273.47,19286.49,24601.06,12228.72,0
2218,50000,2,2,2,22,3,-1,-1,1,0,0,14582.62,12795.53,10909.19,9124.04,8810.62,9655.87,5788.19,4544.65,1468.54,4269.56,477.9,5016.6,1
2219,200000,2,1,2,36,1,-1,-1,0,-1,-1,58767.32,48281.18,40152.91,39825.01,35069.71,27610.75,22032.87,11595.28,6828.97,6512.28,20267.73,11497.17,0
2220,20000,2,1,1,43,3,0,-1,-1,-1,-1,5873.41,5280.84,4545.79,3563.33,3110.62,2589.29,1768.17,1911.12,1120.49,1280.4,1801.36,633.41,1
2221,100000,2,1,1,43,0,-1,-1,-1,-1,0,10197.88,10256.6,11271.35,8932.34,9734.03,9442.6,1336.06,4272.58,6637.87,2268.76,5365.79,3627.02,0
2222,100000,1,1,2,33,2,0,-1,-1,-1,-1,45057.53,36841.4,34395.96,26994.6,27667.53,25647.87,7267.88,6511.94,13755.78,6313.63,15377.92,11107.74,1
2223,10000,1,1,2,41,1,0,-1,0,1,0,8125.5,7169.03,7151.68,6311.32,6189.54,6373.94,1871.03,834.04,3958.61,1789.49,3041.73,995.95,1
2224,20000,1,2,2,59,-1,2,-1,-1,1,-1,2402.34,2002.31,1701.13,1245.9,1111.61,1075.73,508.72,765.72,886.13,659.39,239.09,69.44,1
2225,10000,2,2,3,45,-1,-1,-1,-1,-1,-1,8652.78,7972.18,8408.96,8868.16,7436.17,6925.1,2914.93,3437.27,3004.93,4760.22,3649.15,2265.14,0
2226,50000,2,2,1,57,1,0,-1,-1,-1,1,12164.92,10072.76,8864.75,8792.86,8236.81,6871.21,3423.78,5300.89,1788.74,4252.21,2627.55,2894.64,1
2227,50000,2,1,2,33,-1,-1,-1,1,0,0,33754.97,34558.86,37833.21,34254.34,30091.91,24625.14,13511.64,6403.79,7249.75,8794.31,10450.38,12996.84,0
2228,100000,1,1,2,35,0,-1,-1,-1,-1,-1,72826.27,78536.38,82542.71,60560.27,53694.91,39690.4,37300.33,9280.4,29961.94,3840.83,3361.97,14691.04,0
2229,50000,2,2,2,48,1,0,-1,-1,0,0,34404.62,29508.83,32024.8,24009.99,18935.26,16306.65,2649.54,17274.56,11413.3,6048.14,5895.22,6081.3,1
2230,50000,2,1,1,23,1,-1,0,-1,-1,0,18567.02,16249.36,16257.34,12020.46,12218.92,12410.34,5650.38,1170.06,5816.98,6059.05,2431.32,4077.7,1
2231,100000,1,2,2,43,-1,-1,-1,-1,-1,2,66304.99,56229.71,56085.06,39590.43,40240.93,32748.17,11179.4,15682.4,14120.34,4115.14,9479.84,18291.64,0
2232,10000,2,4,2,24,0,0,0,1,-1,0,4783.79,4096.02,4310.36,4167.42,3418.82,3598.14,2634.07,1316.33,1893.17,1740.68,1064.97,1880.36,0
2233,300000,1,1,2,23,0,-1,-1,-1,0,0,66527.31,59440.16,60308.5,54522.5,44471.19,45384.75,23247.82,26207.78,16554.57,28481.9,19049.0,14953.21,0
2234,200000,2,1,2,59,-1,-1,2,-1,-1,-1,52148.76,46117.83,45281.09,38616.88,31326.79,34429.78,27967.53,22883.49,11011.98,11868.58,2873.22,14535.99,0
2235,100000,1,2,2,28,2,-1,-1,-1,-1,-1,12082.36,11062.02,10038.57,8422.49,6443.71,6381.33,5058.65,3945.69,3292.11,616.97,2464.64,2608.7,0
2236,100000,2,4,2,63,0,-1,0,-1,-1,-1,36557.63,35003.3,30342.97,26840.01,28001.88,20152.76,4547.61,2305.95,16450.59,8768.35,6026.11,3754.78,0
2237,200000,2,2,1,45,3,-1,-1,-1,-1,0,136478.32,138970.45,143789.02,127969.97,103173.59,96711.67,70385.8,83240.7,63038.16,55143.24,52094.65,17467.16,0
2238,20000,2,3,1,61,-1,-1,-1,-1,-1,-1,17504.77,18648.65,17078.71,12905.2,12640.16,10373.91,3931.5,7494.58,8500.62,5304.78,6847.56,6219.09,1
2239,10000,2,1,2,32,-1,-1,0,-1,-1,-1,2068.47,1939.84,1587.49,1448.76,1071.89,1157.01,949.33,984.21,545.98,480.35,112.34,581.37,0
2240,20000,2,4,3,25,1,0,-1,0,1,1,7652.49,8208.77,7748.15,5572.55,5539.97,5455.91,2522.69,2282.13,2705.29,2126.29,2942.37,2511.94,1
2241,200000,2,1,1,53,0,-1,-1,0,-1,-1,49039.76,49232.33,49097.12,52801.91,40072.56,40597.6,22146.81,3875.86,25682.71,10677.48,13931.47,22675.56,0
2242,10000,2,1,2,45,-1,0,2,1,-1,-1,7087.1,7219.43,5825.44,5742.06,4384.2,4053.37,2410.73,689.26,759.17,957.7,614.3,1827.93,1
2243,100000,1,3,1,45,3,2,1,-1,1,-1,83566.7,79946.01,80868.3,56913.76,58769.87,63870.52,46828.51,37902.55,46817.05,30594.07,3244.59,31417.95,1
2244,500000,2,3,1,55,2,-1,0,-1,0,-1,95600.56,91486.48,79355.83,64717.27,52833.09,40589.24,31602.52,15268.07,26676.68,13506.21,20207.97,8464.38,0
2245,200000,1,1,2,35,0,-1,0,0,0,0,164573.85,157923.73,136873.63,149615.01,115047.14,98447.79,13723.44,82274.82,31367.26,64459.13,39418.73,32423.02,0
2246,100000,1,1,2,62,0,0,-1,-1,0,-1,31719.44,30057.13,29121.28,20949.35,19163.56,17247.58,9475.44,5675.07,6496.44,3166.02,8501.33,4916.46,0
2247,10000,2,1,1,46,-1,-1,0,0,0,-1,2784.51,2610.93,2352.94,1785.15,1303.06,1200.59,1620.87,502.74,172.03,511.5,428.35,275.26,0
2248,200000,2,1,2,30,3,0,-1,-1,-1,-1,29061.5,30002.16,28057.28,24994.71,24599.02,24858.47,14073.9,3114.95,5853.9,3198.41,1530.89,11385.98,0
2249,100000,1,1,2,44,1,-1,-1,-1,0,0,16437.46,15061.72,14367.57,12088.58,12530.27,12422.56,6531.42,1916.6,4099.55,2562.94,3608.12,3748.93,1
2250,20000,2,4,3,55,-1,-1,0,0,-1,-1,3107.6,2678.81,2883.22,3154.51,2521.59,1820.33,413.98,321.32,1255.08,468.86,1292.61,1007.25,0
2251,10000,2,2,1,49,-1,-1,-1,-1,-1,1,4571.3,3842.96,3310.59,3031.96,2968.9,2937.71,689.06,281.29,673.66,1745.44,773.22,792.4,0
2252,300000,2,2,2,58,1,-1,0,0,-1,0,188074.53,200087.58,187940.69,202314.11,145973.04,117499.14,84124.46,36064.5,77377.94,11878.09,28349.7,34210.74,0
2253,100000,1,2,1,25,-1,-1,-1,1,0,-1,24753.66,26210.78,27149.03,23096.45,20583.77,17834.51,11185.27,1634.69,10326.98,5571.29,4325.36,9626.21,0
2254,200000,2,2,1,44,2,-1,-1,-1,0,-1,54822.22,47864.88,41238.0,33354.8,36049.18,31725.94,13998.47,20913.74,12192.15,13214.38,3890.0,2102.05,0
2255,200000,1,2,2,39,3,-1,1,-1,0,0,47663.5,39821.02,32840.97,26777.48,24507.42,23954.24,28454.37,15488.16,1817.55,14274.37,6396.53,8013.02,0
2256,100000,2,2,2,64,2,0,0,0,-1,0,74524.67,81093.1,65306.65,62344.31,53884.99,52404.38,32068.25,11734.36,24409.06,37286.01,25769.93,9800.58,1
2257,100000,1,1,1,29,0,-1,-1,-1,-1,-1,20974.39,19812.52,16466.58,15505.02,10889.87,9271.56,11367.51,10385.5,1821.26,5966.48,904.51,2652.89,0
2258,50000,1,2,3,46,0,0,0,-1,0,-1,7936.2,6571.28,5798.35,5342.83,4286.93,4395.36,598.97,1361.04,331.24,2965.04,2375.82,1835.46,0
2259,50000,2,2,2,45,-1,-1,-1,-1,-1,0,6468.67,5592.76,5160.87,4002.92,3488.12,2611.18,2541.97,1927.39,540.71,2288.4,1039.48,1020.33,0
2260,50000,2,3,2,55,0,-1,-1,0,-1,0,6606.01,6679.52,6533.46,5261.9,4477.73,3551.23,3053.58,3313.46,1017.97,1817.07,1842.14,843.13,0
2261,200000,1,4,2,56,-1,-1,0,0,-1,-1,107467.65,88595.78,76194.78,62148.02,54415.76,47335.09,52502.34,22418.63,24158.69,7067.69,13890.69,10654.4,0
2262,100000,1,2,1,34,0,0,-1,1,-1,-1,17518.82,16291.09,14350.96,15018.19,10654.8,8391.1,7354.78,3063.91,6663.53,4896.08,2095.98,2111.54,0
2263,200000,2,2,2,26,-1,0,-1,0,-1,0,55588.26,51601.18,52102.96,53506.27,48824.31,52292.48,21304.71,27006.47,29654.84,16918.64,4975.78,23877.48,0
2264,50000,1,1,1,52,-1,-1,-1,2,-1,0,38307.07,38525.56,41326.46,32317.73,25871.59,27711.56,17635.37,3495.49,8549.48,11357.13,8003.32,8190.13,0
2265,100000,2,2,2,46,-1,-1,-1,-1,0,-1,87448.63,75190.18,63208.96,47948.44,41247.18,31687.84,6225.61,30658.09,22604.24,11695.36,11564.98,4124.59,0
2266,100000,1,2,1,35,1,2,-1,-1,-1,-1,78868.63,86371.5,81340.75,60261.79,63550.07,54989.57,36534.72,44158.66,48602.94,25172.84,23181.58,30512.91,1
2267,100000,1,1,1,51,0,0,0,-1,-1,2,86768.21,73456.55,65275.36,47458.79,48941.54,53679.1,20067.82,32365.0,24354.26,14505.81,13264.67,12804.31,0
2268,100000,1,2,2,57,-1,-1,-1,0,2,0,63636.11,62332.2,59738.62,65344.98,56143.55,39736.57,29817.77,15946.76,22362.7,23796.23,16631.42,11969.73,0
2269,20000,2,2,1,58,0,0,-1,-1,0,-1,17795.46,15987.99,13361.79,13689.39,9878.58,7086.08,8495.44,9160.28,1864.63,2956.46,4776.43,2333.75,0
2270,100000,1,1,1,57,-1,-1,-1,0,-1,-1,49707.51,41747.55,36792.6,26003.95,27448.72,28469.03,10046.95,5206.61,8180.17,7597.03,3287.97,12629.81,0
2271,20000,1,3,2,39,2,-1,-1,0,-1,-1,14715.01,14150.91,14330.04,10069.01,8655.29,7381.84,6523.87,6245.38,2216.23,4454.03,2373.76,1528.23,1
2272,50000,2,1,2,34,0,0,-1,-1,-1,0,43866.51,37324.0,39033.18,38095.13,33973.95,33712.3,10129.3,16607.11,21835.84,4153.48,4306.55,15980.94,0
2273,50000,2,3,2,56,-1,0,-1,-1,-1,-1,33371.65,33503.62,33051.11,27250.94,20009.77,18954.91,14971.17,12958.9,10090.09,13370.26,11315.98,978.01,0
2274,100000,1,2,1,57,-1,-1,-1,-1,0,1,86537.6,70072.03,75911.67,56142.82,54852.46,53630.78,13363.62,22219.22,18733.67,15872.46,27749.32,24543.78,0
2275,300000,2,1,1,31,3,0,-1,2,-1,-1,90874.7,86614.35,86256.65,76389.44,75232.02,58602.65,8425.85,49696.82,39099.64,44789.07,38807.28,8341.99,0
2276,100000,2,2,1,47,0,0,-1,-1,0,-1,34022.04,29452.7,30158.92,21338.5,18425.09,16929.63,12708.27,9027.08,7262.5,7301.75,2310.76,2573.9,0
2277,100000,1,2,2,22,-1,-1,0,2,1,0,41779.21,45330.38,41124.99,35776.78,37764.27,36198.06,6525.57,10571.15,21690.06,2906.7,20069.13,12590.7,0
2278,100000,1,2,2,42,0,-1,-1,2,-1,-1,47166.94,47787.64,40665.39,32330.25,23260.12,21419.44,25567.1,15923.0,17145.46,10705.88,2994.88,4692.78,0
2279,100000,2,2,1,22,-1,-1,-1,-1,-1,0,81792.38,83966.79,83745.39,67494.65,55549.19,59875.19,11210.53,41186.82,6212.25,23018.43,17014.16,7567.31,0
2280,10000,2,2,1,40,-1,-1,-1,0,0,0,8102.9,8196.93,8817.66,7181.91,5621.58,3971.73,3110.54,1144.77,3156.01,2991.31,590.44,595.32,0
2281,50000,2,2,1,64,1,0,2,-1,0,-1,31318.41,31311.16,34272.27,28208.86,27621.06,21706.76,13575.2,7946.06,17215.92,3964.88,15510.99,11932.71,1
2282,50000,1,4,1,37,-1,-1,0,-1,-1,1,14292.07,12025.55,11244.06,7960.99,6224.43,4540.42,734.51,4342.62,6381.01,2485.22,3679.06,1994.22,0
2283,50000,1,1,1,24,1,-1,1,-1,-1,0,14615.09,16065.32,15453.43,14342.05,14070.84,15272.25,7720.16,8252.38,3345.82,3770.41,3979.23,2064.21,1
2284,10000,2,2,2,34,0,1,0,1,0,-1,6053.95,6037.07,5393.31,4957.29,5049.61,4007.31,2722.38,1631.12,1135.06,2749.47,2889.0,1975.28,1
2285,20000,1,1,1,27,-1,2,0,-1,-1,-1,10054.21,10750.1,10768.96,10341.68,10479.17,10438.59,4758.01,3792.27,3770.21,2201.08,1059.02,6016.19,1
2286,50000,2,2,2,35,1,0,0,-1,-1,0,15341.31,14591.76,15023.19,11477.21,8162.83,6189.58,1242.21,1712.59,888.23,688.7,4496.57,657.52,1
2287,500000,2,2,2,50,-1,0,0,0,-1,-1,117294.89,103898.79,84403.12,92668.46,99359.63,71625.73,28579.08,10572.96,17917.83,29978.92,23786.71,31548.1,0
2288,50000,1,1,1,36,0,0,-1,-1,2,-1,33905.02,31571.3,33275.79,25100.91,24745.84,19212.53,13672.73,5284.21,15690.9,14546.9,10325.42,3810.05,0
2289,50000,2,1,2,60,1,0,-1,-1,-1,-1,37529.27,34517.46,32934.47,33745.4,34592.91,28036.84,6601.62,14742.45,17282.03,13610.86,8536.47,9681.49,1
2290,20000,2,1,2,22,3,-1,0,1,-1,-1,6180.88,4974.3,4844.54,3818.19,3658.97,3232.01,3137.31,829.05,1288.94,1452.62,1388.22,568.69,1
2291,100000,2,2,1,39,-1,-1,0,-1,-1,2,43993.8,44102.97,38010.93,33282.93,30342.36,21509.4,12078.83,23486.31,21055.67,16899.87,5343.01,2763.32,0
2292,50000,1,2,2,21,-1,0,-1,-1,2,-1,33539.77,34253.97,27509.03,22823.71,21862.18,20701.52,16454.53,18644.8,5656.05,3088.78,8608.59,7313.66,0
2293,20000,1,4,1,51,0,-1,-1,-1,-1,-1,9507.55,7722.73,8384.27,6900.96,5824.77,5606.35,5056.86,1513.7,597.81,1687.62,1922.07,2844.53,0
2294,100000,2,2,2,24,-1,-1,0,0,0,-1,86900.57,75932.24,81894.45,73263.17,64700.62,52819.7,27071.59,8192.74,11545.19,12057.71,16127.6,30694.37,0
2295,10000,1,1,2,47,0,0,0,-1,-1,-1,2036.79,2035.43,2101.18,1672.23,1647.1,1327.46,356.34,562.21,1106.9,437.0,480.22,657.17,0
2296,10000,2,3,2,45,-1,-1,0,-1,0,-1,7834.78,7024.42,6617.56,6079.83,5879.55,4563.46,2033.97,3417.61,3854.7,491.94,1908.54,881.38,0
2297,20000,1,2,2,42,0,-1,2,0,0,1,6897.17,7450.02,6669.9,5337.74,5003.67,3933.28,2239.31,814.42,2561.28,1471.75,1394.97,1575.87,0
2298,10000,2,2,2,63,-1,-1,-1,-1,-1,-1,6496.38,5416.54,4586.85,4995.85,3595.44,3452.11,1951.59,566.47,2070.57,656.25,317.75,432.25,0
2299,20000,1,1,2,30,1,-1,-1,0,-1,1,6059.12,6534.31,5386.08,4286.05,3493.63,3292.08,318.53,1206.26,2741.83,1677.58,1687.77,911.72,1
2300,50000,2,2,2,53,1,0,-1,0,-1,-1,43658.79,46897.74,43952.16,44209.23,41618.0,44362.67,4211.74,20212.03,6810.39,13889.85,17287.05,5848.3,1
2301,200000,1,3,1,64,-1,0,0,-1,-1,-1,28021.48,30451.78,31599.02,28056.36,24842.46,25612.49,8432.87,7792.13,11135.52,11703.99,10548.89,12145.73,0
2302,100000,2,2,2,50,1,0,-1,-1,0,0,51085.71,42052.14,42799.68,30608.95,25565.6,23786.0,14829.18,19141.72,24224.05,8964.56,2002.06,3147.33,1
2303,100000,1,1,1,50,-1,-1,-1,-1,-1,-1,82841.06,73042.66,74998.75,57080.15,56327.27,43200.41,44694.72,19914.3,18429.96,22513.73,26758.13,19787.0,0
2304,50000,2,2,1,36,-1,0,-1,0,0,-1,23793.62,20828.84,17404.47,18647.58,15940.17,13221.22,4810.63,1946.88,10352.16,1955.98,7599.62,1400.48,0
2305,300000,1,3,2,29,-1,0,-1,-1,-1,0,231683.1,246878.76,261401.34,268750.38,285780.02,254458.99,136126.88,147931.99,114515.7,37822.78,139185.75,88890.68,0
2306,50000,2,1,1,37,1,-1,-1,0,-1,-1,42993.15,44805.43,46651.04,35345.6,32259.15,28009.96,25146.12,19023.52,19576.65,20572.72,12518.35,4587.15,1
2307,10000,2,2,1,55,0,-1,0,-1,-1,-1,1542.68,1307.68,1083.06,780.26,697.08,505.92,237.02,519.4,71.65,399.57,232.11,66.78,0
2308,100000,1,4,2,35,-1,0,0,-1,-1,0,49104.58,41367.83,37518.96,28555.07,23840.01,20104.13,3116.09,13297.7,2088.55,10206.33,12635.17,5844.51,0
2309,20000,2,1,1,48,3,2,0,-1,-1,1,12982.76,12232.87,11163.32,10421.75,7854.8,6088.02,2061.47,1170.99,1529.35,6245.62,2909.03,3530.99,1
2310,50000,1,2,1,40,-1,1,-1,-1,-1,-1,38287.1,32620.68,33290.5,31740.06,22340.02,20775.23,10747.39,19306.64,18748.8,2214.2,2257.44,2034.63,1
2311,100000,2,2,2,53,2,-1,0,-1,-1,-1,23052.45,21733.16,22996.84,19583.32,19010.63,20382.78,5811.18,6654.09,11171.5,11511.39,4594.23,5996.75,1
2312,200000,2,2,2,53,-1,-1,-1,-1,0,0,110685.61,116597.15,106420.28,86451.07,62776.45,47454.93,34364.96,8481.35,35544.65,7171.04,27762.05,4789.45,0
2313,50000,1,2,2,56,1,0,-1,0,0,0,11516.87,10940.73,9182.03,7187.36,5965.62,6230.81,4958.11,2612.58,2940.97,2898.99,1647.07,1146.49,1
2314,100000,1,1,2,33,0,-1,-1,-1,0,-1,70431.74,71652.58,59096.79,51742.13,54342.38,43737.38,23590.24,4879.72,7117.81,19190.94,26635.74,8733.44,0
2315,500000,1,2,2,24,1,-1,0,1,2,-1,163854.83,143376.51,142179.69,100808.87,89844.25,87649.76,39264.13,47131.97,37353.81,53573.44,27581.09,28820.98,0
2316,20000,2,1,2,43,3,-1,-1,-1,1,-1,6301.09,5543.3,5262.77,3702.27,3899.77,3677.3,2656.77,2576.27,697.05,1374.2,1021.39,1766.07,1
2317,50000,1,2,2,28,2,-1,-1,-1,-1,-1,35792.07,35009.48,37481.65,38197.81,27678.43,21790.13,8368.37,20182.58,7490.02,6548.85,6702.23,5098.95,1
2318,50000,2,1,2,33,0,-1,-1,1,-1,0,38680.3,40835.91,44350.19,40453.73,41964.88,35576.41,9436.52,20984.11,2373.66,6814.14,9367.66,17045.54,0
2319,50000,2,1,2,44,1,0,-1,-1,-1,-1,18733.45,17971.62,19219.16,19459.11,20871.72,19174.85,4473.14,3578.76,4999.59,8827.32,6546.08,1129.29,1
2320,50000,2,4,1,60,0,2,-1,-1,-1,-1,25044.1,21525.01,17708.41,13202.87,14067.0,14977.92,5439.68,5184.76,7416.61,6718.17,5339.47,1206.51,1
2321,300000,1,2,1,50,-1,-1,-1,-1,2,-1,196430.53,169981.07,150480.69,154413.19,128874.46,99712.37,85502.19,57089.72,64405.09,49003.51,71994.09,14280.3,0
2322,100000,2,4,1,50,2,-1,-1,-1,-1,-1,69613.61,68576.68,59774.33,63904.45,47164.41,39499.55,10180.26,29265.9,16680.37,31539.43,21340.81,11702.95,1
2323,100000,2,1,2,45,0,0,-1,0,0,2,71609.44,59508.73,48832.8,44601.41,47546.4,52194.44,34078.49,27076.14,22033.45,6066.45,7906.81,13169.17,0
2324,50000,2,2,1,53,-1,-1,-1,-1,-1,-1,20615.51,16897.36,18172.8,13487.4,10290.12,10453.14,11491.37,8740.33,5149.4,4620.05,3083.2,4684.05,0
2325,200000,1,1,2,29,0,2,2,-1,1,-1,105814.7,87914.86,93931.38,70382.77,64639.58,55181.93,21369.74,15258.4,51335.03,22019.69,14132.01,32891.51,1
2326,300000,1,2,2,46,0,-1,-1,0,0,0,56291.31,51658.72,47382.94,36848.43,31799.53,24068.34,24612.99,5757.21,10613.81,18649.4,5837.1,11768.9,0
2327,200000,1,2,2,44,0,2,-1,-1,-1,0,171768.27,155675.48,169314.67,131067.13,141964.32,127809.98,65647.87,22987.38,64578.52,72808.67,58494.65,63865.14,0
2328,10000,2,1,1,53,0,-1,-1,0,-1,0,6611.33,5293.32,5129.25,5529.06,4790.25,4471.74,1419.72,3011.19,544.56,620.97,536.38,2653.02,0
2329,100000,1,3,2,59,-1,0,0,-1,0,-1,40044.21,33977.58,31606.26,32242.11,27345.32,21967.54,7208.01,4172.47,10274.39,11944.5,1758.05,6689.42,0
2330,10000,2,1,1,45,0,0,0,-1,1,-1,4116.9,3722.72,3592.03,2971.53,2777.56,2735.36,2343.02,839.15,927.4,828.51,770.67,1590.91,0
2331,50000,1,2,2,35,2,2,-1,2,0,0,8619.36,8007.29,7419.69,7617.28,6940.1,6360.03,3735.73,1262.55,1419.81,2379.02,871.37,2361.12,1
2332,10000,2,4,2,61,-1,0,0,-1,0,-1,4655.39,4286.16,3804.25,3837.94,3380.65,2862.74,1883.39,475.33,853.82,1952.68,1119.0,1208.7,0
2333,100000,2,3,1,61,0,0,0,0,-1,-1,63841.92,57195.04,48863.48,41148.22,37076.03,30248.88,38197.84,19430.18,11001.58,17240.14,13070.35,2006.35,0
2334,100000,2,4,2,26,-1,0,2,0,-1,-1,86204.36,89960.84,84400.14,60092.39,44431.05,36166.17,21063.78,23270.17,26694.34,19795.39,6272.34,11123.06,0
2335,20000,1,1,1,40,-1,0,-1,-1,1,0,12361.38,11431.88,10965.84,7714.45,8285.05,8417.04,2173.46,5140.13,5634.48,2769.22,3588.83,4933.95,0
2336,50000,1,1,3,64,0,1,2,-1,-1,1,31028.46,30821.87,32254.67,26779.42,21427.38,19269.13,7179.23,8194.82,10254.6,13924.2,2414.99,10840.54,1
2337,50000,1,1,1,36,-1,-1,0,-1,-1,0,36456.56,38270.2,36051.05,25890.35,24027.67,19538.68,5234.49,13608.29,5932.9,13214.65,9361.18,5131.77,0
2338,50000,1,2,1,41,0,-1,0,0,-1,0,25392.2,26817.1,28126.41,21050.87,15034.35,15265.62,14187.58,13444.86,2475.68,5014.88,6088.44,5561.19,0
2339,20000,2,2,1,35,0,-1,0,1,0,-1,2514.22,2657.8,2887.42,2315.06,1894.34,1342.57,1089.39,903.98,699.51,260.04,938.03,693.73,0
2340,50000,2,1,1,59,-1,-1,1,-1,0,2,40594.3,38499.4,39132.57,30195.03,29454.67,32345.36,15536.35,11186.15,5341.78,4111.39,15839.93,7202.74,0
2341,200000,2,2,2,62,0,0,1,-1,-1,0,84395.42,84260.08,70434.21,53382.72,47134.03,49748.92,41658.38,10337.29,35897.97,12136.18,19731.66,8445.59,0
2342,10000,1,1,2,24,2,-1,-1,-1,-1,-1,8877.32,7939.88,7450.63,5996.69,5949.12,5932.37,2962.49,2839.78,4449.8,3483.98,2328.52,780.1,1
2343,10000,2,1,2,44,-1,0,-1,-1,-1,-1,4251.02,4499.93,4756.49,4731.55,3606.22,2908.63,658.57,470.27,2457.74,2662.36,1523.74,347.85,0
2344,50000,2,2,1,23,0,0,1,0,0,2,31733.38,27417.42,25977.8,22802.64,24974.09,26371.42,4278.89,2952.58,6795.23,12443.35,8493.11,14251.57,0
2345,300000,2,2,1,21,2,0,-1,0,2,1,140369.65,145466.67,151753.49,146484.66,128656.06,132078.88,47367.08,43370.92,14352.46,52740.55,50084.19,48703.06,0
2346,100000,1,3,2,50,2,0,-1,-1,-1,-1,28593.56,26904.71,27786.34,29773.18,27257.81,27818.0,14096.78,9031.1,12230.81,9641.92,14944.92,9593.36,1
2347,100000,2,1,1,33,0,-1,-1,-1,-1,-1,84461.72,75140.2,63715.39,44635.29,35843.62,27604.53,14519.89,34608.86,26598.09,8341.41,15480.71,4004.54,0
2348,50000,2,2,2,38,-1,2,0,-1,0,-1,30087.61,27496.99,24715.57,26705.18,22316.42,21115.55,13169.42,8279.06,2149.63,11301.57,4812.76,5667.82,1
2349,100000,2,1,2,60,-1,-1,0,-1,-1,0,46041.74,44958.87,46270.47,37555.7,36122.4,38289.7,8627.83,17613.91,22386.99,20071.66,16011.13,22772.79,0
2350,10000,2,1,1,31,-1,0,-1,0,-1,-1,2153.34,2323.44,1969.71,1605.32,1343.15,1211.23,620.28,1291.6,991.73,822.54,134.09,381.82,0
2351,100000,1,2,2,62,0,-1,0,-1,-1,0,89928.57,74574.42,69118.33,65784.31,64956.69,59801.07,7521.04,42284.33,30742.56,30809.79,19434.55,4773.38,0
2352,300000,1,3,2,49,-1,-1,1,-1,0,-1,244834.95,263404.01,221577.28,187086.98,152353.08,131497.1,80008.09,51403.59,99758.7,34463.35,40552.75,35368.97,0
2353,100000,2,1,2,24,2,1,-1,-1,-1,-1,43822.81,45782.24,39863.11,29187.1,29367.58,28427.37,6271.27,13774.73,17116.24,10705.03,6868.88,2267.3,1
2354,200000,2,1,1,45,0,0,-1,-1,2,-1,47433.17,46304.12,41010.92,40378.5,39166.54,40895.29,24397.7,15841.81,11888.39,7014.14,15385.12,16690.49,0
2355,100000,1,2,1,56,-1,-1,0,-1,-1,0,12374.93,10383.86,9958.95,7701.01,6044.06,5464.91,7134.87,3071.92,3873.72,3789.7,864.47,1533.64,0
2356,20000,2,1,1,56,-1,0,1,0,-1,-1,4429.36,4623.09,4963.21,5319.32,3829.98,4165.45,425.78,2680.75,1931.87,2964.19,2175.79,556.92,0
2357,300000,2,3,1,64,0,-1,-1,2,-1,-1,158262.99,159400.84,145958.13,159845.39,171367.82,147621.02,54377.88,33423.43,50467.16,90442.67,32837.17,76156.01,0
2358,10000,2,2,1,60,-1,-1,0,-1,0,-1,7526.34,7143.97,7536.81,5822.11,4623.2,3460.73,3291.02,2397.4,2880.19,3237.31,1994.8,1295.58,0
2359,100000,1,1,2,48,1,0,0,-1,0,0,39081.74,41651.76,42008.02,42069.96,39161.84,27641.51,3358.51,4962.71,11329.35,8696.23,11385.43,8758.43,1
2360,20000,2,2,2,28,2,0,-1,0,-1,0,8943.7,8937.76,9242.86,10136.92,8303.57,7735.72,3170.72,3543.12,3910.3,1676.58,1349.72,3756.55,1
2361,10000,2,2,2,41,3,1,0,2,-1,-1,4786.18,4243.37,4365.0,4723.46,4550.02,4665.42,2705.07,978.07,763.23,450.37,1288.27,1706.14,1
2362,50000,2,1,1,55,0,0,-1,0,-1,-1,5703.06,4637.08,4129.94,3824.19,3749.62,3897.29,1936.69,2286.33,2144.71,1767.06,934.89,334.74,0
2363,50000,2,2,2,64,1,0,0,-1,-1,0,12081.64,12417.51,10814.1,8919.59,6508.83,7065.28,4730.59,1511.28,5601.84,5165.76,3118.86,1355.36,1
2364,50000,2,1,1,38,0,-1,-1,-1,0,-1,25036.35,21947.89,23995.07,16908.5,12174.25,11084.91,5762.53,11717.62,7770.19,1951.43,5018.52,4050.9,0
2365,100000,2,2,2,45,0,-1,0,-1,0,1,32351.48,28603.75,29214.39,30946.63,33926.67,26601.18,12563.13,8196.39,9439.93,9677.27,17242.75,2873.66,0
2366,10000,1,1,3,61,0,-1,-1,-1,-1,-1,5186.58,4849.01,4411.31,3150.72,3173.46,3082.4,2792.47,1328.75,1188.74,630.68,231.31,578.06,0
2367,20000,2,3,2,25,-1,1,-1,-1,1,0,3729.6,3822.81,3694.03,3437.55,2765.97,2924.1,862.04,1796.26,277.64,1551.03,1405.18,1121.51,0
2368,100000,2,2,3,28,-1,-1,-1,2,0,-1,74225.22,79962.53,82582.23,63956.62,57340.42,44397.23,35235.9,17288.87,10636.24,33607.84,15851.25,24821.54,0
2369,50000,1,1,2,43,1,-1,-1,0,-1,0,36349.78,31438.25,25676.58,20458.92,22160.96,18596.35,13226.72,16398.12,11373.92,4970.41,4259.26,8419.57,1
2370,100000,2,3,1,23,3,0,0,-1,-1,0,63588.72,67696.87,56168.75,39842.78,36557.52,37042.28,12176.07,13712.08,7218.11,16985.47,5927.84,12192.89,0
2371,100000,2,1,1,64,0,-1,-1,-1,-1,-1,52515.19,51533.77,41614.75,29744.66,25809.94,20489.56,13930.04,23311.37,11511.67,8005.25,6211.2,3412.56,0
2372,200000,2,2,1,57,0,1,0,-1,-1,1,82381.38,87050.24,73924.81,62102.92,44405.52,47044.93,20336.9,7026.96,18098.59,35507.55,10676.02,7335.56,0
2373,100000,1,2,1,51,0,-1,0,0,-1,1,64612.27,68131.2,56944.49,59850.03,55894.71,57959.36,19877.2,29673.7,9722.67,3063.27,7176.39,27639.01,0
2374,50000,2,1,2,49,0,0,0,-1,0,1,36272.76,33288.07,31254.7,28952.27,30476.95,27491.63,4063.36,6472.76,10653.54,13683.38,11571.7,15384.11,0
2375,100000,1,3,1,61,0,-1,-1,-1,-1,-1,74687.39,74944.33,66412.65,60789.0,55751.13,61275.5,9931.76,33714.3,16582.5,4483.08,5320.99,7124.6,0
2376,50000,1,2,2,40,2,-1,0,-1,-1,-1,18903.23,20490.76,16672.86,15807.88,16008.84,13096.37,4879.67,10343.12,7798.61,7093.1,5204.37,5518.96,1
2377,50000,2,1,1,23,0,0,-1,0,0,-1,12757.95,12779.84,11947.01,10921.17,11515.18,12351.04,4581.02,1837.1,4795.95,6252.13,3056.3,5561.98,1
2378,200000,2,2,2,43,-1,0,-1,-1,0,-1,74692.95,70020.74,68170.31,56015.39,48337.21,39462.15,29120.58,9933.51,21425.63,30071.94,24089.22,13047.99,0
2379,50000,2,2,3,60,1,-1,-1,-1,1,-1,5309.01,4839.63,4409.24,4638.46,4010.57,3921.68,2923.73,2225.17,1616.04,535.08,686.34,910.39,1
2380,200000,1,3,1,41,-1,-1,0,0,2,-1,87716.37,73944.38,64930.91,57804.18,61766.98,61895.68,31832.67,10607.39,18644.81,5200.54,22114.72,27210.18,0
2381,200000,2,1,2,33,0,-1,0,0,-1,-1,63757.13,70109.83,64300.3,64368.5,53827.96,51684.16,28779.0,4259.56,30919.66,35755.87,6188.99,15586.02,0
2382,200000,1,2,2,28,0,-1,-1,-1,-1,-1,146406.39,146017.76,139588.52,148636.41,143375.1,131129.12,46110.23,12251.09,80713.91,29871.13,63701.31,39621.83,0
2383,300000,2,2,1,25,0,-1,-1,1,0,-1,191954.96,169489.92,157762.62,110669.05,104909.7,100823.97,64851.89,10906.72,74426.29,16246.77,23995.89,10685.0,0
2384,50000,2,2,2,45,-1,0,0,-1,1,-1,6039.38,4966.39,4112.09,3664.92,3276.69,2324.01,2261.5,2727.04,2154.48,653.49,1892.21,921.17,0
2385,50000,2,2,1,59,-1,-1,-1,-1,-1,0,10771.48,11053.43,10357.63,9755.3,9333.79,9823.19,3631.87,5812.08,4982.18,3362.68,5122.47,983.69,0
2386,100000,1,1,2,57,-1,-1,-1,1,-1,0,53375.31,56392.16,57300.07,51624.91,50657.27,46256.3,11752.58,20045.89,15710.9,4511.95,15869.05,9413.93,0
2387,50000,1,2,2,61,0,0,1,0,-1,-1,29723.89,27593.85,28863.14,30622.82,32764.1,29280.92,17463.54,9155.15,15002.68,1975.86,15861.74,4364.17,0
2388,100000,2,2,2,25,-1,-1,-1,-1,0,-1,71510.36,77719.21,72423.54,77929.12,79511.5,73935.93,27910.82,14310.64,5132.83,29029.33,7221.45,42130.02,0
2389,100000,1,4,2,28,0,0,-1,1,0,-1,87462.86,78589.23,86301.82,65047.04,54848.52,50914.94,21023.93,25513.67,46348.81,18871.89,26342.34,4792.17,0
2390,100000,2,1,1,64,3,0,1,-1,0,-1,66153.58,67927.71,71518.19,58715.34,51250.08,50818.69,32364.98,38188.39,22063.93,31973.86,15179.34,15467.9,1
2391,50000,2,2,2,24,-1,-1,-1,0,-1,0,26795.87,23550.75,20362.35,16402.93,17411.09,12796.83,3753.36,8563.4,4713.81,5859.52,1776.71,4953.75,0
2392,20000,1,3,2,61,1,-1,0,-1,-1,0,8630.8,7774.47,7284.92,6547.01,5292.4,5696.21,5142.99,631.71,2468.41,2421.64,1074.83,1744.88,1
2393,50000,2,2,2,42,1,-1,0,-1,-1,-1,34527.72,33893.0,30118.65,25686.45,21318.19,22944.27,16705.89,2384.46,12902.14,14267.15,4575.88,9499.06,0
2394,20000,2,3,2,34,2,0,-1,-1,-1,0,16956.02,13751.33,13271.02,11196.58,10923.93,7701.54,1756.86,7278.04,5154.62,1143.51,4852.4,518.64,1
2395,200000,1,3,1,39,2,0,0,0,2,0,87665.48,75676.86,65629.67,59956.66,44626.45,40595.09,45283.52,12814.71,25592.64,18112.31,21536.08,22735.21,0
2396,50000,1,2,3,33,0,0,0,0,-1,-1,28385.31,24209.94,19623.82,17583.46,17845.1,17722.58,5456.0,1274.12,2060.03,4771.73,6126.77,4344.21,0
2397,20000,1,2,1,55,0,2,-1,2,-1,-1,5312.55,4772.78,5113.14,4531.01,4890.54,3970.56,2129.29,2191.04,2305.76,2173.1,1134.21,1143.78,1
2398,10000,2,1,2,24,0,0,-1,-1,0,-1,7859.74,8120.99,7763.08,5785.71,5538.45,5292.79,1106.86,4065.44,3426.85,1625.84,1518.07,1830.29,0
2399,100000,2,2,1,53,-1,0,2,-1,-1,-1,67082.14,71930.87,77288.9,70773.95,51586.77,49646.45,29577.52,14923.22,8785.13,22372.18,20311.06,20075.55,0
2400,100000,1,1,3,42,-1,-1,0,-1,1,-1,38376.58,30847.16,25771.12,18647.58,14832.46,11671.8,17905.0,15652.02,1906.4,5767.41,5893.28,1389.63,0
2401,50000,1,2,2,21,-1,-1,-1,-1,-1,-1,39961.91,35053.49,29635.79,28051.46,20730.13,16257.08,20714.99,17262.25,17501.13,13616.1,3101.25,4094.45,0
2402,10000,2,2,2,31,-1,-1,1,-1,0,-1,8766.78,7080.19,6145.22,5834.12,4805.21,4809.82,2790.39,2249.63,2829.46,2450.04,1563.23,1817.56,0
2403,50000,2,2,1,36,1,0,-1,0,0,-1,16540.8,17506.34,16405.81,13194.15,14194.53,13963.79,5862.11,9911.95,6286.33,3756.92,5139.08,4752.65,1
2404,50000,2,1,2,24,3,-1,0,0,-1,0,12465.18,10715.32,11401.11,8597.86,7253.87,7582.16,2097.3,5513.71,2553.13,768.22,3353.19,594.5,1
2405,100000,1,4,2,49,1,0,0,-1,-1,-1,76551.37,78940.49,78555.54,80072.44,61955.73,65275.8,25540.08,5229.74,15837.71,40738.3,19015.13,30192.68,1
2406,100000,1,1,2,59,-1,0,-1,0,-1,-1,56594.43,45841.01,37429.25,37734.41,36399.64,27780.58,19383.75,24977.66,4658.26,22494.18,20571.41,7301.8,0
2407,50000,2,1,1,64,-1,-1,0,0,-1,-1,40374.73,37125.18,34235.31,36919.45,39129.42,39961.61,19988.63,12906.6,13170.28,16945.79,16281.11,2425.57,0
2408,20000,2,1,2,58,1,0,-1,-1,-1,-1,7560.29,6861.62,6978.11,6130.43,4375.89,4225.34,3335.43,2111.84,2559.51,1765.71,1956.8,2062.58,1
2409,500000,1,4,1,44,-1,-1,0,0,1,-1,282501.64,253912.53,227687.41,188120.04,181981.23,174327.33,122622.52,146385.62,128535.66,50127.53,67793.19,9268.28,0
2410,50000,2,4,2,29,1,-1,-1,-1,-1,-1,28088.48,27275.4,25850.76,21224.59,17311.54,13989.66,1862.57,5636.17,10218.77,8038.42,8915.4,2254.8,1
2411,100000,2,2,1,28,1,0,-1,2,-1,-1,25058.55,22988.53,23297.25,17987.18,15282.42,15765.64,8782.85,6698.49,6949.62,3013.54,3786.5,7070.84,1
2412,20000,2,3,1,34,0,0,-1,-1,-1,-1,17870.91,16458.55,17931.52,15060.56,11971.61,13120.48,10650.53,2485.19,9745.98,2050.3,809.51,4936.01,0
2413,50000,1,1,1,35,-1,-1,-1,-1,0,0,31562.37,27041.41,24336.3,18279.45,19420.76,14860.39,14636.06,14319.87,9435.93,2045.46,2194.34,5303.9,0
2414,10000,2,4,1,42,-1,-1,0,-1,1,0,6313.16,5835.58,5971.63,6263.13,6603.9,6576.98,3214.35,509.01,2644.47,3651.05,1886.12,2161.97,0
2415,100000,2,1,1,57,-1,-1,0,0,-1,0,33749.57,34503.11,35338.81,29640.51,27919.0,23784.77,10849.41,2020.5,13947.07,12240.58,7420.78,13723.44,0
2416,300000,2,1,2,35,0,-1,0,-1,-1,0,186091.74,166910.54,160703.25,147672.11,104320.32,80865.58,94459.69,22279.05,23011.34,52501.27,30867.09,6695.35,0
2417,50000,1,1,2,26,3,2,-1,-1,-1,0,38319.04,40508.04,42290.77,30729.89,33146.2,25037.93,19133.69,16136.15,4995.28,16455.41,11482.43,7616.84,1
2418,10000,1,2,1,21,-1,-1,0,0,-1,-1,7508.02,6380.61,6130.71,4979.94,4417.03,3460.7,2564.04,731.27,2412.53,1149.84,1211.65,2016.86,0
2419,10000,1,2,2,40,-1,1,-1,-1,-1,-1,8357.8,8809.04,8698.92,6867.07,6149.99,6399.97,3030.67,4900.99,4807.93,2269.0,463.93,1243.89,1
2420,50000,2,2,2,61,0,1,-1,-1,-1,-1,10947.12,10779.96,11331.54,11952.34,12062.06,11087.52,860.68,4561.59,6572.42,1522.95,5908.53,755.0,1
2421,20000,1,4,2,56,-1,-1,-1,-1,0,-1,4925.24,4566.35,4305.52,3323.89,3142.68,3321.05,2557.16,1943.38,2572.46,1274.59,1772.77,1034.51,0
2422,10000,2,2,1,22,1,-1,1,-1,-1,0,6681.35,5415.71,5109.11,5202.15,3894.13,4141.67,826.21,3167.85,2627.1,2830.41,1434.85,1963.27,1
2423,200000,1,1,1,26,-1,0,-1,1,1,-1,149238.18,125057.17,122219.84,99372.97,73749.09,56068.95,32151.08,10202.59,30571.81,45787.36,22669.25,9004.85,0
2424,50000,2,2,3,22,3,-1,-1,0,-1,-1,31972.4,29551.37,30770.61,24138.48,19331.41,18393.0,14690.39,12089.03,11921.63,8814.27,2178.93,3431.27,1
2425,50000,2,2,1,23,2,0,-1,0,0,0,10714.33,11393.38,9549.43,6721.5,4894.81,3526.6,2309.47,6203.86,3676.34,2260.29,2730.16,488.93,1
2426,300000,1,3,1,27,2,-1,-1,-1,1,0,172787.61,187828.68,193719.95,158196.51,163447.33,132312.43,56681.08,73109.85,66960.0,60271.92,40684.67,32758.1,0
2427,20000,1,2,1,40,-1,-1,0,-1,2,-1,13974.1,15076.7,13394.56,9752.78,6980.87,5370.51,1883.27,4569.96,6136.52,3860.05,3326.19,2881.58,0
2428,300000,1,2,1,61,-1,-1,-1,-1,0,-1,62875.33,55470.17,45558.21,38489.97,41507.26,42980.22,13225.43,3476.2,6537.24,14891.9,6489.95,6949.09,0
2429,50000,2,1,3,61,1,-1,-1,-1,-1,1,7233.37,6343.38,6582.23,4746.85,3533.78,2989.26,3282.95,914.5,1012.21,1456.36,1943.34,580.96,1
2430,200000,2,2,1,25,1,0,2,0,-1,-1,60767.68,62095.71,52380.4,38011.96,39648.52,43509.71,17018.03,34553.57,29834.24,14985.17,17508.9,23349.16,0
2431,100000,1,4,2,45,0,2,2,-1,0,-1,17260.14,18678.34,16137.69,13584.99,10798.67,8169.3,6208.92,10987.25,8261.25,4571.18,2401.11,4582.09,1
2432,200000,2,1,3,58,0,-1,-1,-1,0,0,43766.3,36763.86,37199.52,32705.84,31538.05,24957.58,10782.87,11792.32,18606.69,9230.62,14733.66,1981.37,0
2433,500000,1,3,2,38,-1,-1,0,0,-1,-1,131349.59,119958.32,116282.42,96859.18,81056.3,77650.22,73798.6,65278.64,36711.4,32644.62,17618.1,26978.52,0
2434,50000,1,2,1,21,3,-1,-1,-1,1,1,26227.67,27563.19,29662.1,21044.6,15297.57,16636.09,13662.52,8629.96,10745.76,10546.76,2571.58,3544.44,1
2435,300000,1,1,1,45,-1,-1,0,1,-1,-1,67406.06,63873.71,69386.04,53513.11,53094.13,52741.48,7550.14,8785.61,27316.86,29381.55,26240.63,7536.58,0
2436,50000,2,4,2,37,-1,0,0,-1,-1,-1,29187.29,30725.72,27474.58,29552.21,30236.26,22686.62,17154.11,2980.29,5815.99,11857.54,16976.76,7599.68,0
2437,50000,1,2,1,35,-1,0,-1,2,-1,-1,16626.41,13883.48,12457.08,11568.81,9480.6,8208.52,8232.73,7053.55,2642.05,6061.55,744.52,3927.11,0
2438,50000,1,1,2,25,1,-1,2,0,-1,-1,17422.2,17999.02,15531.76,16177.79,16401.55,18016.38,2388.66,10184.91,2313.17,848.47,1605.2,2601.24,1
2439,100000,1,1,1,37,-1,0,-1,-1,-1,0,87391.88,80128.0,76545.08,55153.16,48700.04,35442.25,6370.34,22064.21,27411.28,31290.82,26172.43,8067.98,0
2440,20000,1,1,2,41,0,0,0,-1,0,-1,14882.44,15000.25,13701.18,9632.32,9553.35,7777.89,8053.82,1796.82,1917.26,524.23,5454.8,2822.32,0
2441,100000,2,3,2,43,-1,-1,0,0,-1,-1,43931.39,39008.7,31378.44,31776.96,30446.06,22827.21,20505.7,20119.75,5040.32,17930.52,13349.12,12342.04,0
2442,100000,1,2,2,63,-1,0,-1,-1,-1,1,45796.35,46143.02,42381.74,36185.19,38788.67,39881.51,9230.65,11013.18,23157.1,5385.12,11124.34,21534.0,0
2443,200000,1,3,2,30,0,-1,-1,-1,0,0,38366.82,38774.71,31737.51,26902.53,22361.35,23109.18,22007.29,12329.62,10767.86,2724.43,7480.75,9537.1,0
2444,200000,2,1,1,37,-1,0,-1,1,0,-1,155126.65,143616.43,149319.9,118752.24,88353.74,73992.71,85068.21,85632.84,58307.66,63763.9,22445.85,33664.04,0
2445,50000,1,1,1,21,-1,-1,0,-1,-1,1,5159.56,5627.82,6070.55,4639.22,4710.26,3930.09,863.06,2380.06,751.91,274.37,2680.68,432.69,0
2446,50000,2,1,1,57,0,-1,0,-1,-1,0,10779.22,8624.96,7665.41,7905.97,8104.55,8310.25,2905.5,3854.8,1252.03,3992.39,3443.0,3512.26,0
2447,50000,2,2,1,27,0,0,-1,-1,1,0,26362.57,26422.21,26295.75,19052.92,13536.04,10328.9,2004.73,5409.21,2735.5,3075.54,7734.5,2421.21,0
2448,20000,1,4,2,32,-1,0,-1,-1,-1,-1,5014.85,5379.01,4446.06,3998.53,3000.7,3087.19,1100.95,1029.26,886.25,1078.24,1641.98,1365.67,0
2449,10000,2,2,1,60,2,0,-1,0,-1,-1,6062.24,6409.27,5826.4,4918.49,5080.21,3752.64,1956.81,1355.91,3116.26,268.36,2169.08,451.85,1
2450,50000,1,1,1,21,2,-1,0,-1,0,-1,5145.62,4988.24,4852.43,3931.28,3696.35,3023.24,436.79,1890.21,2614.28,2297.2,660.44,1120.84,1
2451,50000,2,3,3,40,0,0,0,2,-1,-1,8936.48,9550.65,7939.0,7973.11,7025.36,6333.49,2102.1,5401.85,3338.14,2340.38,2087.37,1567.5,0
2452,300000,2,2,1,64,-1,-1,-1,0,-1,0,213524.03,177733.08,162295.54,170666.92,175903.3,131625.96,28387.8,75879.13,86280.65,49229.92,73990.99,37539.91,0
2453,100000,1,1,2,51,-1,0,-1,1,-1,-1,56121.72,54047.68,58726.72,45689.13,36478.29,26624.16,31312.78,11244.19,9103.69,2867.29,11232.2,2923.03,0
2454,50000,2,3,1,24,1,0,-1,-1,-1,-1,5778.33,6323.76,5374.09,3927.41,3259.56,2633.76,2925.12,2548.6,706.13,598.24,956.31,1131.09,1
2455,100000,2,1,1,46,0,-1,-1,-1,0,-1,26465.14,29044.62,28639.99,24344.6,24573.62,22963.93,12478.02,3671.74,13490.21,3830.14,6946.8,10563.24,0
2456,20000,2,1,2,32,-1,-1,-1,-1,-1,-1,5823.41,5845.24,6137.53,5376.8,5034.9,5162.41,2771.81,1664.84,3647.57,301.23,746.58,639.63,0
2457,50000,2,1,2,42,1,0,-1,-1,-1,-1,38962.42,33129.57,34168.23,24643.96,19305.27,19169.46,2255.89,17848.91,15194.77,3540.93,5058.29,6268.36,1
2458,100000,2,2,1,21,0,0,0,0,0,-1,56603.0,47199.96,48682.73,43230.95,45720.74,42017.91,21584.35,8822.17,3425.55,24506.88,27126.39,20289.7,0
2459,50000,1,2,1,21,0,2,-1,0,0,-1,26656.99,28702.48,23471.07,25359.51,27838.1,26848.27,9995.64,10245.69,3547.21,9396.08,5319.31,4639.08,0
2460,50000,1,1,1,23,-1,-1,-1,-1,0,-1,8468.0,9011.63,9841.42,8407.05,6371.04,5829.34,5046.25,832.12,1831.76,502.13,1406.55,586.03,0
2461,500000,2,1,1,32,-1,0,0,-1,-1,0,312777.89,279817.45,284894.28,301989.1,247210.47,226556.44,124454.02,27467.9,80487.23,50846.91,143341.81,124898.69,0
2462,200000,1,2,1,41,3,0,0,-1,-1,0,44942.25,48513.74,52700.58,54778.58,54766.81,38687.77,18328.21,4264.88,9039.16,15215.37,18162.49,18171.03,0
2463,100000,2,4,2,33,0,0,-1,-1,-1,-1,51739.31,43417.45,47489.04,41535.29,31125.87,26557.87,13423.39,7182.91,3958.01,5996.69,14768.04,5767.15,0
2464,100000,1,2,1,33,-1,0,-1,0,-1,-1,57410.83,51000.76,46262.84,45458.1,40268.03,37187.82,18670.51,15332.1,8886.18,6202.01,7468.56,16857.61,0
2465,100000,1,1,2,61,0,-1,2,-1,-1,-1,77350.09,76827.04,73985.57,57976.84,45649.32,42805.77,20683.45,42498.61,17981.17,33466.77,12392.26,2819.0,0
2466,20000,1,1,2,38,0,0,-1,1,0,0,14903.15,12685.58,12924.57,9745.7,9411.96,8499.91,8216.14,3064.34,2662.28,5807.81,3691.92,4201.95,0
2467,50000,2,1,1,53,-1,0,-1,0,0,0,12604.22,13823.29,14579.78,10218.19,8623.29,8444.56,2036.53,5492.86,951.95,4014.71,1619.35,2228.36,0
2468,10000,2,1,1,26,0,-1,1,0,-1,-1,8329.53,7219.79,7878.85,5746.28,5971.91,5060.07,1105.49,2568.67,4413.63,3026.57,1562.4,990.0,1
2469,50000,2,2,3,45,0,-1,0,-1,-1,1,5110.18,4464.23,4876.45,4639.11,4097.76,3102.74,3057.43,580.03,1695.86,1342.51,1277.63,514.0,0
2470,100000,1,2,1,43,-1,0,0,2,-1,0,36410.05,34312.06,30823.43,32492.91,29718.21,21181.87,20460.77,10679.33,15926.53,1731.49,15239.83,5867.57,0
2471,20000,2,2,2,44,-1,-1,-1,0,-1,-1,3061.86,3164.59,3177.7,3467.3,3660.08,3396.58,1151.79,401.83,185.86,1286.1,1577.39,1388.24,0
2472,300000,1,2,1,57,-1,-1,-1,-1,-1,-1,203031.59,169764.32,143294.63,127960.35,128911.12,115877.42,96447.28,37352.87,69983.58,18086.14,71418.04,56422.57,0
2473,300000,2,1,2,46,0,0,-1,-1,-1,0,150053.98,150089.0,156566.43,118395.1,121181.82,96262.08,16662.36,15823.73,68489.09,43446.78,70506.35,5835.04,0
2474,100000,2,1,1,24,0,-1,-1,0,0,-1,23995.45,19911.7,16882.14,11818.48,8332.01,6570.72,11340.08,3367.14,9916.64,6388.39,2583.22,3727.82,0
2475,100000,1,2,1,58,-1,-1,-1,-1,-1,-1,16810.47,13926.06,14861.95,16258.32,15655.9,14599.86,5138.61,3544.72,1680.41,7518.03,4399.45,7451.59,0
2476,200000,2,1,1,55,0,0,-1,-1,-1,-1,56173.47,45636.38,49913.87,51268.15,45443.04,33753.0,28359.84,17957.3,20138.17,9852.25,16282.14,19496.75,0
2477,20000,2,1,1,31,-1,-1,-1,-1,1,0,16732.02,16119.39,13313.08,12107.82,12755.31,9622.07,5581.35,2027.52,820.77,5996.08,6936.69,1841.38,0
2478,200000,1,2,2,56,0,0,0,-1,-1,2,128424.76,119536.57,114002.95,91001.62,65093.99,52043.64,57754.36,45079.62,28083.97,40154.77,3961.84,7180.13,0
2479,20000,2,1,2,45,-1,-1,1,-1,1,-1,5875.85,5242.47,4610.33,4181.97,4340.45,4574.22,1390.63,961.52,1842.6,2360.18,770.81,2429.48,1
2480,200000,2,1,1,40,0,0,0,0,-1,-1,162999.14,156174.92,146962.21,152167.41,114764.58,112705.48,73753.21,13498.32,82687.96,59587.87,58608.05,6784.29,0
2481,50000,1,3,2,21,0,-1,0,-1,-1,0,10459.79,9942.6,8830.34,8145.06,7629.8,7042.4,2087.1,5516.23,844.18,4801.12,2572.25,1961.56,0
2482,200000,1,3,2,50,0,-1,-1,0,-1,0,130150.71,122623.37,100513.66,110384.5,109348.24,92690.83,74824.13,9542.19,32072.67,37559.63,55583.3,26543.36,0
2483,300000,2,1,2,24,1,0,-1,-1,0,-1,131962.91,112397.49,103207.72,76651.37,59712.86,51773.55,55256.91,57674.24,18692.05,25971.48,24384.78,9029.43,0
2484,20000,2,1,1,43,-1,-1,-1,-1,-1,-1,6293.06,6727.82,5795.14,6334.16,4856.25,3733.29,1970.71,2998.05,978.99,382.78,2414.37,662.42,0
2485,50000,2,2,2,55,3,0,-1,-1,-1,0,15492.3,15275.52,14737.62,13762.85,13390.08,13875.36,5938.12,3206.38,6316.08,7777.04,3750.83,5785.65,0
2486,500000,2,1,1,62,1,0,0,0,-1,-1,250321.34,209816.2,210690.5,195347.86,149810.02,115768.47,97385.43,93329.25,13694.58,56069.58,8312.1,26125.73,0
2487,50000,2,2,2,42,0,0,1,-1,-1,-1,42259.74,37046.52,34141.78,28804.04,26073.82,26184.65,21977.08,7207.01,13570.35,15195.93,10969.15,2801.38,1
2488,200000,2,1,2,51,2,-1,0,0,-1,1,138771.88,142848.38,123005.6,88116.53,70934.52,56448.95,49548.0,69519.89,17135.68,23101.94,22938.21,13313.52,1
2489,100000,2,1,2,21,-1,0,-1,-1,-1,2,62969.5,65042.67,55774.84,56007.85,39914.85,40020.59,22665.1,6848.07,3241.08,31367.14,23583.52,13011.97,0
2490,50000,2,2,2,24,-1,-1,0,0,-1,-1,40020.84,40730.08,32613.23,26428.02,19209.04,15781.92,14915.95,2757.93,11383.45,15118.78,2230.81,1145.27,0
2491,50000,1,3,2,39,0,-1,-1,0,-1,0,27813.44,28846.42,29155.53,24491.11,18431.13,20136.08,13217.0,3635.66,3260.06,1506.84,7201.8,11979.16,0
2492,20000,1,1,1,50,2,-1,-1,-1,-1,-1,5070.97,4966.82,4350.62,3974.22,3648.74,3896.73,1623.44,2212.28,1561.08,1748.57,786.94,1711.85,0
2493,200000,1,1,2,21,-1,0,-1,0,-1,-1,176346.69,156354.48,170617.44,123319.7,96753.21,101640.66,29483.39,91025.91,34851.15,8343.11,31570.03,11418.97,0
2494,50000,2,1,1,39,0,1,0,-1,0,-1,26389.76,23943.4,24520.85,17270.43,17957.75,13871.69,7387.26,9795.35,4986.32,1798.28,1622.25,1023.8,0
2495,100000,2,1,1,41,1,-1,0,0,-1,2,35223.44,33564.12,29825.53,22129.82,15731.72,11539.92,9035.42,17864.16,14702.62,1598.95,8236.37,6867.89,0
2496,50000,1,4,2,42,2,1,-1,0,-1,-1,36126.83,31567.87,26759.57,26602.75,25639.58,27836.04,2972.34,2042.49,11814.21,1773.75,13853.46,10973.94,1
2497,100000,1,2,2,22,-1,0,-1,-1,1,-1,47119.65,49758.07,49126.3,38132.66,28058.16,24531.04,23083.81,13723.2,24821.14,10534.46,8989.48,9320.3,0
2498,200000,2,2,2,26,-1,-1,-1,0,-1,-1,21993.87,22523.63,23860.79,21610.96,22824.34,23972.45,11216.01,8257.32,6770.48,6455.31,2189.77,4123.81,0
2499,500000,1,2,2,41,-1,0,-1,-1,0,-1,177978.53,194708.84,189898.91,147050.29,105356.62,94270.45,35059.26,53135.52,21229.15,45275.0,38942.84,50066.81,0
2500,50000,2,3,2,53,0,-1,2,-1,-1,-1,23287.76,21531.33,17295.95,14077.1,10659.34,10229.4,5314.22,9537.59,8127.93,1909.52,2213.67,906.2,0
2501,200000,2,3,1,39,2,0,2,-1,-1,1,79619.27,84494.33,87526.75,62596.29,50770.11,50880.23,18035.47,14522.12,46121.51,12353.1,3235.95,23981.0,0
2502,200000,2,1,1,47,0,0,2,-1,-1,-1,108279.22,111932.31,121924.16,103219.17,76407.07,69826.56,36218.92,21763.69,45520.32,47940.09,38687.73,8615.07,0
2503,100000,1,1,2,57,2,-1,-1,-1,-1,-1,24668.77,25891.89,21082.25,15907.5,16935.27,18202.48,7597.74,8516.52,3609.9,3856.49,2048.7,8948.44,1
2504,300000,1,2,1,49,1,1,-1,-1,0,-1,167384.61,168463.33,175663.31,162180.99,122114.22,87824.35,90009.71,69982.14,82866.75,31348.58,68240.62,14756.98,0
2505,20000,2,2,2,48,0,-1,2,-1,2,-1,17784.37,16089.71,16342.29,16905.81,12395.31,12816.44,5717.11,1958.83,1214.66,3988.82,5140.41,7511.39,0
2506,20000,2,4,2,54,-1,0,2,0,-1,0,14060.99,12277.73,11286.29,11865.82,8590.07,8376.35,2078.94,2641.42,2698.79,6432.96,1105.43,1354.12,1
2507,200000,2,2,2,21,-1,-1,-1,0,-1,0,129527.89,114203.92,113087.16,121381.72,124101.0,103284.82,59729.73,23354.81,29961.98,65560.03,24378.58,39288.57,0
2508,50000,1,4,2,45,-1,0,0,0,-1,-1,13024.4,12634.92,10709.88,8027.68,7706.17,6843.69,6870.71,3997.04,2488.46,2334.53,4524.61,3608.68,0
2509,200000,2,1,1,41,-1,0,-1,-1,-1,0,113083.83,120309.47,122237.85,110818.51,111124.61,98762.53,43561.39,69822.0,69634.08,57850.62,45194.52,28463.31,0
2510,200000,2,3,2,54,-1,0,1,-1,0,-1,151148.02,141281.77,137661.07,102681.96,100831.34,72318.13,71117.89,37449.13,69895.21,25863.35,31775.75,22374.66,0
2511,10000,2,1,1,46,-1,-1,-1,2,-1,1,2925.11,2865.6,2366.91,1946.98,2116.7,1934.86,507.4,1496.78,808.82,181.06,1216.55,1104.03,0
2512,200000,2,4,1,56,0,1,1,-1,-1,1,33885.58,34568.05,36658.43,29052.91,29267.6,21260.73,18463.7,9346.22,20687.46,8700.31,1953.13,1907.77,0
2513,50000,1,1,1,55,0,-1,-1,-1,-1,-1,31470.59,33251.18,27881.4,19655.87,16766.88,15198.06,2876.31,7580.31,3787.26,10767.03,4374.82,5041.4,0
2514,100000,1,2,2,43,-1,-1,-1,-1,-1,0,63887.05,63538.58,59185.62,63490.29,51802.59,40719.53,34788.78,6378.72,6097.43,5565.21,25903.07,11012.43,0
2515,100000,2,2,2,37,0,-1,-1,-1,-1,0,74351.13,73517.79,61707.31,62489.84,51041.54,52748.52,18600.17,32387.67,16141.12,11658.46,29365.28,17023.69,0
2516,300000,2,2,2,62,0,0,-1,1,-1,-1,181095.54,198531.01,197307.36,179075.4,147752.41,107530.22,18007.92,41442.87,117398.47,13904.29,71106.41,22771.63,0
2517,10000,1,2,2,32,0,-1,-1,0,0,-1,7784.55,8241.7,8417.71,7053.62,5463.38,4469.09,1165.86,3589.36,4604.78,3300.23,2188.09,399.4,0
2518,50000,1,4,2,64,0,0,0,-1,-1,-1,15643.88,15957.15,17300.26,14958.47,12823.23,11071.93,9292.74,4005.65,2976.53,7421.54,1548.11,2078.23,0
2519,100000,2,2,2,40,0,0,-1,1,-1,-1,12822.64,13458.42,11786.63,9218.04,6858.48,6452.88,3270.83,789.53,6618.27,4988.47,2367.85,397.83,0
2520,100000,1,2,2,59,2,0,0,-1,-1,0,68623.25,75483.41,68681.54,74676.08,61148.94,66958.57,32648.01,10334.43,27274.14,7056.47,22384.27,7890.11,1
2521,100000,1,1,2,47,-1,-1,-1,0,0,-1,40875.16,38901.54,35634.41,29013.24,22341.95,16795.62,12771.53,18579.98,7840.93,11864.83,11295.05,3099.25,0
2522,20000,2,3,2,62,-1,0,-1,-1,-1,0,5354.08,5416.51,4490.83,3277.77,3500.17,2972.03,1966.04,916.51,2243.16,1114.05,1463.02,631.52,0
2523,50000,2,2,1,57,-1,-1,0,-1,-1,-1,7065.52,7376.57,7689.13,7118.46,6296.27,6122.71,2826.91,1302.59,4007.51,1368.61,3242.61,1572.39,0
2524,50000,2,2,2,40,0,1,-1,-1,0,-1,35215.05,32864.7,27107.22,27094.08,27880.93,23685.46,13435.42,7668.78,1362.89,11461.58,10298.51,12904.1,1
2525,200000,1,1,1,31,-1,0,2,0,-1,0,152211.71,165375.15,149096.18,162299.34,151811.77,120890.79,91184.06,25063.22,18500.68,9641.06,18905.31,43645.49,0
2526,50000,2,2,2,48,0,0,0,-1,2,-1,20560.91,18806.35,16119.21,15290.71,14364.31,14737.31,7263.92,6510.63,7449.91,1821.86,6637.63,7985.93,0
2527,20000,2,1,2,22,-1,0,0,0,2,-1,16161.49,14107.71,14098.03,10908.53,7649.96,5928.3,6330.63,4694.42,5451.17,6022.74,3059.19,504.78,0
2528,300000,2,1,2,44,0,-1,-1,-1,0,-1,129733.58,130139.32,139466.54,119444.55,84220.66,70291.05,31414.38,51718.4,27019.63,47930.23,20338.68,16378.33,0
2529,10000,2,2,2,36,0,-1,-1,-1,0,-1,8612.38,7098.54,7268.51,6008.61,4876.01,3882.25,1570.19,4129.83,1461.36,657.48,2441.74,1018.72,0
2530,500000,1,1,2,32,-1,-1,2,1,0,0,443283.54,371468.39,383487.45,271437.13,196420.65,212968.2,131631.43,42989.1,42599.05,111649.24,105236.35,17690.95,0
2531,100000,1,1,2,36,0,-1,-1,-1,-1,-1,75410.11,82283.33,67764.51,58065.42,47084.23,48708.92,29246.78,21513.6,19314.77,11098.89,21359.47,27159.25,0
2532,200000,1,2,1,56,2,2,0,-1,-1,0,60997.25,53951.78,55121.9,56215.96,53248.17,47092.11,13606.41,17519.56,4616.69,13229.73,16837.41,9806.43,1
2533,50000,1,1,2,22,1,-1,-1,1,0,0,19652.98,15917.82,13032.86,11235.99,11052.4,11450.87,6383.6,8709.51,5552.41,1236.83,2432.82,5495.48,1
2534,10000,2,1,2,45,-1,2,-1,-1,0,-1,5261.24,4958.16,4686.76,4877.56,4608.88,4484.67,2621.12,1972.87,866.82,2194.69,809.86,1377.48,1
2535,100000,2,1,2,49,2,1,0,-1,0,-1,36294.44,38479.48,38771.29,38661.57,35636.83,30033.26,10276.11,10852.8,20728.65,8082.73,18061.65,8920.82,1
2536,200000,2,2,2,48,-1,0,1,-1,1,-1,151028.77,135925.1,119127.53,117667.18,86192.39,67551.87,55580.12,10649.98,12176.97,15937.88,35160.57,34882.72,0
2537,100000,2,2,1,30,0,0,-1,-1,-1,0,84203.85,77955.69,78327.57,66767.92,50163.87,42350.13,47048.62,36388.9,33729.5,39235.28,20186.21,9908.55,0
2538,20000,1,2,2,43,-1,-1,-1,-1,0,0,17772.6,15054.37,16020.24,11556.08,8278.93,7511.24,6980.54,5370.55,8472.02,1652.53,1326.68,544.92,0
2539,200000,2,1,2,52,2,-1,0,1,0,-1,73807.65,66709.41,70938.1,74696.07,76561.41,59717.63,16305.22,28148.59,31016.78,29377.13,27224.61,19960.38,0
2540,200000,1,1,1,51,-1,0,-1,-1,0,-1,63239.05,68906.78,59096.6,56455.88,46826.1,37900.52,22979.98,15474.37,33059.13,6837.9,27773.87,6860.31,0
2541,100000,1,1,2,39,-1,-1,-1,-1,-1,-1,22885.43,24330.95,21468.53,15805.3,13607.3,13045.51,11979.62,4656.04,4952.88,9109.6,4023.34,3125.18,0
2542,200000,1,2,2,35,2,-1,-1,-1,0,-1,27594.0,28199.84,28194.52,20656.01,19616.34,19414.82,3698.83,11242.49,3506.31,6236.95,6932.91,4799.59,0
2543,200000,2,3,2,53,0,0,-1,-1,-1,-1,48322.37,50055.47,52678.11,49818.21,54180.43,47810.46,24303.13,14161.01,12762.37,19094.62,28812.58,25782.43,0
2544,100000,2,1,3,37,1,1,0,-1,-1,0,32760.66,32787.01,30707.19,26680.99,25241.26,27458.36,3448.11,7967.41,11603.73,2147.76,13392.17,14492.84,1
2545,10000,1,1,2,56,-1,1,2,0,-1,-1,4128.5,3448.89,3713.28,2882.57,2153.08,1769.88,2379.87,574.35,2117.21,1643.2,185.87,997.68,1
2546,50000,1,1,2,40,0,-1,-1,-1,2,-1,9388.43,7841.54,7624.99,6067.76,6438.09,6854.45,1293.4,2146.12,1620.61,2517.21,3518.84,2513.66,0
2547,10000,2,2,2,29,3,1,-1,-1,0,0,7561.88,7268.14,6385.68,5455.24,4319.77,3497.72,2316.85,4096.95,2726.48,696.8,1774.79,1317.89,1
2548,50000,1,2,2,58,0,0,-1,0,-1,1,29761.53,29125.68,23475.0,23476.97,23858.58,23721.34,17053.92,3209.01,2472.58,7970.15,5686.62,7592.41,0
2549,50000,2,2,2,23,1,0,-1,-1,-1,-1,27505.38,30023.4,31290.62,24368.77,24345.55,26764.38,4533.23,4184.8,6179.04,12395.83,11485.42,12150.96,1
2550,10000,2,3,2,22,3,-1,-1,-1,0,0,5362.2,5015.55,4152.08,4072.85,3527.2,3645.13,2161.04,1920.89,572.48,1881.41,1123.65,2031.91,1
2551,50000,2,2,1,38,0,0,0,-1,1,-1,16598.35,17847.27,14697.81,11341.06,10307.63,9174.94,7560.92,3253.77,4604.02,6283.11,3622.85,587.2,0
2552,20000,2,1,1,43,-1,0,-1,-1,-1,1,17000.69,18651.46,19269.57,19375.42,15334.61,11498.45,1204.15,9873.38,10891.78,11078.42,6145.55,2302.04,0
2553,200000,2,1,1,39,-1,0,0,-1,2,0,57077.49,60122.59,48668.93,51594.0,50615.61,54993.97,21506.95,31131.16,26929.51,3502.63,24981.03,4308.57,0
2554,300000,2,2,2,27,-1,-1,2,-1,-1,0,190482.61,175185.74,184440.46,161775.44,176611.33,174540.7,89147.08,49214.15,52550.86,64960.88,54651.73,41405.6,0
2555,10000,2,2,2,55,0,0,0,-1,2,-1,3024.86,3103.6,3040.34,2908.18,2532.64,2621.77,1764.54,1316.49,1586.13,236.2,488.12,1353.99,0
2556,300000,2,2,1,40,2,2,-1,-1,0,-1,267508.72,257781.72,255452.3,206032.78,226464.36,210413.16,33792.43,122937.02,73394.5,10917.24,87598.34,66389.44,0
2557,100000,1,2,1,40,0,1,-1,-1,-1,-1,82933.07,71293.01,77097.35,82575.55,66139.63,58952.26,43536.3,16525.55,21200.16,7816.0,38649.97,31822.86,1
2558,50000,2,2,1,39,2,-1,-1,-1,-1,0,15582.26,13072.12,13856.55,12060.05,9023.85,6599.75,6173.07,2941.94,7433.72,7178.55,934.8,3451.94,1
2559,10000,2,3,2,61,1,-1,0,0,-1,-1,8899.76,7306.93,6012.13,5402.98,5940.01,4305.21,4005.73,376.28,401.76,274.03,318.71,550.6,1
2560,100000,2,2,3,36,3,-1,2,0,-1,-1,60076.75,53944.71,56959.99,45829.29,38974.61,36356.92,27478.22,9667.85,30439.03,18919.67,10271.61,7489.29,1
2561,200000,2,2,2,58,2,0,0,-1,0,-1,136568.64,137473.85,137493.58,106915.7,111592.61,86540.1,61216.84,58389.27,69994.14,41400.13,38971.52,30760.25,0
2562,100000,2,1,2,41,0,0,0,-1,-1,0,32633.28,35053.26,31373.79,24815.75,17663.94,17133.6,18199.84,10288.94,5035.62,12015.62,5847.34,4306.48,0
2563,10000,1,2,2,49,2,-1,-1,0,2,0,2727.75,2444.42,2581.33,2298.24,2186.18,2367.3,321.04,970.18,705.99,963.47,488.16,924.64,1
2564,10000,2,3,1,64,0,2,2,-1,0,-1,7864.55,7544.52,6088.35,4596.97,3223.97,2715.68,1618.91,1314.28,3155.27,2607.53,1816.21,1026.99,1
2565,50000,2,2,2,58,0,0,0,0,1,0,16007.66,15057.51,15829.4,13536.54,12207.27,12143.62,8753.21,5799.23,5650.07,7037.53,2247.94,820.21,0
2566,50000,2,2,2,44,0,-1,0,-1,0,-1,41701.18,34721.61,34237.49,29198.21,29041.23,30915.23,12554.17,6407.28,15429.14,5977.31,3407.09,8313.83,0
2567,20000,2,2,2,57,0,-1,-1,-1,-1,-1,7866.33,8087.24,7103.43,6203.15,5883.94,6104.35,2149.31,3545.07,965.28,3301.79,1018.22,1812.84,0
2568,50000,1,1,2,49,-1,-1,-1,0,-1,-1,5365.89,5128.78,4112.19,3572.67,3397.8,2492.54,1859.5,697.9,1277.44,727.33,351.59,1344.5,0
2569,200000,2,2,2,51,0,0,-1,0,-1,-1,114746.08,123374.13,117994.71,95548.35,79366.45,77061.38,25338.37,25812.0,39070.09,39418.25,40891.58,34005.87,0
2570,300000,1,1,2,59,-1,-1,1,-1,0,-1,114870.34,120686.77,111837.64,94695.38,90291.47,74131.59,43506.02,19734.89,11427.54,17515.18,24455.75,13189.88,0
2571,50000,1,4,2,32,-1,0,1,1,0,-1,44038.94,38907.61,41193.99,43704.59,45536.04,48320.55,23501.4,2486.91,9421.05,24739.08,23080.23,17967.48,1
2572,300000,2,3,3,50,0,0,-1,-1,-1,-1,122812.04,109767.66,113760.41,81337.44,73094.49,56158.6,32871.36,60552.71,51612.39,35623.54,29302.04,15656.89,0
2573,50000,1,1,2,24,2,-1,0,0,-1,1,17578.74,16894.85,16504.53,12132.72,11121.84,8774.93,2887.97,1546.98,2368.8,3807.06,3458.89,4782.04,1
2574,50000,2,1,1,50,0,-1,-1,-1,-1,-1,27655.79,23162.93,19578.58,20979.19,21720.9,19478.46,3758.41,6448.39,7670.47,10310.97,2308.44,1353.74,0
2575,20000,1,2,2,25,-1,0,-1,-1,-1,-1,13678.2,11973.02,12186.59,9851.64,7376.33,6138.67,5932.92,2931.4,1111.51,639.64,519.49,3671.61,0
2576,100000,1,1,2,36,1,-1,-1,0,-1,0,87321.33,91366.74,89364.6,73428.24,69054.47,58266.05,7899.07,13734.88,8270.47,29350.41,24621.13,7223.82,0
2577,500000,2,1,1,47,2,2,-1,-1,-1,0,77845.93,65849.97,53125.32,44499.53,39594.42,34438.81,7109.17,19385.12,22954.38,2989.56,6335.87,13675.92,0
2578,100000,2,2,1,24,1,0,-1,-1,0,-1,43560.69,41986.95,43185.35,32015.51,27754.52,21024.09,25208.92,13733.99,25735.4,5615.79,8150.72,4486.16,1
2579,50000,2,2,1,28,0,-1,-1,-1,0,-1,31547.1,28966.22,30400.52,30631.35,26436.58,19519.95,13151.09,5691.89,7599.56,6796.39,15083.0,6441.22,0
2580,100000,2,1,2,28,-1,0,0,-1,-1,-1,10397.51,8944.76,9234.11,7066.56,6735.44,5234.57,1602.03,3035.76,3588.8,3270.69,831.98,1136.19,0
2581,20000,2,3,2,37,-1,0,-1,-1,1,-1,9824.53,10717.89,9141.28,8964.87,9494.1,8674.05,3908.66,4321.37,3570.13,4977.12,4164.17,2512.12,0
2582,200000,1,3,1,64,0,-1,0,-1,0,-1,149045.07,156130.23,148440.85,117714.03,113008.28,97247.21,54897.82,52486.8,21762.02,29761.99,18833.06,17241.02,0
2583,100000,1,2,1,23,-1,-1,0,-1,0,-1,14069.73,12381.44,11863.7,11541.52,9299.56,8979.58,6733.09,6734.69,6729.63,4500.21,1697.17,857.11,0
2584,50000,1,3,2,47,-1,0,0,0,-1,-1,18621.88,19284.53,20833.2,22682.13,17127.77,16737.98,5270.47,2419.65,7088.64,10832.05,6872.67,6571.6,0
2585,100000,2,1,1,54,2,-1,1,-1,-1,-1,42073.47,33739.78,36360.72,32865.69,35866.27,34150.99,2492.97,17256.64,9633.91,16932.9,4375.06,18156.93,1
2586,100000,2,1,1,41,0,-1,-1,-1,-1,-1,67302.78,59446.51,48667.9,40275.85,33093.12,26173.31,19658.33,7732.08,6040.62,23340.09,8710.78,9386.93,0
2587,10000,2,1,2,63,-1,0,-1,0,-1,0,3365.75,2801.65,3081.14,2622.64,2324.9,2206.17,1447.92,802.81,1106.99,1259.67,602.42,674.16,0
2588,100000,2,2,2,44,-1,0,-1,-1,-1,-1,29701.42,27539.89,28531.52,24353.63,17216.5,15928.43,17123.23,3693.6,15589.59,1653.04,5172.26,1035.66,0
2589,20000,2,3,1,64,-1,0,-1,-1,-1,0,3848.06,3814.87,3481.68,2611.72,2675.62,2555.32,1970.52,1459.16,1151.33,277.07,602.49,818.45,0
2590,100000,1,2,2,61,-1,-1,-1,-1,1,0,89670.36,76344.74,78099.51,80248.65,81632.24,65276.41,5629.02,18328.79,9201.12,40815.09,16355.24,29697.25,0
2591,200000,1,3,1,49,0,-1,0,0,-1,-1,95466.59,83220.34,75979.76,64711.4,63279.65,69316.37,17618.77,24849.75,15396.54,13189.92,30378.73,9493.91,0
2592,200000,2,2,2,59,-1,0,0,-1,-1,-1,27713.88,25436.11,27493.48,27140.4,22863.77,25033.87,9767.19,3566.49,16308.81,2588.4,2146.11,11777.0,0
2593,100000,2,2,1,26,1,0,-1,2,-1,0,16122.64,15949.04,14568.39,11773.48,10001.0,10516.2,1296.77,4949.75,3944.25,6789.87,5174.53,3323.91,1
2594,100000,2,2,1,34,1,0,-1,0,0,1,20236.33,18075.45,18614.63,15683.97,14090.53,11206.11,7640.54,8223.48,11016.29,4062.75,7201.83,5262.17,1
2595,20000,1,1,2,34,0,-1,-1,-1,-1,-1,5387.91,5282.58,4472.14,4717.04,4060.43,4064.79,1540.95,2979.16,1565.94,1186.17,2285.78,535.68,0
2596,200000,2,1,2,57,1,-1,-1,0,-1,-1,138468.04,125282.43,132260.07,115063.8,88297.25,66242.1,57845.79,25841.45,58271.12,13054.81,16057.17,10662.46,0
2597,50000,1,2,1,44,-1,0,0,-1,-1,0,27347.53,23993.58,23660.87,19905.26,15773.15,16826.49,4684.33,6926.36,4052.62,10032.98,8738.49,4970.63,0
2598,50000,1,2,1,33,0,0,-1,-1,-1,-1,36066.38,38104.67,39715.74,32783.91,27287.05,21546.09,5516.04,18311.62,23551.45,9784.28,8124.36,6726.33,0
2599,50000,2,2,2,21,0,-1,1,-1,-1,-1,5792.73,5299.72,4904.3,5184.7,3670.54,3216.89,3205.57,1890.86,268.4,1121.83,1563.89,1919.8,0
2600,20000,1,2,2,32,0,-1,0,-1,-1,0,6241.86,6713.19,6068.02,5273.93,4411.65,4223.88,1491.52,3067.04,3162.39,2663.57,2287.35,2502.16,0
2601,100000,2,1,1,62,-1,1,-1,0,-1,0,42442.05,37844.4,36322.55,38169.72,39255.02,33229.92,24789.55,18230.83,15571.67,19832.87,3314.94,10012.13,0
2602,10000,1,2,2,44,-1,2,-1,0,-1,0,4432.11,4267.51,3910.99,3207.46,2847.26,2264.85,610.85,1935.34,1613.53,1419.8,196.73,411.96,0
2603,100000,2,2,1,57,-1,-1,-1,-1,0,0,14284.81,11657.53,11124.13,12140.0,9399.39,9560.53,6633.0,6686.82,2485.19,3446.06,1513.25,4120.11,0
2604,50000,2,2,2,40,0,-1,0,-1,-1,-1,25460.81,25564.74,23754.6,21405.75,20932.89,21456.36,4096.11,11565.13,3618.53,4596.58,7502.47,3357.47,0
2605,10000,1,3,1,26,1,-1,2,1,-1,-1,3292.99,3420.24,2937.96,2250.03,1594.5,1420.53,1461.11,395.21,1154.86,749.7,762.1,286.89,1
2606,100000,2,2,1,32,0,-1,-1,-1,-1,-1,25317.85,27632.51,30202.02,26264.53,20009.05,16398.81,4918.48,13557.58,16712.95,9375.2,9534.47,5680.45,0
2607,10000,1,2,1,41,1,-1,0,-1,-1,0,6369.29,6694.02,5387.52,5240.48,4888.61,4809.3,1480.42,662.83,1011.65,1895.83,2645.64,2741.39,1
2608,50000,2,3,2,23,-1,-1,-1,-1,0,-1,8353.98,7466.42,8046.52,8490.14,8226.61,8720.22,3364.09,2003.74,3970.89,3914.61,2928.64,575.07,0
2609,100000,1,3,1,47,2,0,-1,0,-1,0,79360.61,76740.19,80440.46,60397.45,49398.75,50461.41,5433.01,18656.46,7936.87,5008.47,17690.85,21240.51,1
2610,10000,1,3,1,56,0,0,-1,-1,2,-1,8198.6,8014.64,7423.73,6854.91,5560.65,5140.91,1521.71,1091.47,1363.46,2787.67,517.82,2703.41,0
2611,200000,1,1,1,37,-1,0,2,-1,-1,0,72085.84,58896.7,52808.5,48217.27,34150.34,24720.38,37594.78,6424.85,4243.84,25448.1,16081.45,11211.84,0
2612,10000,1,1,1,35,0,0,-1,-1,-1,0,8895.2,7310.05,6209.2,5162.0,4201.76,4486.08,1968.44,1528.91,1615.64,631.03,1320.69,1413.44,0
2613,20000,2,1,2,59,0,-1,-1,0,0,0,8420.27,7559.23,6349.13,5482.04,5941.02,6317.81,4847.61,3231.72,2748.81,1943.96,979.0,3295.18,0
2614,100000,1,1,1,24,-1,-1,0,-1,2,-1,86985.22,89014.35,85923.38,70615.53,60646.61,48666.16,11201.62,14529.45,27725.18,30257.51,7204.75,23372.83,0
2615,50000,1,3,2,37,1,1,0,0,-1,-1,44475.14,39389.85,32757.71,26892.74,22351.38,21784.41,19872.33,22986.69,11328.17,15556.42,12048.5,9880.09,1
2616,20000,2,2,1,58,2,0,0,-1,-1,0,15230.56,16178.48,15255.36,13933.47,13245.64,11251.78,2128.44,854.32,5586.93,1434.26,4861.47,1219.34,1
2617,50000,1,1,1,31,-1,-1,-1,0,-1,-1,9993.23,9928.25,10369.19,7507.51,8225.5,6481.84,4697.55,3603.53,1792.19,3376.91,3208.03,2836.32,0
2618,50000,2,1,2,32,0,-1,2,0,-1,2,28376.77,26686.69,27410.05,24464.25,21408.34,15077.56,4746.09,9536.57,6398.31,9066.28,3905.28,2044.14,0
2619,200000,2,1,3,52,-1,1,2,0,1,-1,137107.22,131920.13,110780.4,91916.82,67832.48,57389.91,72165.37,26498.06,33254.59,21859.85,23922.6,31215.96,0
2620,50000,2,2,1,47,2,-1,0,0,-1,1,8098.58,7284.1,7927.45,7021.75,6930.28,5436.23,3185.32,2749.88,2897.92,546.89,952.69,2209.69,1
2621,200000,2,2,1,64,-1,-1,0,-1,-1,0,162982.7,178005.58,157686.42,171877.19,182012.87,129134.68,87132.06,63835.43,81348.61,39726.61,51032.62,68805.12,0
2622,200000,2,3,2,63,-1,1,0,0,0,0,156288.74,133280.97,134841.32,134369.9,130627.64,118959.26,61799.96,57088.17,40994.02,67780.9,24211.72,17138.71,0
2623,50000,1,3,2,47,0,0,-1,-1,-1,-1,42354.26,44815.85,39892.78,41671.69,37459.07,29705.18,20907.26,23764.07,18866.09,16631.09,5304.41,10938.41,0
2624,300000,2,1,3,60,-1,0,-1,-1,-1,-1,153431.06,153959.66,151685.35,128718.97,102792.19,96162.39,81079.21,16207.25,17412.17,22594.64,50338.03,5548.95,0
2625,50000,2,1,2,64,-1,-1,0,-1,-1,-1,17972.19,18214.24,17699.63,17386.91,15272.6,13245.96,5533.64,9278.4,2148.34,10364.94,6321.78,1338.65,0
2626,300000,2,1,2,49,-1,0,2,0,-1,0,151522.76,159211.52,135886.2,120294.58,104523.51,87437.1,63698.05,9753.18,28332.34,55371.91,51192.33,21076.32,0
2627,10000,2,2,2,29,-1,0,0,-1,2,-1,6834.84,5747.19,5722.87,5372.86,5829.94,4957.74,441.69,482.16,1287.68,826.77,2971.8,1019.55,0
2628,100000,2,3,2,63,-1,0,-1,-1,-1,-1,43296.41,43666.52,39203.88,34310.86,24524.67,22797.09,13984.75,23979.72,15463.79,16456.94,6483.56,11177.9,0
2629,50000,2,2,2,23,2,-1,-1,1,0,0,19070.51,19697.57,19369.51,14579.11,12331.94,12746.26,3182.5,8629.5,3304.95,7394.01,5745.55,4449.27,1
2630,50000,2,2,2,59,2,2,0,-1,-1,-1,8082.23,8853.14,8520.38,9192.96,7578.87,7334.32,913.12,3572.14,1088.34,4861.74,3438.3,4016.77,1
2631,100000,2,2,2,49,0,-1,0,-1,0,0,45778.92,46889.87,49365.45,48503.82,53007.6,39449.45,27378.38,15699.0,20005.55,22155.76,9841.78,22637.07,0
2632,100000,2,1,2,41,0,-1,-1,0,-1,-1,41431.18,44974.62,38861.57,36539.31,25672.1,23792.89,24791.93,21544.46,23259.39,3441.91,11014.08,12587.79,0
2633,10000,1,1,2,55,0,-1,0,2,2,-1,6306.34,6652.68,5624.33,5198.65,4247.23,4279.36,1053.82,2999.63,3350.03,2586.52,2380.44,883.59,0
2634,20000,2,2,2,30,-1,0,-1,-1,0,0,9019.92,9585.51,10126.8,10016.97,10913.83,8997.66,4903.06,2292.46,5641.84,5611.81,4662.34,3476.01,0
2635,100000,2,2,2,43,-1,0,1,0,-1,0,10323.1,11098.12,10358.58,9457.58,7222.67,6870.31,5609.25,3578.29,871.55,3072.03,1661.51,3222.11,0
2636,100000,1,1,2,59,0,0,0,-1,-1,-1,48748.3,46766.57,48382.5,38046.37,38644.51,27058.03,28617.56,14744.83,22756.97,17828.49,16851.79,9258.94,0
2637,300000,1,2,1,45,-1,-1,2,-1,1,-1,215691.55,218561.53,237766.93,167132.14,154679.63,166419.79,57325.25,63073.06,62126.94,54709.95,57182.75,38859.05,0
2638,200000,2,3,1,44,0,1,-1,1,0,2,171248.75,143367.34,138105.5,117836.23,125186.83,101037.27,96345.21,60929.7,69359.21,47417.24,61735.01,15187.81,0
2639,300000,1,2,2,40,0,-1,0,0,-1,-1,76309.39,69207.62,61608.89,57015.62,59823.12,63555.84,36629.6,34334.49,4719.65,23139.21,11932.89,36858.1,0
2640,100000,1,2,2,35,0,-1,0,0,0,-1,43802.87,46598.43,48381.7,41061.61,38207.57,30056.37,19895.48,26813.2,24690.02,12278.2,5319.62,4911.91,0
2641,50000,2,2,1,41,1,0,-1,0,-1,-1,38898.43,42527.83,45899.57,41921.24,38639.02,40898.98,7246.73,11786.89,17941.97,10274.25,11123.52,20301.2,1
2642,20000,1,2,2,62,0,-1,-1,0,0,0,2685.54,2238.4,1955.34,1888.76,1436.29,1324.04,858.7,971.88,184.01,547.25,566.57,163.18,0
2643,200000,2,2,1,32,3,0,1,-1,-1,-1,75983.25,74147.39,74629.61,76416.5,55338.36,42776.29,36731.93,26669.77,43071.98,28242.67,5712.86,25387.44,1
2644,100000,1,4,1,38,1,-1,0,-1,-1,-1,57286.47,58453.93,60451.61,49537.5,49182.77,40707.31,29543.72,8739.82,32031.77,16838.87,9579.65,9590.24,1
2645,10000,1,1,3,43,-1,-1,-1,0,-1,0,3740.13,3571.16,2885.39,2750.56,2599.35,2682.47,593.97,778.65,1237.79,1108.59,368.76,1282.79,1
2646,50000,2,2,2,61,0,-1,2,0,-1,-1,24575.45,21377.91,20900.76,22086.05,22486.89,24310.61,5435.7,11053.25,5289.12,1666.18,10650.7,3254.57,1
2647,300000,2,1,1,49,0,-1,-1,-1,1,-1,255385.85,207505.01,205419.51,156318.58,110561.41,116156.2,35601.75,102565.05,67855.86,47366.29,48365.7,51612.59,0
2648,100000,1,1,2,61,0,-1,0,-1,-1,1,11914.12,12932.17,12815.3,12510.27,13429.44,14082.05,1587.06,6703.13,833.15,1110.78,5290.91,6050.95,0
2649,50000,1,2,1,56,0,-1,0,0,0,-1,8116.59,7069.94,5834.34,6218.14,4534.35,3181.87,1358.32,518.9,2447.64,2893.91,1381.55,823.58,0
2650,50000,2,3,3,25,-1,0,0,2,-1,0,12878.52,11458.43,9241.29,8950.53,9504.15,8357.52,7084.89,6811.99,5318.01,1766.02,2814.22,603.13,0
2651,20000,1,2,1,59,3,-1,0,0,-1,-1,8158.39,8099.94,7193.62,5301.95,4116.92,4260.24,2034.72,2887.36,1224.69,1273.54,1377.38,1178.49,1
2652,50000,1,1,1,46,1,0,-1,-1,0,1,23831.59,22129.75,20079.42,16329.67,13128.96,9375.2,7713.98,7266.04,5504.54,6691.93,6566.97,3354.95,1
2653,50000,1,1,2,59,0,0,2,-1,-1,-1,6466.86,5995.04,5056.14,3922.51,4113.61,4021.61,364.8,2721.3,2649.57,943.92,1554.54,323.18,0
2654,10000,2,2,2,31,-1,0,-1,0,-1,0,8060.53,6648.17,6334.88,6746.29,5940.62,5349.18,3741.17,813.89,547.21,3044.9,2735.97,1059.14,0
2655,200000,2,1,1,62,1,0,0,-1,-1,-1,141374.38,155167.3,134726.14,147770.17,144484.74,146818.36,29507.35,27264.7,30447.17,77435.56,27980.62,86405.43,0
2656,50000,2,1,2,31,0,-1,-1,1,-1,-1,15720.41,13917.61,12543.38,10952.08,11609.12,9337.4,6874.85,7906.96,7122.42,4383.84,3631.01,5191.09,0
2657,200000,2,2,1,38,-1,-1,-1,-1,-1,-1,61082.92,50882.41,45175.8,47817.61,39049.69,41114.49,9735.07,8331.76,21365.83,6501.37,15491.67,20545.79,0
2658,200000,2,1,2,32,0,0,0,0,-1,-1,24093.67,24201.4,24966.39,18825.38,14200.08,11625.6,6201.07,5690.27,2359.48,5596.03,3171.31,1541.3,0
2659,20000,2,2,1,36,1,0,0,2,0,-1,8386.11,8601.32,9144.25,6413.55,5875.99,6348.88,2806.76,1594.7,2793.13,2904.82,1972.59,1734.3,1
2660,100000,2,2,2,47,-1,-1,-1,0,0,-1,30358.43,24517.66,21809.48,20224.96,17298.47,16540.62,12058.35,7744.22,7238.46,4041.43,8857.81,2713.85,0
2661,50000,1,1,2,56,1,0,-1,0,-1,0,29736.8,26191.41,23912.62,26183.22,26693.87,20789.02,4183.4,12890.8,10933.62,14968.92,2470.33,3502.45,1
2662,200000,2,2,1,37,0,0,0,2,-1,0,107661.29,92406.73,96526.41,89281.25,62677.18,63327.55,30982.81,47188.72,16207.63,50791.12,31021.46,33828.97,0
2663,20000,2,2,3,41,0,0,0,0,0,-1,17314.13,17948.29,18445.99,20146.79,18779.92,17163.23,978.09,4105.44,3312.21,4757.21,7168.9,4750.2,0
2664,100000,2,2,3,57,-1,0,-1,2,1,-1,73619.52,62953.97,63749.59,56118.71,50864.52,43903.46,9054.48,5717.66,33084.44,21755.68,14048.69,22695.45,0
2665,100000,1,2,2,51,-1,-1,0,0,-1,-1,16469.18,14337.56,14514.73,12378.4,12872.16,11441.35,3796.13,1604.33,2517.35,3262.57,4617.07,2879.03,0
2666,50000,1,1,1,55,-1,-1,-1,0,-1,-1,33171.48,36357.6,32327.49,34649.63,32245.86,27722.9,18750.66,18147.34,9574.07,15568.68,12358.8,2211.92,0
2667,20000,2,3,2,47,-1,-1,-1,0,-1,-1,3713.84,3753.33,4057.2,2919.25,3206.13,3151.58,1989.91,1072.75,1754.0,1419.25,1537.03,390.56,0
2668,100000,2,2,2,43,-1,-1,-1,-1,-1,-1,35847.02,32846.55,34251.01,28452.83,20218.96,16246.8,12120.35,16478.56,11600.43,4030.13,9930.92,1213.93,0
2669,100000,2,1,2,52,0,1,0,0,-1,-1,54401.42,55824.44,48208.85,42298.39,38129.01,34500.31,20804.47,3225.4,26681.0,14224.78,17425.27,7015.57,0
2670,50000,1,1,2,37,-1,-1,-1,2,-1,1,24828.7,23337.55,23305.94,17124.6,18672.7,18713.24,5178.14,1615.2,7717.36,4116.38,1109.36,6272.45,0
2671,100000,2,1,1,31,-1,-1,-1,0,-1,-1,65466.78,56550.22,47867.95,43408.48,46804.8,35452.02,27392.72,12639.88,7856.97,24260.56,16681.65,6062.59,0
2672,50000,2,1,2,21,-1,-1,0,-1,0,-1,37401.13,35396.13,34450.72,29287.27,23061.92,18835.46,6747.87,5744.43,17480.35,4635.77,6625.0,6930.67,0
2673,100000,2,2,2,48,-1,0,0,-1,-1,0,76350.84,78764.08,69842.41,61097.56,62984.76,49467.03,3922.94,31888.31,33408.9,34860.5,23113.18,10480.9,0
2674,20000,2,1,1,38,0,0,-1,-1,-1,-1,2933.34,2503.61,2081.94,2028.91,2073.85,1926.12,1700.69,931.15,335.67,569.31,794.3,611.78,0
2675,200000,2,1,2,61,0,0,-1,-1,-1,-1,122664.9,115999.26,113789.79,82854.97,89897.22,77745.27,31880.1,62856.1,53951.92,43949.29,34957.78,17296.48,0
2676,50000,2,2,2,40,-1,1,0,-1,-1,-1,43455.12,36319.63,38690.91,41968.7,37929.14,31465.21,14665.95,17566.13,8792.29,12815.85,9197.38,11935.87,1
2677,50000,2,1,2,27,-1,-1,0,2,0,-1,35200.84,37059.6,31212.08,28370.98,25865.68,21807.78,3697.88,3907.66,11264.86,10996.84,7651.72,8717.34,0
2678,10000,2,2,1,57,0,-1,-1,1,-1,0,5159.22,5394.7,5770.81,5975.82,6062.98,5382.8,1754.26,2901.84,3370.1,3546.38,356.42,2813.71,0
2679,20000,1,2,2,36,-1,0,-1,-1,-1,-1,17976.63,18013.25,15101.3,12494.79,13739.21,11916.92,9820.53,2089.74,1122.9,5652.67,7755.71,6004.25,0
2680,100000,1,1,1,59,2,0,0,0,0,-1,13518.56,14546.07,14874.27,12277.34,10112.28,9935.61,7201.43,2301.18,2140.07,1929.31,6000.53,3504.1,1
2681,50000,2,2,2,43,0,-1,0,0,0,-1,8526.12,7843.9,8603.81,9133.16,8889.5,8685.8,3136.48,2572.17,3298.32,1779.24,2404.79,2334.51,0
2682,200000,2,2,2,52,-1,-1,0,-1,-1,0,142902.73,119980.14,99356.03,74218.02,71877.19,51079.63,74481.88,13362.26,7704.8,22614.16,20182.21,8483.04,0
2683,10000,2,2,2,37,0,0,0,1,-1,-1,5397.98,5898.32,5094.98,3777.98,3940.17,3876.55,1351.29,1030.72,562.93,1406.58,1192.84,1510.9,0
2684,50000,2,1,1,39,0,-1,-1,-1,0,2,9976.98,9517.26,8937.35,8748.18,8396.45,6623.15,1555.31,2819.4,3460.04,731.29,1774.97,2319.08,0
2685,50000,1,2,2,62,-1,-1,0,0,1,2,20012.5,18864.88,19266.3,17077.86,15084.54,13092.31,5641.46,3520.82,9879.87,1262.8,4367.46,925.11,0
2686,10000,2,3,3,54,-1,0,-1,0,2,-1,1514.31,1240.4,1326.45,1309.1,1079.13,851.42,750.03,707.81,464.46,394.79,266.82,60.07,0
2687,20000,2,2,1,34,0,-1,-1,0,2,-1,10422.72,10121.64,10311.25,9003.38,9792.71,7320.92,4573.22,1407.94,1574.72,3042.65,594.99,970.33,0
2688,50000,1,1,2,23,2,0,1,0,-1,-1,9162.78,9102.51,9388.02,7366.75,6146.04,5737.76,2396.55,3324.72,1147.82,691.56,735.42,2550.51,1
2689,50000,1,2,2,59,-1,-1,1,-1,-1,-1,5275.94,4969.71,4649.86,4585.22,3677.61,3972.74,1254.76,1609.25,2331.2,1428.33,343.0,2076.1,0
2690,50000,2,2,2,45,0,-1,0,0,-1,-1,17896.97,19205.64,17414.61,12462.28,12674.92,10758.3,10387.01,5740.18,9517.27,5973.2,2298.42,689.08,0
2691,100000,1,2,1,31,-1,0,-1,-1,-1,-1,28709.41,29361.5,27961.81,24583.6,22102.14,21467.97,5594.24,5243.61,13004.41,8653.53,2318.02,10734.23,0
2692,100000,2,2,1,35,0,-1,0,2,-1,-1,38967.82,31625.75,31463.12,27796.43,21494.94,18941.8,8552.57,4899.21,5371.76,8693.73,3796.19,5795.36,0
2693,10000,1,2,2,39,0,0,0,0,-1,0,3803.65,3662.05,3481.52,2545.58,2147.52,1658.99,916.72,794.86,848.17,227.33,112.16,449.04,0
2694,50000,2,3,1,63,0,-1,-1,-1,-1,0,30200.52,33163.24,34393.56,27399.72,21409.79,22873.94,14515.34,12465.99,9868.07,16146.68,12713.76,7996.09,0
2695,300000,2,2,1,35,1,-1,0,0,-1,-1,193203.55,166140.43,140741.26,113154.37,88668.93,78014.86,99999.86,61385.92,16653.74,39339.05,9760.93,44105.17,0
2696,100000,2,2,2,35,-1,-1,-1,-1,-1,-1,20188.72,19888.97,18275.1,19320.37,14110.0,9924.46,3419.93,9445.21,3460.86,5741.84,7224.94,3601.47,0
2697,100000,2,1,1,58,0,0,-1,0,-1,-1,49092.93,43302.34,35505.88,32134.81,30787.57,27174.83,13454.27,9392.18,15965.04,2910.21,3267.88,2921.81,0
2698,50000,2,3,2,35,-1,-1,0,0,-1,-1,40566.05,36973.73,37026.65,35853.11,30421.63,21367.34,21336.44,16278.92,17784.31,16318.62,6730.29,6612.67,0
2699,200000,1,3,2,29,1,-1,1,0,-1,0,43745.69,35437.96,36398.67,26278.52,19020.51,19354.67,9731.76,18965.98,5472.21,5297.62,10800.89,11376.98,1
2700,200000,1,1,2,25,1,-1,0,0,-1,0,174699.92,175813.66,175851.56,130374.95,125211.64,106072.09,47537.17,91747.03,40382.75,12273.75,27663.87,14831.52,0
2701,100000,2,2,2,39,1,0,0,-1,0,-1,11547.61,11890.78,12919.89,11955.39,9788.34,9258.23,4093.79,3640.46,4158.79,5332.44,4013.71,2816.34,1
2702,500000,2,1,1,44,-1,-1,-1,-1,2,-1,89886.54,92751.68,100138.69,103548.07,79195.81,79725.34,36205.72,38374.19,14649.75,32554.64,17823.3,34552.03,0
2703,20000,2,2,1,49,0,1,-1,0,-1,-1,4841.24,5282.58,4654.61,3356.87,3639.28,2587.83,1050.5,2680.25,2442.43,271.85,2069.25,648.86,1
2704,10000,1,2,2,25,0,2,-1,0,-1,0,4758.35,5002.75,4367.16,4775.01,3485.33,3162.01,1745.02,677.19,945.08,2470.28,194.35,1495.58,1
2705,200000,1,1,1,42,3,-1,0,-1,-1,0,67864.41,58518.24,47259.15,49819.51,42579.04,40672.83,30432.5,33737.5,8806.28,14749.7,8010.14,6779.76,0
2706,200000,1,3,3,33,-1,-1,-1,0,1,1,86907.21,75536.87,71818.23,75355.88,71302.96,63350.29,8651.54,28794.85,38886.46,9733.45,19768.51,6427.09,0
2707,20000,2,1,2,49,1,1,0,0,-1,0,17052.99,17571.35,18596.39,13081.99,14355.73,11807.84,10225.43,3608.14,7819.72,3090.78,7227.51,2727.51,1
2708,50000,2,2,1,36,-1,-1,2,-1,0,-1,18655.25,19272.21,16328.42,14084.19,10323.49,9139.25,10503.12,6518.77,5418.75,926.86,3769.73,4823.09,0
2709,10000,2,2,2,56,-1,1,-1,-1,0,2,7784.93,6515.3,6372.06,6488.71,6959.83,5966.49,1044.0,2965.45,694.49,3822.08,3773.21,2642.1,0
2710,50000,2,1,1,37,-1,-1,-1,-1,0,-1,7912.29,6345.58,6447.8,6469.99,6808.7,6431.69,1840.17,3183.26,837.71,2991.64,3649.8,3799.01,0
2711,200000,1,1,1,40,-1,-1,-1,-1,1,-1,149911.25,137980.44,125604.42,105288.71,106517.23,94549.45,30704.37,30285.71,21743.0,8093.91,61292.68,21878.0,0
2712,100000,1,1,2,34,-1,2,-1,0,-1,-1,82124.73,82814.76,83716.06,87990.26,65206.03,49040.16,5103.31,19729.06,14248.29,16028.89,9812.74,16003.74,0
2713,50000,1,2,2,26,-1,-1,-1,-1,-1,-1,16399.97,17383.96,18273.93,17441.07,14237.94,10444.51,5347.81,8688.83,9828.81,5441.54,4018.9,2954.3,0
2714,50000,2,2,2,42,-1,-1,0,-1,0,0,26883.96,22840.58,18344.48,20134.54,16277.7,12457.08,3683.79,11687.07,10419.94,8946.92,4640.59,3961.52,0
2715,10000,1,1,1,60,1,0,0,0,0,-1,2497.29,2608.64,2662.29,2220.06,2028.48,1473.17,312.69,1116.59,743.56,886.41,238.7,188.45,1
2716,50000,2,1,1,29,0,1,0,1,0,0,8634.25,8680.33,8506.3,8144.1,6091.67,4882.03,1432.39,3696.95,1363.87,2383.57,3471.09,773.49,1
2717,100000,1,1,1,52,1,-1,-1,0,0,0,71632.11,60872.01,64125.67,55776.27,57254.65,41680.48,33507.15,11458.06,12859.3,19560.03,14285.28,13559.62,0
2718,500000,2,2,1,44,0,1,0,-1,0,0,301931.97,320647.18,269850.8,258792.8,251771.61,237025.96,36549.89,184649.17,16969.83,19076.21,101110.09,138068.12,0
2719,200000,2,2,1,53,1,0,0,2,1,-1,140358.93,151573.13,157958.92,126984.38,132625.78,116428.39,55534.25,78457.1,26583.7,76116.91,50702.14,66313.67,0
2720,10000,2,1,2,33,0,2,-1,-1,-1,-1,4517.49,3974.22,3347.7,2855.56,2253.18,1807.46,948.36,2104.18,195.94,1504.52,406.32,183.81,0
2721,200000,2,2,2,55,-1,0,-1,-1,-1,0,59936.99,50623.22,49381.16,52980.65,50235.67,35417.14,5251.82,7976.16,28590.23,12054.9,18322.8,13121.48,0
2722,200000,2,1,1,26,0,0,0,-1,0,-1,88295.99,96268.05,84837.7,69195.66,71989.94,54604.1,51906.59,56903.49,33341.4,7560.51,13748.71,21358.48,0
2723,200000,1,3,1,60,0,0,-1,1,-1,0,30366.44,24501.63,21365.47,20260.48,14591.19,14105.1,12336.55,7229.24,8989.87,8016.92,3023.59,5638.7,0
2724,50000,2,3,2,50,0,-1,1,-1,-1,0,16341.08,17722.23,16829.42,17964.32,16531.42,13221.23,2647.02,7532.47,1603.7,9953.25,5831.85,5329.85,0
2725,50000,2,2,2,58,1,2,-1,2,0,-1,16900.91,14617.05,15014.62,13399.17,13277.09,11062.05,5550.24,7955.73,4557.73,5716.65,3999.79,927.06,1
2726,50000,1,3,2,36,0,-1,-1,-1,-1,-1,33580.99,31278.64,31077.42,30394.88,25794.0,18843.35,8855.2,3299.06,8932.71,2658.26,7294.66,6199.57,0
2727,10000,1,3,1,21,0,-1,-1,-1,-1,-1,1425.08,1271.89,1394.72,1393.63,1172.62,1078.01,208.7,286.24,711.49,360.51,312.31,55.24,0
2728,20000,2,3,1,62,1,0,-1,-1,-1,0,5924.35,5012.67,4189.18,3844.17,2740.58,2800.18,3428.16,1265.77,2005.26,1711.44,1274.58,1553.91,1
2729,20000,2,2,2,38,0,-1,-1,-1,-1,-1,6425.77,5820.09,5916.29,5038.09,4513.54,3797.32,3358.28,2768.61,1647.61,922.7,923.02,225.17,0
2730,50000,2,1,2,42,-1,0,-1,0,0,-1,27054.42,26020.25,21249.2,21745.81,20408.94,15222.63,6846.94,5530.86,9567.23,8776.1,4530.01,7269.34,0
2731,100000,2,1,2,46,0,0,-1,-1,-1,-1,29575.56,24492.94,22220.87,20479.8,20401.11,22065.6,14668.0,6488.66,2171.53,7605.1,7520.46,4017.8,0
2732,50000,1,1,2,34,0,-1,-1,-1,0,-1,10297.16,10737.4,9696.41,7237.94,5316.51,4808.84,1588.67,2778.3,1837.31,745.2,3085.54,1791.36,0
2733,10000,1,2,1,57,0,-1,-1,0,-1,-1,3063.85,3186.75,2794.35,2933.56,2542.41,1870.63,279.66,1757.77,401.31,1336.27,534.15,558.05,0
2734,300000,2,1,2,34,2,0,-1,-1,-1,-1,131251.91,136402.83,130908.63,107211.28,86092.43,77392.77,44578.39,7075.35,58777.82,31158.18,24004.55,27018.05,0
2735,300000,1,1,2,46,-1,1,0,-1,-1,-1,156114.41,157040.9,137110.84,123040.07,96309.78,69147.25,41503.09,19977.17,73448.58,17034.86,11613.61,26321.6,0
2736,200000,2,2,1,56,0,0,0,-1,-1,-1,25851.07,24211.56,22039.1,17312.21,13819.69,9979.43,2285.35,13572.5,8601.33,9691.39,5561.7,5895.64,0
2737,500000,2,1,2,43,1,-1,-1,0,0,-1,173924.34,182640.95,193206.49,173318.5,146320.22,121064.88,69007.58,70378.02,80329.62,79721.79,27533.27,58091.08,0
2738,100000,1,2,2,22,0,2,-1,-1,-1,0,71133.46,75085.26,67360.11,50634.67,50285.99,48822.8,35623.09,7500.05,25262.95,22682.0,17062.61,23965.4,0
2739,300000,2,3,1,59,-1,-1,2,0,-1,0,173428.13,153594.39,168306.86,155937.17,136332.17,133881.27,58969.97,47735.7,63082.21,46131.09,38313.9,72730.07,0
2740,10000,1,2,1,27,-1,-1,0,0,-1,0,4648.32,4389.33,3874.96,3522.77,2554.96,2709.75,370.25,2481.24,645.28,1423.57,1218.04,1493.0,0
2741,50000,2,2,1,59,0,-1,0,-1,0,-1,23118.86,19902.77,21313.9,21897.17,18370.78,13653.06,5955.13,9269.36,1280.83,8811.32,9334.02,7089.56,0
2742,20000,1,2,1,42,-1,-1,-1,-1,0,-1,7902.39,6928.32,6439.06,5949.43,4425.66,3919.33,1485.18,1321.79,1002.86,745.6,2016.26,1811.69,0
2743,20000,2,2,2,48,2,0,-1,1,0,-1,7472.7,6513.85,6984.53,6031.13,4732.95,4214.91,984.16,1882.46,1574.85,3220.19,1408.96,212.44,1
2744,20000,1,1,2,58,-1,0,0,-1,-1,0,8410.18,8814.57,8180.26,7252.08,5451.58,4821.02,2729.79,2819.76,2209.87,3622.55,1516.84,1836.25,0
2745,100000,2,3,1,40,0,0,-1,-1,-1,-1,79536.57,69613.96,71779.52,67608.68,73612.24,76306.11,6836.02,32762.03,32066.72,8487.61,20375.69,6591.39,0
2746,200000,2,1,1,38,-1,0,-1,-1,-1,-1,95013.01,91582.48,84255.82,87274.82,91816.15,94069.41,8050.9,43778.92,4934.15,19859.64,29922.73,5341.65,0
2747,100000,1,1,3,44,0,-1,-1,-1,0,0,63541.71,62809.32,61947.02,44396.96,42176.18,38089.25,30321.76,13287.6,22845.66,3905.5,16466.33,2328.24,0
2748,20000,2,2,1,53,0,0,-1,-1,0,-1,14925.58,15274.91,12455.87,13335.73,10671.56,10793.33,4255.9,6863.84,2640.03,3198.47,2436.03,6085.81,0
2749,200000,1,1,1,46,-1,-1,-1,-1,-1,-1,89114.66,72067.22,70604.26,51791.96,39865.02,28849.41,40953.91,42199.19,10524.45,23379.77,18043.69,5993.21,0
2750,100000,2,2,1,39,0,0,0,0,-1,-1,77133.21,72715.34,65064.59,54516.32,56521.59,51595.92,17712.02,6538.19,13415.8,2833.26,31000.73,18736.65,0
2751,50000,1,1,2,62,-1,-1,0,0,-1,-1,44707.32,39690.38,43615.21,36395.66,26535.56,19582.21,10845.74,19781.85,10977.62,11964.36,2314.26,3030.22,0
2752,100000,2,1,1,33,0,-1,-1,-1,-1,0,50332.9,52859.21,55142.03,50328.09,49185.03,51486.79,14371.96,19896.14,28543.43,26521.82,3044.62,24012.93,0
2753,50000,1,1,2,30,0,-1,-1,-1,0,0,21109.86,17120.62,14105.2,11874.67,9712.77,8753.72,4590.78,4440.56,2650.63,2626.58,4094.45,4326.81,0
2754,50000,2,1,1,34,-1,1,0,0,-1,0,37231.85,32097.51,27587.2,21730.66,19467.31,13763.84,13309.43,15546.35,9386.74,9741.74,7888.89,3366.96,0
2755,300000,1,2,1,29,-1,0,-1,-1,-1,-1,185800.78,166241.09,163717.91,130543.69,129431.93,119059.41,16738.81,38107.67,74517.46,10451.36,39102.29,6690.93,0
2756,50000,2,3,1,31,0,1,0,2,-1,-1,29527.81,24311.8,21640.62,23677.39,16918.35,16835.58,10528.2,5696.51,12117.46,8439.96,8552.73,6729.65,0
2757,50000,1,2,2,23,-1,-1,0,0,0,-1,40445.0,37153.8,32096.09,33208.45,25577.87,19284.76,17899.05,12084.31,2189.53,17676.96,11821.7,10240.79,0
2758,200000,2,3,2,60,-1,2,-1,-1,1,0,123912.68,126778.84,114951.43,117502.09,112668.01,91614.75,73817.33,38253.92,54827.88,32234.52,65535.1,11008.41,0
2759,100000,2,1,1,32,1,-1,-1,-1,-1,-1,61326.19,52967.08,44061.29,38232.35,40828.08,35900.75,24568.45,6523.6,8144.37,15008.08,20810.79,15650.83,1
2760,10000,1,1,1,55,-1,0,0,-1,-1,0,2655.22,2725.16,2633.44,2829.56,2272.82,1967.92,1168.1,174.09,1347.41,1128.36,215.99,386.97,0
2761,20000,2,1,2,59,0,-1,-1,-1,-1,-1,13011.65,12474.32,11038.56,8003.91,6081.94,5480.72,4910.07,4964.09,1448.08,3622.25,1695.72,1587.12,0
2762,10000,1,2,2,59,0,-1,-1,0,-1,-1,8303.98,7501.96,7952.85,5965.63,6382.81,4510.07,4758.4,1757.03,3325.33,1047.74,1570.58,1053.36,0
2763,100000,1,2,1,52,-1,0,-1,0,-1,0,56107.37,51093.71,41377.01,33047.34,34571.9,34408.06,27794.22,17261.6,18887.74,15246.44,17606.18,18876.01,0
2764,50000,2,2,2,59,-1,0,0,-1,-1,1,41134.91,34343.19,31090.29,29743.4,31644.47,26142.89,15974.0,5598.49,10447.42,5373.56,5683.63,5619.75,0
2765,20000,2,2,1,34,0,0,2,0,0,0,7433.13,6503.5,6275.1,4811.38,3608.0,3538.43,1731.72,2355.89,1502.56,1822.8,398.63,2044.49,0
2766,300000,2,2,1,64,-1,-1,0,-1,-1,-1,40219.49,40998.44,35691.15,29780.69,31848.08,33188.37,9187.69,9514.92,4873.94,4111.44,2959.67,3762.54,0
2767,100000,1,2,1,21,-1,0,-1,-1,-1,-1,45610.28,48293.24,39465.51,30423.44,28370.58,27658.78,21176.87,18637.02,4251.04,13840.9,10187.39,15425.37,0
2768,20000,1,3,2,47,0,-1,-1,-1,-1,0,2063.31,1815.05,1491.5,1521.13,1470.59,1424.66,1156.96,766.46,694.45,316.46,320.97,589.06,0
2769,100000,1,1,1,57,0,-1,-1,0,-1,-1,22385.36,21861.56,18534.17,19714.31,17381.07,16192.39,13254.18,1129.45,1539.1,8048.63,2678.9,3180.66,0
2770,100000,2,2,2,63,-1,1,-1,0,-1,0,25247.36,20460.92,18037.67,18762.14,15800.71,11066.92,4905.17,5875.38,6681.85,2549.65,8693.86,711.06,0
2771,10000,2,2,2,21,0,0,-1,-1,-1,-1,5270.68,4338.94,4389.8,3120.83,2325.46,2468.54,1979.52,1949.4,289.32,552.72,135.48,327.75,0
2772,50000,2,2,2,49,0,2,0,0,-1,-1,42997.19,46837.27,44139.14,36497.85,28813.09,29776.29,18751.1,21398.97,13395.89,18229.8,8432.6,16726.25,1
2773,200000,1,1,1,44,0,-1,-1,-1,1,0,23170.92,24768.6,20059.53,19157.51,17913.28,13933.39,6422.34,6425.74,2529.27,1938.3,5679.83,4519.48,0
2774,50000,1,2,1,37,0,2,1,-1,-1,-1,14467.58,11926.85,10096.2,7070.14,5845.21,4513.18,1592.49,5981.65,4117.95,733.21,2025.1,1658.33,1
2775,100000,1,2,3,55,2,0,-1,0,-1,-1,87556.32,91645.06,83431.6,83310.09,62305.88,44531.92,18149.82,37359.8,15416.95,39630.08,29185.43,22533.96,1
2776,50000,1,2,2,51,-1,0,0,-1,0,-1,40266.11,33451.11,30973.45,32445.1,31921.26,27190.84,13429.51,19871.83,7518.21,3823.05,1708.14,10692.67,0
2777,10000,1,1,2,62,-1,-1,0,-1,-1,0,7678.8,8051.62,6593.82,4820.3,4393.29,4806.6,869.66,2672.23,3086.64,2613.81,791.59,771.04,0
2778,20000,2,3,1,52,-1,0,-1,-1,-1,-1,3468.8,3725.67,3115.84,2718.54,1947.65,1439.12,770.55,955.71,1190.29,344.15,934.47,525.52,0
2779,50000,2,2,1,39,-1,0,-1,-1,-1,0,30763.93,26024.0,22866.18,18776.08,18194.22,16847.95,5899.25,14459.64,10238.71,7976.8,4304.7,6915.91,0
2780,20000,2,2,2,51,-1,-1,-1,0,-1,-1,5250.16,4432.03,4658.05,5024.99,5249.11,4230.52,1285.9,1205.1,2017.11,1905.36,1925.04,764.13,0
2781,10000,2,2,1,59,-1,0,1,0,-1,-1,6208.2,6692.26,5773.81,4791.65,4840.95,5057.11,2655.8,2691.63,3115.4,2157.9,993.96,2844.13,0
2782,200000,1,3,2,40,0,-1,-1,0,-1,-1,88404.98,78718.4,68330.6,63709.72,68161.32,61541.68,27574.19,39688.1,32749.8,27540.58,6552.49,9064.91,0
2783,500000,2,1,1,48,-1,0,-1,-1,-1,2,304267.83,286558.42,271759.82,191216.78,159696.21,166311.11,78166.43,86925.58,122939.76,48010.64,30124.22,73444.62,0
2784,200000,1,1,1,23,0,2,0,2,-1,-1,88617.74,78987.82,84314.82,87235.58,64138.42,68746.24,17823.57,23143.7,7359.67,49757.35,32284.95,37706.67,0
2785,200000,2,2,1,52,-1,-1,0,-1,0,-1,165232.67,169330.57,162295.95,115508.39,113850.93,108549.68,70845.28,35338.97,18428.94,38070.66,27017.74,25136.59,0
2786,20000,2,2,1,42,3,0,-1,0,1,0,2404.93,2076.24,1710.42,1586.75,1683.2,1368.67,1012.33,1202.5,596.22,927.51,592.36,709.31,1
2787,300000,1,1,1,64,0,-1,-1,1,-1,0,75975.85,72043.04,61663.93,61434.86,50843.42,44710.01,22455.79,41006.27,14334.9,15946.13,2907.87,16757.33,0
2788,20000,2,4,2,62,1,0,-1,-1,-1,-1,15327.95,16173.12,17090.79,14675.0,11830.16,11269.28,3116.66,4952.47,5657.85,4989.25,3988.45,2450.36,1
2789,300000,1,2,1,64,1,1,-1,-1,-1,-1,206819.75,223943.26,238057.82,169655.92,167271.2,160637.34,102356.46,51501.07,107336.11,62986.82,75023.33,72666.88,1
2790,500000,2,2,1,35,2,-1,-1,-1,-1,2,124516.99,112790.07,117147.83,124210.47,123127.55,89490.53,64583.4,13566.18,26808.82,44689.5,45561.72,24802.59,0
2791,100000,2,1,2,58,0,-1,-1,-1,-1,-1,19714.92,16446.01,15830.11,13399.08,13825.44,11616.49,10160.81,5143.73,8304.4,5546.48,864.04,1870.94,0
2792,500000,1,1,2,39,-1,0,0,-1,0,-1,174504.46,181991.74,169569.94,150317.71,150069.67,137007.42,46412.56,98586.17,48514.2,31188.23,9250.14,75950.05,0
2793,100000,2,2,1,51,0,0,-1,-1,-1,1,48549.48,40452.65,35617.22,36515.91,31410.03,26213.6,9214.32,21361.04,8261.43,3130.1,16896.25,8582.72,0
2794,50000,2,4,2,46,0,-1,-1,-1,-1,-1,6877.55,7109.91,6856.36,6611.37,5746.62,5351.44,3544.13,809.96,2274.73,1052.17,965.17,2602.21,0
2795,50000,2,2,2,25,-1,-1,1,-1,0,0,38823.56,39083.53,39272.94,32602.35,33314.84,25666.05,22861.46,12398.78,13034.09,11675.73,14179.58,14642.44,1
2796,100000,1,4,1,40,-1,-1,-1,0,-1,0,51676.21,50294.8,49277.65,45150.96,36430.51,26005.35,8087.25,25076.16,25732.63,23556.38,2451.79,11799.78,0
2797,10000,2,3,1,22,-1,-1,-1,-1,-1,0,8355.87,9039.77,7843.51,5785.26,4301.37,3598.22,3342.84,4603.55,1216.78,1800.79,936.24,1109.6,0
2798,100000,1,2,2,41,-1,0,0,-1,-1,0,36056.43,32332.45,34625.83,30902.44,24325.77,22557.08,8339.67,18231.54,11610.81,7003.5,5563.54,11763.54,0
2799,500000,1,2,1,56,-1,-1,0,-1,-1,-1,69532.03,57572.44,52801.42,46006.52,41504.14,29235.56,22055.95,9311.02,26203.9,20803.48,21530.37,10926.68,0
2800,20000,1,2,2,48,0,0,-1,0,0,0,15941.76,17447.96,18590.24,18664.2,17323.98,16365.19,5814.51,4853.3,7760.39,4990.8,8531.6,1723.0,0
2801,200000,1,2,3,40,-1,-1,0,0,-1,1,43938.83,40966.12,37657.47,38410.59,27972.2,23547.27,15214.73,23552.73,13409.83,19285.87,14198.39,9099.77,0
2802,300000,1,1,2,57,0,-1,0,-1,-1,-1,110554.08,102817.21,83439.91,87520.2,71884.31,78874.58,51840.64,20462.49,43166.46,4947.29,40829.05,4177.45,0
2803,300000,2,2,1,59,1,-1,0,0,-1,-1,141441.65,116952.29,119453.46,124577.45,124542.19,126175.74,82661.63,27384.99,56778.62,14182.57,31716.42,74022.33,0
2804,300000,1,1,1,56,0,0,0,-1,-1,-1,148067.14,151482.42,163001.41,179193.76,187255.51,152878.92,14411.29,26374.96,13803.23,19071.03,31799.25,51435.14,0
2805,100000,1,3,3,31,3,-1,0,0,-1,0,11878.49,12068.97,10577.58,10397.58,7818.69,8511.41,5058.96,4179.32,3136.44,719.81,3560.4,857.27,1
2806,500000,1,3,2,23,-1,2,2,-1,1,0,260696.82,219920.94,211727.77,200779.72,182204.9,147830.35,88067.81,75071.33,92587.7,28599.24,17452.42,31746.3,0
2807,200000,2,1,1,57,1,-1,0,-1,0,0,32325.14,28127.46,29316.84,22247.69,16905.94,12566.3,8668.54,14047.82,11780.64,13189.97,9934.78,5181.42,0
2808,20000,2,1,2,40,-1,-1,-1,-1,-1,0,7229.45,5819.16,5215.87,4627.85,4576.12,3252.46,2994.3,1612.2,1230.09,1457.0,2104.1,679.23,0
2809,50000,1,2,1,52,2,-1,1,-1,0,-1,44018.88,46964.56,41603.67,36285.97,27678.87,28049.68,23654.79,8811.64,12122.11,10241.78,5723.88,7896.75,1
2810,100000,1,2,1,45,-1,-1,-1,0,-1,-1,32429.66,28322.72,26150.92,25989.82,19197.85,15888.88,12512.52,14357.08,8606.31,14310.21,9312.35,3406.09,0
2811,20000,1,1,2,41,0,0,0,0,1,-1,15005.95,16178.1,15614.66,12645.86,11081.43,12120.15,7522.25,6588.23,4460.24,6161.26,6109.34,4798.86,0
2812,100000,1,2,1,36,-1,1,0,0,-1,-1,50825.49,49369.39,47678.98,49983.73,36882.49,34938.19,10796.14,6711.32,21834.29,9981.85,4934.39,7206.05,0
2813,100000,1,1,1,62,0,-1,-1,0,0,-1,26193.16,24297.36,22983.04,18108.93,18587.57,14232.82,7614.73,8834.46,7369.39,8917.25,7683.85,7076.23,0
2814,20000,2,1,1,21,-1,0,-1,0,0,-1,13550.98,10872.62,11373.86,10161.75,10474.09,8739.79,1976.72,3293.62,5558.58,970.13,1348.58,3920.08,0
2815,100000,1,1,2,43,0,0,1,-1,-1,-1,54411.15,45035.11,38094.11,41055.5,37142.54,33611.62,19855.24,23201.03,11395.25,18216.46,13467.89,7693.54,1
2816,200000,2,1,1,63,0,2,-1,0,-1,-1,105285.35,89240.41,73672.28,61707.34,57325.23,56676.66,48084.3,33992.35,5376.48,3710.77,8619.78,22299.28,0
2817,50000,1,2,2,44,2,-1,-1,0,-1,-1,6196.1,5153.35,4383.28,4344.63,3271.67,3064.13,2284.04,2500.05,2290.58,719.49,1081.95,970.94,1
2818,10000,2,4,2,45,0,-1,0,0,-1,1,3670.76,3218.75,3254.8,2715.31,2201.19,1769.76,2024.86,981.53,1476.13,1461.11,713.75,141.1,0
2819,10000,2,2,2,27,0,0,-1,1,-1,0,6877.65,5821.08,4910.5,4447.74,3328.69,2963.92,3594.64,3429.91,710.29,1135.95,713.01,824.64,0
2820,50000,2,2,1,58,-1,-1,0,2,-1,-1,36843.46,36812.15,33014.9,33353.45,26207.44,20614.63,10441.8,18033.72,7851.14,10287.39,2091.73,2521.41,0
2821,300000,1,1,2,59,0,0,-1,-1,-1,-1,225553.65,200541.87,213357.35,218868.48,187747.85,157692.22,82268.1,76051.62,18254.28,88815.05,90784.79,18197.21,0
2822,20000,1,2,1,55,-1,1,2,-1,-1,0,2598.29,2638.53,2221.83,2304.03,2241.21,1824.87,1054.54,1311.49,698.68,994.51,697.93,251.61,1
2823,100000,2,1,2,34,1,-1,1,-1,-1,2,23016.9,19349.11,18545.19,13720.1,13599.16,14407.24,11372.88,4376.53,5587.13,1784.33,5757.52,4116.05,1
2824,20000,2,2,1,29,-1,0,0,2,0,-1,17769.23,15330.09,14591.36,15203.52,13345.48,13548.72,1618.96,9007.87,2181.56,8517.66,7076.68,7512.04,0
2825,50000,2,3,1,23,0,1,0,-1,0,-1,11217.85,11624.33,9418.19,7144.18,5838.34,5328.3,5542.49,3234.39,1430.96,2589.95,1112.41,2527.59,1
2826,200000,2,1,2,58,0,1,-1,0,0,-1,54082.45,53553.69,44697.22,36165.64,37028.44,28500.12,4686.29,13587.26,8254.53,13718.87,13635.8,14799.89,0
2827,100000,2,2,1,40,-1,0,-1,0,-1,0,74209.95,61515.16,66751.19,72654.41,63574.54,59598.09,33078.52,29721.75,29374.45,29237.44,31841.65,27099.21,0
2828,10000,1,1,1,61,0,0,-1,2,-1,-1,4147.5,4511.76,4910.18,3720.38,3438.4,2894.54,1268.82,1790.36,1129.5,1931.43,1936.16,1688.38,0
2829,50000,2,2,1,53,-1,-1,1,0,-1,-1,9652.65,9930.27,10549.89,8444.49,6812.15,4870.05,1742.17,4692.7,3892.96,1399.11,597.21,2227.58,0
2830,10000,1,1,2,61,-1,1,0,-1,0,-1,2000.76,1932.32,1796.2,1498.59,1088.89,1062.4,878.01,925.1,326.67,826.11,143.92,515.25,1
2831,50000,1,2,1,64,3,-1,0,-1,-1,-1,8351.09,7539.97,7373.21,7538.95,5773.37,4631.82,4415.29,3016.8,3857.7,3614.32,675.65,2303.23,1
2832,100000,2,1,1,52,-1,-1,-1,2,-1,-1,24453.46,20251.93,21208.74,17568.3,17309.11,13737.64,12368.42,10419.27,9158.86,3041.45,1883.08,5889.05,0
2833,20000,1,2,1,56,0,-1,-1,1,0,0,9951.72,9030.79,9056.47,9331.71,7564.5,7303.66,1560.13,4059.64,5374.66,4566.34,4212.71,1184.89,0
2834,50000,2,2,2,46,0,0,-1,0,0,1,5602.95,5025.33,5369.76,4200.43,3152.65,3305.77,2141.77,1847.35,2832.15,1375.14,1267.33,1930.78,0
2835,50000,1,1,1,25,0,-1,-1,1,-1,-1,9685.25,7975.91,7136.23,6710.96,6421.12,5219.16,4016.63,3737.78,886.25,2459.99,3415.08,1641.18,0
2836,300000,2,2,1,50,-1,0,1,-1,-1,0,247709.58,256411.0,253140.5,274376.77,244524.72,247219.78,19517.81,83027.49,111004.19,163499.27,70101.0,125128.95,0
2837,500000,2,3,1,37,0,0,0,0,-1,-1,400632.55,370425.12,359353.72,257444.09,182603.06,192517.58,92359.27,117384.59,74373.56,14732.64,98753.87,94213.74,0
2838,10000,2,2,1,26,-1,-1,0,-1,1,-1,7664.64,8177.06,8956.98,9525.06,10442.63,8191.1,822.86,1936.4,3377.32,5380.81,4177.42,2335.66,0
2839,200000,1,1,2,35,0,-1,0,0,-1,0,133005.06,112707.02,119855.26,91801.42,78296.63,83540.38,37142.18,58149.77,48674.3,41220.6,38261.47,42754.49,0
2840,50000,2,1,2,21,3,-1,-1,-1,1,-1,31460.87,28166.02,23928.65,22310.76,21464.75,17456.1,14157.41,6045.16,11108.01,5391.83,7896.67,3256.96,1
2841,50000,2,3,2,33,-1,-1,-1,-1,2,-1,16020.63,14157.61,11576.22,8329.34,9107.57,7168.74,7896.56,2665.2,3815.97,3757.28,1951.82,1756.16,0
2842,200000,2,2,1,54,1,-1,-1,0,0,-1,73599.13,77981.84,72828.87,67622.99,64501.11,54457.08,34575.75,13316.78,18605.85,10918.18,23266.5,9582.39,0
2843,300000,1,2,3,50,-1,-1,-1,0,0,-1,86592.52,82463.8,79466.63,75175.74,61994.49,49055.39,17268.19,34080.07,45287.17,24987.38,27878.52,3998.69,0
2844,300000,2,1,1,39,-1,1,-1,2,1,0,265275.27,223506.77,231767.54,237113.63,212295.06,197225.32,34957.21,35697.81,54314.53,118269.66,88652.42,35332.7,0
2845,100000,2,2,3,22,-1,0,-1,0,-1,0,60744.38,55109.37,46728.24,40487.04,30005.65,26678.3,32186.88,29051.36,9869.16,6688.03,9187.86,10851.0,0
2846,50000,2,1,1,64,-1,0,0,-1,-1,-1,43630.69,47250.07,50840.05,54210.73,41617.35,40282.69,19999.53,20503.61,11300.61,19424.47,2567.65,18887.38,0
2847,200000,2,3,2,32,-1,-1,0,-1,0,-1,63485.83,61292.15,59543.85,50502.76,41647.54,41219.49,29546.25,29690.1,29977.56,3703.39,15350.75,10027.8,0
2848,50000,2,3,1,60,-1,-1,-1,1,-1,0,29848.36,24207.62,25486.37,18774.17,13778.37,10095.71,5938.85,3085.35,10172.29,9578.45,7703.33,4599.53,0
2849,100000,1,1,1,64,0,0,-1,0,-1,-1,70716.06,57800.02,60744.53,51918.53,38700.19,29468.37,25788.79,3366.08,9192.3,12600.42,21634.15,1587.71,0
2850,50000,1,2,2,44,-1,0,-1,0,-1,-1,8789.56,7653.11,8307.91,6833.3,7078.03,7190.37,4780.21,724.74,1307.11,1573.12,3703.71,3361.55,0
2851,100000,1,1,2,31,-1,-1,0,-1,-1,0,63356.88,62495.05,62346.35,54775.84,43811.9,31829.23,32235.24,26398.99,6953.29,10457.84,17115.31,16292.2,0
2852,20000,2,2,3,22,-1,-1,-1,-1,-1,0,4705.16,4110.33,4254.79,3318.01,2750.71,2650.36,927.21,439.07,1194.5,1478.11,908.19,1578.57,0
2853,20000,2,3,2,21,1,2,1,1,-1,-1,7249.32,7648.28,8001.31,6786.2,5221.54,5040.91,4153.59,2368.7,2497.49,989.61,327.2,2731.96,1
2854,300000,1,2,2,48,-1,-1,-1,-1,-1,-1,201876.72,199621.06,187730.67,197961.34,170580.44,169701.2,52142.31,98144.78,45598.12,13590.78,41397.12,73002.87,0
2855,20000,2,1,1,24,2,-1,0,-1,-1,-1,9041.04,8048.5,7482.56,7190.61,7040.45,5544.08,3299.78,1985.66,1991.94,1460.52,3657.52,1335.23,1
2856,100000,2,1,3,61,-1,-1,0,-1,1,2,83692.95,76845.23,83299.04,64910.59,69982.06,53215.79,37848.23,5830.51,32125.8,26909.83,9600.48,10986.31,0
2857,20000,2,3,2,50,-1,0,-1,0,-1,0,5859.24,5347.01,4385.03,3162.27,2895.1,2547.64,1101.46,2865.32,1538.98,245.48,1430.05,291.22,0
2858,10000,1,2,2,27,-1,0,1,-1,-1,0,2230.25,1994.41,2165.7,1703.68,1397.17,1001.93,594.15,876.63,630.91,485.45,278.32,208.19,1
2859,10000,1,2,1,42,-1,-1,-1,0,-1,-1,3697.38,3656.58,3559.84,3074.52,2779.2,2881.3,2074.62,253.63,1149.84,1517.84,975.44,627.73,0
2860,20000,1,1,2,46,1,-1,-1,2,2,0,15630.77,13450.31,11949.32,10119.31,7600.26,7590.41,1432.83,3073.01,5806.82,2881.77,1601.69,3359.12,1
2861,200000,1,1,2,49,0,-1,-1,-1,-1,-1,155587.93,138104.98,133569.73,138831.66,134785.37,142047.44,9527.21,35186.16,44591.14,49124.69,27031.51,63852.49,0
2862,50000,1,4,1,45,-1,-1,0,-1,-1,1,19772.22,16323.37,16181.97,15120.27,12570.8,9150.32,11479.59,8615.01,9333.33,4310.92,6660.77,3079.75,0
2863,300000,1,2,1,30,-1,-1,-1,-1,-1,0,224362.16,204800.24,170646.92,176960.03,190752.84,203790.91,119221.1,19910.4,60388.09,25780.76,82052.58,96740.33,0
2864,100000,2,2,1,40,-1,-1,-1,-1,-1,0,16223.06,13291.8,13304.79,14629.3,14094.11,14131.51,7953.19,6293.33,3058.98,8542.31,2374.07,3365.88,0
2865,50000,1,2,2,34,2,-1,-1,-1,-1,-1,5304.06,4271.74,4574.07,3733.07,3324.13,2476.82,1238.16,2502.31,2602.53,577.46,1039.78,765.11,1
2866,100000,2,2,1,53,1,0,0,-1,0,0,79184.38,78692.95,85884.58,76521.63,60622.84,44974.35,20360.8,20623.44,8927.38,29933.03,20121.96,3444.06,1
2867,100000,1,1,1,25,0,0,-1,-1,-1,-1,79925.73,67835.89,66474.87,65293.04,48106.3,50992.39,43440.16,4278.35,35254.17,13055.64,21707.99,17598.89,0
2868,200000,1,1,1,26,0,0,-1,-1,-1,-1,42943.82,34808.51,31261.99,28282.77,21926.78,19437.21,25176.54,6338.0,3663.45,14220.65,9298.76,5116.0,0
2869,50000,1,2,2,42,2,0,-1,0,-1,-1,16908.57,13873.48,13443.99,11168.31,10364.34,11396.0,1416.05,1660.57,5421.48,5435.32,4359.19,986.71,1
2870,50000,1,2,1,37,0,2,-1,1,-1,-1,39023.85,33551.27,26869.68,27581.25,25039.3,23887.58,12001.25,16237.53,14475.26,8295.31,6494.29,2414.54,1
2871,200000,2,2,1,35,2,2,0,-1,-1,-1,33402.71,33945.98,36518.13,38598.62,27165.09,26490.33,9030.58,8257.87,3959.32,5953.85,4814.56,10903.18,1
2872,300000,1,3,3,59,0,-1,-1,0,-1,-1,237142.27,190557.73,197301.89,160069.71,159689.54,141668.56,107979.33,103678.51,118332.07,12233.74,52134.29,65008.45,0
2873,200000,2,2,3,60,-1,-1,0,-1,0,-1,111949.21,113959.37,96857.7,78704.89,56357.29,49298.92,35978.1,62980.28,30513.92,24570.95,26220.2,5132.38,0
2874,50000,2,1,1,48,0,0,0,-1,-1,-1,31291.09,30637.65,30110.99,27912.25,20409.63,20832.91,2916.94,7745.43,9628.36,3915.13,11100.49,9920.25,0
2875,200000,2,4,2,22,0,0,-1,-1,0,-1,115171.03,109893.06,88593.63,90946.26,89560.03,78767.66,16354.5,42044.98,21136.04,52027.89,40611.41,41349.76,0
2876,50000,2,2,2,38,0,1,-1,0,-1,-1,28301.29,30361.2,26256.75,23840.34,22849.58,20549.79,6200.51,17284.45,7017.58,2983.82,6108.39,7426.13,0
2877,50000,2,2,1,47,-1,0,2,-1,0,-1,12402.44,13008.63,11070.39,8015.18,6301.29,5396.2,5990.26,1267.66,3325.17,1439.59,3632.51,1720.31,0
2878,20000,1,2,1,41,0,-1,-1,-1,-1,2,5776.93,5347.31,4528.34,3704.19,3575.03,2783.21,2747.08,2540.59,672.77,1750.47,1882.68,843.41,0
2879,100000,2,2,2,43,-1,-1,-1,0,-1,-1,56404.29,45236.81,43682.04,39363.63,27853.24,28955.18,26757.39,3481.15,13864.64,11302.35,15254.58,6172.13,0
2880,20000,1,1,1,27,-1,-1,0,-1,0,-1,8422.49,8533.44,9295.71,9246.2,7500.83,5912.79,4019.89,2508.9,3516.35,2282.12,1545.01,3213.14,0
2881,50000,1,2,1,39,0,1,-1,-1,-1,-1,26651.57,21702.85,18210.88,18392.6,18462.83,15151.96,7436.98,7202.13,1166.37,4588.88,10904.3,7997.39,1
2882,200000,2,3,2,29,0,2,0,0,-1,0,60538.56,53480.74,56788.25,56840.63,50581.44,47400.83,23495.71,18833.97,26105.56,19396.48,10032.23,15706.18,0
2883,20000,2,2,2,32,0,-1,0,-1,1,-1,9421.16,8930.42,7364.71,5434.64,5664.16,4703.79,1221.42,4616.74,2641.33,1871.19,792.32,862.39,0
2884,10000,2,2,2,50,3,0,-1,-1,-1,0,2147.24,1781.78,1469.71,1390.93,1053.57,886.42,372.36,291.46,162.11,317.41,175.6,488.1,1
2885,10000,1,1,1,27,0,0,-1,-1,0,-1,1307.16,1312.11,1296.92,1128.54,1179.39,827.4,297.98,383.89,665.94,487.28,480.01,374.2,0
2886,300000,2,1,2,22,0,-1,1,0,-1,0,258267.93,231514.14,225113.18,185810.58,166200.92,169592.56,85830.1,46508.73,72762.25,38579.53,44934.71,85229.96,0
2887,100000,1,1,1,37,0,1,-1,-1,-1,1,67844.41,61636.53,55674.33,57402.66,42511.93,38165.97,10252.55,23095.06,15810.71,10440.82,5880.13,19283.12,0
2888,50000,1,1,2,31,-1,0,-1,0,-1,-1,24922.55,24785.42,23794.41,20067.02,14421.15,11226.69,13232.59,8847.92,6204.06,10575.19,6651.7,1727.71,0
2889,200000,1,4,2,32,1,-1,0,0,0,-1,108161.89,99451.89,102084.86,78912.2,55279.48,54443.36,42369.8,48050.0,49165.91,8799.22,7015.32,4340.73,0
2890,200000,2,2,2,23,-1,-1,-1,1,-1,0,101787.8,88287.78,91111.97,89134.41,85107.22,81907.32,35152.92,13033.25,8613.49,52001.41,7648.73,26855.6,0
2891,50000,1,2,1,41,0,-1,1,-1,-1,0,40952.38,34933.5,28072.4,21172.3,16701.26,14205.25,2409.55,17426.49,12295.51,7647.12,8710.23,4351.71,1
2892,100000,2,2,2,34,-1,-1,-1,0,-1,-1,71891.09,73128.52,60215.85,49229.63,37334.8,34768.34,25830.73,17673.95,24111.63,27575.94,12990.95,7884.37,0
2893,200000,2,1,2,35,-1,-1,-1,-1,-1,1,72022.83,73836.04,59144.82,51916.14,48830.61,47203.41,39877.98,26787.15,16729.78,30637.32,19574.93,21140.24,0
2894,100000,2,4,2,62,-1,-1,-1,0,1,0,27454.94,23575.84,18971.3,14355.0,12397.82,8985.85,4753.84,4140.37,10875.4,4005.81,7430.91,3447.87,0
2895,20000,2,2,1,61,0,0,0,0,-1,-1,3064.47,2744.85,2887.29,2352.94,2070.12,1794.89,525.23,858.11,1018.91,367.63,1192.0,470.05,0
2896,200000,2,1,2,30,-1,0,1,-1,2,-1,43646.26,47442.72,39143.37,37446.28,28219.75,25676.27,24139.01,6717.7,14783.62,21169.44,7853.17,8178.03,0
2897,100000,2,2,1,56,-1,0,-1,0,-1,-1,49204.89,53892.58,54609.45,50402.46,40386.75,39955.71,24995.23,23006.21,25650.67,26077.88,12981.09,13850.36,0
2898,50000,2,3,2,30,0,0,-1,0,-1,-1,13102.81,12783.0,13984.73,14512.12,10733.24,9151.95,5559.48,958.46,5509.03,2168.3,890.14,5193.0,0
2899,50000,1,3,2,37,-1,2,-1,-1,-1,-1,17495.76,17969.61,18801.11,14220.34,11859.57,9111.79,7930.33,6839.18,9655.98,1896.29,3778.47,3050.58,0
2900,10000,2,1,1,64,-1,1,-1,0,0,1,2066.63,2117.22,1735.94,1815.01,1494.56,1099.76,170.63,980.49,305.38,1079.6,305.1,450.88,1
2901,20000,2,3,1,45,-1,-1,-1,0,-1,1,16765.03,15401.5,16451.33,12013.54,12146.33,12434.76,7858.17,8238.89,7932.2,4421.27,5663.79,6845.51,0
2902,200000,1,1,1,47,0,-1,0,0,0,-1,25396.01,20685.77,22494.75,22435.55,24560.07,21899.52,11670.08,10336.95,1911.39,6721.75,6122.75,9728.22,0
2903,10000,1,1,2,53,0,-1,2,-1,-1,-1,3814.49,3899.21,3945.66,3088.5,3396.34,2688.95,295.58,2113.28,1680.01,1214.98,195.36,939.57,1
2904,50000,2,3,1,31,1,0,0,1,0,0,15326.19,12885.22,12690.56,13467.71,11506.5,11758.88,7423.27,4998.87,7512.38,6858.28,5076.9,3185.53,1
2905,100000,1,3,2,33,-1,1,-1,0,0,0,10664.22,9460.75,9276.63,6647.86,6762.46,6930.01,4292.21,742.87,3971.0,385.37,1101.35,774.28,0
2906,10000,2,2,2,21,-1,0,0,-1,-1,-1,8428.78,7540.92,7888.38,7352.73,5967.84,5732.18,3070.13,4402.51,1824.5,775.73,1200.57,2764.64,0
2907,500000,1,2,1,51,-1,0,0,0,-1,-1,175442.99,158728.12,153337.01,108122.54,81871.11,61243.34,58415.66,75861.21,50385.35,46043.85,7612.32,29577.7,0
2908,20000,2,3,1,53,3,0,-1,-1,0,1,10036.4,9431.25,8489.39,8441.98,8070.38,6628.97,3336.39,3548.26,5060.1,3574.97,3865.69,3875.06,1
2909,50000,1,2,2,41,0,0,1,-1,-1,0,28304.26,26902.72,29354.38,20944.24,18656.28,19645.01,5063.8,8143.81,9199.62,12397.56,3452.49,6507.52,1
2910,50000,2,3,2,36,0,2,-1,0,-1,-1,29419.19,27802.82,22646.44,22439.49,21036.45,15748.09,1521.01,2881.59,10944.58,1453.4,9877.57,6866.72,1
2911,20000,2,2,1,59,2,0,-1,2,-1,0,9364.17,7948.83,7945.68,8131.69,6883.63,6747.48,5411.32,443.2,1194.04,760.44,436.56,3966.54,1
2912,10000,2,4,1,43,-1,0,-1,0,-1,0,5750.64,5719.82,5580.76,5905.62,4847.45,3889.75,1746.88,1655.03,2859.97,1855.15,1961.3,1504.27,0
2913,100000,2,4,2,30,-1,0,-1,-1,-1,1,70140.88,72740.84,72140.36,60869.63,65198.44,46530.92,5184.26,42580.43,10604.04,25080.91,7580.34,23428.67,0
2914,300000,1,1,2,53,0,-1,-1,-1,-1,1,258501.37,242609.28,240829.02,220842.49,232636.35,226965.29,60006.4,82282.59,143655.38,42436.71,65620.12,62619.37,0
2915,20000,1,3,1,42,1,-1,1,2,-1,-1,12512.6,13156.94,11013.13,10940.57,8200.1,6608.99,3193.07,3496.55,1203.62,2088.8,1807.06,1008.04,1
2916,100000,1,2,1,61,0,-1,0,1,-1,-1,46978.36,43843.83,36831.16,37873.24,36393.35,36291.47,24857.26,13170.17,9572.34,2704.29,17440.0,18641.02,0
2917,100000,2,2,1,26,1,-1,0,2,-1,-1,45568.36,44223.9,36272.96,36749.49,30985.06,26238.06,10857.18,9470.13,15826.15,2773.82,15065.47,7522.9,0
2918,200000,1,2,2,56,0,2,-1,-1,-1,-1,133577.18,109648.82,118586.83,123226.02,114231.99,89986.6,71277.29,64386.61,54529.23,12245.57,59233.14,41315.46,0
2919,50000,1,1,1,30,1,-1,-1,0,-1,-1,30081.41,25390.32,24957.96,26431.91,20692.98,22017.15,8825.92,3130.07,5452.71,2327.1,1213.34,7469.57,1
2920,50000,2,2,2,36,0,-1,-1,0,0,0,21815.46,22474.29,18499.33,17761.71,17574.52,14799.45,3093.8,9716.6,7010.46,9486.65,9092.32,4460.39,0
2921,50000,2,3,1,33,-1,-1,-1,-1,0,0,18435.47,16126.49,14999.21,11543.25,9510.73,10136.48,3820.41,4810.68,1451.6,3162.42,1740.26,794.04,0
2922,100000,2,1,2,40,0,-1,0,-1,2,-1,89451.89,74078.06,67247.83,69493.4,67785.07,73513.72,46185.06,9919.61,4685.96,32467.93,34522.67,34768.56,0
2923,200000,1,2,2,24,0,1,0,0,-1,1,142687.52,138474.56,116936.38,103525.51,78398.14,67624.41,19715.14,51688.64,14686.69,12422.84,39981.97,15329.81,0
2924,20000,1,3,2,40,0,-1,-1,-1,-1,0,5308.41,4397.05,4601.98,3314.61,2497.49,2465.82,2061.14,1658.16,1234.65,185.84,431.34,653.47,1
2925,50000,2,2,1,42,-1,2,0,-1,0,1,16686.87,16774.01,17322.21,16463.6,13814.17,11861.15,7492.93,2497.04,5522.1,9862.31,2559.56,2873.37,1
2926,300000,1,2,2,49,-1,-1,-1,-1,0,0,244485.28,246136.13,231176.56,229093.31,251744.62,242323.82,54200.18,74711.44,24157.57,111884.43,35022.49,104632.01,0
2927,200000,2,2,1,36,-1,2,-1,-1,-1,-1,125732.67,117675.39,112584.79,99428.47,103844.83,104753.05,61862.98,64045.42,32854.58,50502.15,15396.39,46330.23,0
2928,500000,2,2,1,63,3,0,2,-1,0,-1,174301.13,175299.9,163191.8,147307.94,139693.27,133460.31,38718.02,19763.97,89884.94,56153.43,80347.5,66520.93,0
2929,200000,2,2,1,63,-1,0,2,-1,-1,-1,78273.65,81389.89,78566.15,72280.17,59525.47,48562.44,15625.96,47738.48,29607.7,11460.55,15572.95,20500.2,0
2930,50000,1,3,2,43,0,-1,-1,-1,1,0,20156.31,17320.37,17662.77,14147.87,10831.86,8917.5,1840.34,944.37,3874.99,892.01,778.7,4897.05,0
2931,100000,2,2,2,50,0,0,-1,0,0,-1,24903.62,24775.61,26331.3,22370.9,22316.42,23313.54,9264.64,9725.62,4041.17,10306.83,5158.2,4260.16,0
2932,100000,2,3,2,50,2,0,-1,-1,-1,1,50893.5,51285.59,50141.72,51282.66,40085.38,37103.83,17449.09,18404.73,16639.51,25444.71,3077.16,11957.81,1
2933,10000,2,2,2,63,1,-1,-1,-1,-1,1,7124.57,6115.27,5123.0,3647.39,3153.43,3344.62,2952.15,344.12,932.28,1147.4,1860.01,1949.73,1
2934,100000,1,1,1,23,2,-1,0,-1,-1,-1,55124.8,56120.51,57894.86,53423.03,48704.58,42252.81,16945.47,21954.49,32908.61,20945.76,20250.55,7907.41,1
2935,100000,1,2,2,44,0,2,-1,0,-1,0,62475.36,63466.46,57861.34,41238.51,30393.55,24476.13,10190.54,30987.09,13313.57,24256.37,10084.22,10989.96,0
2936,20000,1,2,2,57,1,-1,0,-1,-1,0,11526.18,9764.7,9656.93,7538.73,7627.32,7194.73,1233.01,802.19,722.4,1776.19,853.57,1602.49,1
2937,200000,2,2,2,33,-1,2,-1,-1,1,-1,29423.27,26340.54,22641.72,19226.39,20697.42,21856.57,9550.31,8586.07,10890.05,9949.41,4067.15,6580.05,0
2938,100000,2,1,2,62,0,0,1,-1,0,-1,25044.8,27107.14,23014.58,17826.52,13524.43,12179.32,8652.94,12240.02,11168.46,9449.92,6409.42,4212.51,0
2939,300000,1,1,3,52,1,-1,0,1,0,-1,114083.62,93701.79,76442.13,79454.33,83190.63,67478.2,64199.43,45553.42,41247.68,7615.84,45427.26,33046.92,0
2940,10000,2,1,2,57,-1,-1,0,0,0,2,8113.88,7048.4,6303.64,6606.73,5905.66,4657.27,2613.03,3542.11,3155.36,2056.89,2960.24,1820.47,0
2941,50000,1,1,2,32,2,2,0,-1,-1,1,18947.69,18448.24,18063.46,13749.99,10371.8,9123.85,10667.44,1750.16,3854.44,5070.18,4332.86,461.26,1
2942,100000,2,2,1,28,-1,0,2,0,0,-1,36169.36,39446.67,35329.73,37341.2,35217.4,36687.12,14447.34,16367.54,16572.85,4837.7,12274.87,8624.79,1
2943,50000,2,1,2,44,-1,-1,2,-1,-1,-1,8223.47,7213.16,6291.78,4983.06,5342.35,4350.11,1090.8,3219.63,3284.62,1376.24,1632.44,1045.01,0
2944,100000,1,2,2,64,-1,0,0,-1,0,-1,87766.34,91718.84,100749.45,71013.71,76904.67,70866.9,8541.31,18446.0,51888.06,21243.78,10501.44,22651.92,0
2945,200000,1,1,1,36,0,-1,0,-1,-1,-1,144567.95,131586.65,144699.59,143937.9,142197.45,109381.18,83685.94,77156.89,43417.28,29184.52,16358.43,60034.8,0
2946,20000,1,1,1,52,-1,1,0,-1,0,-1,14254.84,12911.26,12672.2,11497.41,10318.11,10289.47,2310.47,5746.45,5530.7,1145.34,5098.43,5681.93,1
2947,100000,2,2,1,54,-1,-1,-1,0,0,-1,40696.44,44717.94,40115.46,36078.09,27948.74,24697.29,9817.95,24791.11,22516.16,8719.74,13533.76,7481.15,0
2948,100000,2,1,2,55,2,-1,-1,-1,-1,-1,16269.56,17004.37,17998.94,12618.72,11861.27,9434.89,1130.31,7341.46,7092.66,4874.32,709.48,4237.31,0
2949,50000,2,3,1,52,2,-1,-1,0,-1,-1,15540.81,13591.35,13877.27,15145.87,14318.24,14346.65,3126.37,1651.87,3148.53,3851.73,4811.98,3508.47,1
2950,300000,1,1,1,37,-1,-1,0,-1,1,0,234695.91,200828.27,197771.96,204304.12,152091.13,150755.3,135192.63,38661.73,18673.3,36631.5,20282.22,31375.83,0
2951,200000,2,2,2,22,0,0,-1,-1,-1,-1,48847.67,40310.28,43231.82,46991.96,37664.59,26870.83,4895.24,11400.47,4821.17,7476.93,17769.83,8180.77,0
2952,100000,1,3,2,46,0,0,-1,0,-1,0,81539.97,77039.81,71923.89,57357.1,47201.11,41379.68,44378.61,22015.37,22600.0,15718.45,7128.08,21330.5,0
2953,100000,2,2,1,64,-1,0,-1,1,-1,-1,52860.36,47592.97,41721.75,39279.79,41002.3,38427.79,4547.7,19279.14,15966.62,22878.67,13609.95,12934.86,0
2954,50000,1,1,1,37,0,0,-1,-1,0,0,33581.46,30701.73,33468.37,33424.77,31197.98,25032.92,13701.67,11315.92,4970.58,13264.93,13110.35,7755.38,0
2955,300000,2,2,2,58,0,-1,0,-1,0,0,138873.93,129072.6,136568.27,139481.87,111246.1,80377.17,44780.43,12542.56,20921.75,15073.48,29450.87,10989.43,0
2956,100000,2,2,2,22,0,0,-1,0,0,0,84584.75,92815.95,99649.02,100913.77,83155.04,67654.16,38219.57,47549.89,11348.68,12706.21,34857.47,31019.54,0
2957,100000,2,4,1,28,1,1,0,0,-1,-1,29172.67,23363.27,25126.31,23340.61,17700.55,18529.86,13936.96,12133.55,5656.03,8810.44,9783.9,4617.88,1
2958,200000,2,3,2,26,0,-1,0,-1,2,-1,111589.35,103534.76,94711.93,67495.5,48441.92,40484.46,47179.55,53649.2,34899.92,12587.76,21598.76,18842.68,0
2959,50000,1,1,1,29,-1,-1,-1,-1,-1,-1,7764.64,6363.06,6733.66,7390.8,6680.53,6778.57,1226.94,1087.58,2876.09,3754.69,1519.66,3957.17,0
2960,200000,1,4,3,21,0,0,0,0,2,-1,96868.36,97052.87,103534.43,77231.42,55045.68,53993.69,38647.32,21874.77,57038.8,6808.51,13412.84,5397.74,0
2961,20000,2,1,1,25,0,-1,-1,-1,1,0,17563.43,14316.45,13805.01,10662.01,11694.28,12670.05,6847.28,6510.36,5220.51,1918.52,2736.68,6641.81,0
2962,50000,1,1,1,59,0,-1,-1,-1,-1,-1,8525.26,8781.44,8672.35,8930.56,9010.35,9450.15,4413.81,2397.82,1535.98,3564.31,2830.2,1340.55,0
2963,50000,1,3,1,29,0,0,-1,-1,-1,-1,25268.92,26793.53,26076.78,19302.82,19518.03,21013.78,2850.53,7933.67,11736.0,7936.45,1944.99,11093.17,0
2964,500000,2,1,1,34,0,1,1,0,-1,-1,290922.52,317466.43,255499.6,200654.31,201016.76,142584.8,111084.33,120086.55,138288.77,88777.09,12298.99,64162.29,0
2965,200000,2,1,2,47,-1,0,1,0,-1,0,169079.34,141394.49,135832.01,96185.47,91996.04,75337.16,27599.03,9652.05,22464.71,50666.3,20286.79,21248.37,0
2966,100000,1,1,2,29,0,0,1,-1,0,-1,33793.14,36958.45,29986.28,22869.59,16648.8,17466.26,14022.8,2470.93,14256.57,13331.13,8314.69,5254.77,1
2967,100000,1,2,2,56,0,-1,1,-1,-1,-1,50235.25,46402.34,43401.13,41820.64,36902.28,31333.17,16831.87,3851.66,21431.31,6711.91,19472.41,6581.64,0
2968,100000,1,2,1,49,1,0,-1,0,-1,-1,88975.67,88065.77,71659.63,60496.09,49097.67,35404.19,13743.86,15193.69,15658.33,11641.58,22655.33,15384.46,1
2969,300000,2,2,1,40,0,0,-1,0,0,-1,214564.56,171654.71,160773.05,121231.51,99323.86,106420.24,25265.97,101236.71,52264.8,32357.57,15040.6,57816.36,0
2970,50000,2,1,1,35,-1,-1,1,-1,-1,-1,37416.58,34089.41,30388.14,24480.65,20766.53,18291.14,16246.51,3545.69,8458.83,6378.58,6677.47,6777.94,1
2971,50000,2,2,1,56,0,-1,0,-1,-1,0,36220.45,32810.98,33866.76,33916.57,28091.92,20246.51,18105.39,17592.15,6358.18,8288.78,9246.05,4284.68,0
2972,20000,2,3,2,23,-1,0,-1,0,0,-1,10243.62,9743.13,9194.89,8484.48,8186.53,6659.93,2597.0,1129.89,3066.51,714.44,1272.36,2960.02,0
2973,200000,1,3,1,43,-1,0,0,-1,-1,0,89496.65,75157.29,71672.13,63818.12,44862.89,46761.03,35096.68,34214.68,38056.68,33473.82,11288.67,8864.98,0
2974,100000,2,1,2,29,0,0,-1,-1,0,1,30385.05,30599.44,32775.24,23554.36,19938.98,20255.33,14986.35,12244.35,2922.15,9772.49,4225.96,3973.46,0
2975,50000,2,4,2,50,-1,-1,0,0,0,-1,23638.67,23135.42,21855.79,19772.73,21310.63,23418.23,10589.47,10421.3,12048.98,9550.66,4031.54,9386.86,0
2976,10000,1,2,1,39,-1,-1,-1,0,0,-1,1164.02,1005.42,851.5,760.06,610.44,534.76,525.19,98.19,68.47,455.93,166.91,54.64,0
2977,200000,2,1,2,58,-1,-1,0,0,-1,0,35537.76,38917.07,32448.01,28461.69,26996.79,22164.62,12678.86,18038.13,9584.3,9084.85,6074.11,5935.14,0
2978,10000,2,1,1,23,1,-1,0,-1,-1,-1,3298.06,2643.98,2357.76,2110.19,1950.17,1468.98,413.02,607.33,152.41,259.97,1093.41,371.04,1
2979,100000,2,1,1,23,-1,0,1,2,-1,1,36690.37,33049.78,29071.02,21213.66,19001.29,15566.32,20940.1,6229.8,13011.8,10780.23,7532.3,1231.33,0
2980,500000,2,2,2,54,0,0,-1,-1,-1,-1,333006.94,292552.41,305877.75,328269.32,245832.37,191713.21,72876.82,115121.44,34292.94,150484.08,90863.18,106384.34,0
2981,50000,1,1,2,22,0,0,0,-1,0,-1,11864.1,11484.59,11802.31,9706.85,10040.13,9710.9,1339.66,1210.37,6011.93,4586.51,2809.28,5493.78,0
2982,20000,1,2,1,47,0,1,0,-1,-1,-1,14732.37,15712.36,12846.22,12345.3,11442.98,11517.05,7735.03,2870.95,6988.95,1710.74,3434.37,3092.55,1
2983,100000,2,1,2,43,-1,-1,0,-1,-1,1,74064.12,73866.56,63547.39,53608.22,49075.58,50128.15,39655.65,26151.21,17269.4,24930.51,14617.34,12691.9,0
2984,200000,1,3,1,62,0,0,-1,-1,-1,0,113925.99,92767.46,86704.89,72066.88,77809.66,77877.18,60597.93,44420.97,51351.86,27089.44,4640.28,9102.51,0
2985,100000,2,1,2,52,-1,-1,1,-1,-1,0,49319.72,52230.55,43150.76,42719.21,31318.32,28065.48,16475.87,27572.59,11588.37,3324.72,18066.86,10086.54,0
2986,300000,2,3,2,55,-1,-1,-1,-1,-1,1,142175.73,125046.97,106273.08,92192.93,82661.83,70839.97,31282.4,35582.59,32047.49,19422.82,36688.39,17086.89,0
2987,10000,2,3,2,60,-1,-1,-1,-1,-1,1,4364.31,3635.9,3899.62,3690.41,3625.48,2683.07,2166.72,2133.59,1094.63,631.67,1272.61,1377.95,0
2988,100000,2,1,2,38,-1,2,0,0,0,-1,17085.99,15885.98,15288.02,12378.55,12612.03,11747.59,9571.0,7553.99,5344.03,2601.04,2271.16,5324.12,0
2989,100000,2,2,2,47,1,-1,-1,1,-1,0,62435.48,66781.83,69385.9,55937.93,39176.09,34519.3,3474.13,18122.13,38564.6,8943.56,2052.11,4065.12,0
2990,200000,2,1,1,31,0,-1,-1,-1,-1,0,112367.47,91059.8,81877.75,63833.94,62102.59,49514.53,61593.77,24160.42,8951.73,17159.92,12612.54,8319.05,0
2991,20000,2,3,1,59,-1,0,-1,2,-1,-1,2252.28,2224.57,2029.78,1665.16,1802.18,1840.07,405.3,649.36,541.85,282.0,865.48,211.53,0
2992,200000,1,2,2,39,3,-1,-1,1,-1,-1,52431.32,47175.03,49887.87,36216.65,35930.38,35370.97,25539.57,21745.69,12281.43,9700.9,20989.85,4408.15,0
2993,100000,1,1,1,45,-1,-1,-1,-1,0,1,44905.94,44311.92,44185.82,32305.18,28028.4,25989.73,22259.77,10009.74,4637.31,1909.99,13115.8,2255.9,0
2994,50000,1,1,2,27,0,0,-1,1,0,-1,41052.31,36122.08,36249.03,37741.18,39643.45,30930.07,14737.16,3837.51,17280.56,17163.3,11392.74,7774.22,0
2995,20000,1,2,2,51,1,-1,0,-1,-1,-1,17844.46,19452.76,19290.96,15663.25,16469.13,15283.5,5187.02,6994.44,2434.13,3772.96,8500.63,5857.04,1
2996,200000,1,3,2,22,1,2,-1,0,0,-1,140212.21,116957.89,112553.28,103023.72,100477.6,78537.13,24333.95,45528.45,8523.88,21443.92,60061.81,45528.39,1
2997,20000,1,2,2,58,-1,0,-1,1,1,-1,13989.47,11854.65,13008.57,11689.12,11296.78,11216.73,2546.5,6723.73,7616.26,6106.39,2478.64,3178.55,0
2998,50000,2,3,2,25,0,-1,1,0,-1,-1,21610.98,17584.86,18785.25,17915.05,15008.38,11540.87,6994.62,2181.05,8143.48,8272.8,4132.8,6618.9,0
2999,50000,2,2,2,34,-1,-1,-1,-1,-1,-1,27838.01,28909.75,29293.42,28097.56,22393.76,22300.1,3575.06,9927.03,13221.59,14742.9,6437.0,2280.57,0
3000,200000,1,1,2,38,-1,0,0,0,-1,-1,57250.74,47414.32,47577.77,40284.76,38348.06,35138.49,24170.07,8011.95,17426.48,21354.71,10006.78,4911.8,0
3001,100000,2,4,2,56,0,-1,-1,-1,-1,-1,69052.16,60972.16,50319.07,37909.0,26655.82,29072.28,4657.52,28409.02,7257.93,17108.86,10770.84,7880.92,0
3002,200000,2,1,1,24,1,0,0,-1,-1,-1,29565.54,25476.05,24089.01,18571.79,19262.65,17081.38,1914.31,6231.4,8279.61,1516.59,10199.61,4552.3,0
3003,50000,1,3,2,44,-1,0,0,-1,-1,0,21689.85,19652.31,18646.15,15732.31,16693.23,13285.91,7170.52,7878.02,8897.95,1614.19,8785.36,790.55,0
3004,100000,2,2,2,33,-1,0,-1,-1,-1,2,76508.92,78783.88,64254.69,59374.16,45457.44,47087.65,15016.3,11409.65,28250.66,5363.34,4855.22,3888.29,0
3005,100000,2,1,2,41,-1,0,0,0,0,-1,88388.77,95906.9,98465.74,93118.92,86507.68,80638.73,27630.21,35447.45,39680.78,17354.32,5722.71,18478.09,0
3006,200000,1,2,1,53,-1,1,0,0,-1,0,131449.38,139817.58,111936.54,120101.44,92635.09,84736.03,46894.11,8165.08,10662.52,63067.32,26833.21,18847.0,0
3007,300000,2,4,1,40,-1,-1,-1,1,1,2,77343.75,81392.68,75496.81,62065.04,55722.47,41351.76,17108.74,41706.44,30664.44,4410.23,7181.84,8570.86,0
3008,10000,1,4,2,25,2,-1,0,-1,-1,0,5568.59,5152.29,5517.97,4103.82,3920.66,3341.53,2970.81,1930.72,479.78,332.89,346.71,1128.57,1
3009,100000,2,1,2,44,-1,0,-1,0,0,-1,54841.03,57064.6,51478.41,47106.0,40332.85,28307.94,17707.07,9774.04,28556.55,5402.38,4405.4,4508.6,0
3010,10000,1,1,1,55,-1,-1,0,0,-1,1,8726.12,9015.35,8788.11,6385.78,6755.72,5311.44,4382.63,2109.63,4568.27,2350.56,2696.68,1744.21,0
3011,100000,2,2,2,50,0,0,0,-1,0,0,77214.94,67505.87,60241.32,46159.77,48766.6,44380.25,41781.42,8943.65,3786.34,10410.6,11836.73,3457.62,0
3012,50000,2,2,3,48,1,0,-1,-1,0,-1,6960.46,6116.28,5221.44,4812.36,4390.29,3904.42,3752.41,2569.79,875.16,2730.76,1744.22,1264.41,1
3013,50000,2,2,2,27,1,-1,0,-1,-1,-1,13803.73,13109.37,13358.53,14290.8,13321.72,12348.63,1189.31,3356.93,4850.23,1778.14,1005.29,5698.4,0
3014,50000,1,1,2,62,0,-1,1,2,-1,0,38676.96,42120.88,36281.71,28235.13,19795.24,20730.46,2889.89,24214.35,2709.95,13906.35,11146.09,11557.49,0
3015,100000,2,4,1,55,-1,0,-1,1,0,0,87797.76,73080.27,60047.01,50739.68,42376.5,34072.7,32978.47,39615.34,33046.84,20532.85,24655.94,18480.32,0
3016,50000,2,2,2,50,1,0,0,0,-1,-1,16786.89,18407.16,17128.58,15024.19,15088.94,14648.63,4625.7,9162.76,9322.87,6148.5,8508.59,5945.42,1
3017,100000,2,3,2,54,0,-1,-1,-1,1,0,65258.31,55318.09,56018.58,60578.48,66492.44,61202.26,30962.24,10825.55,8010.06,14749.47,11997.37,36128.59,0
3018,50000,2,2,2,59,0,0,0,-1,-1,-1,17312.07,16371.74,15946.11,15854.35,17092.79,17575.07,9945.79,3442.63,8870.72,832.19,8940.27,4421.32,0
3019,10000,2,2,1,29,3,-1,-1,1,-1,-1,1328.77,1184.19,1034.18,861.33,635.52,512.82,115.69,325.5,451.61,216.7,167.47,221.14,1
3020,200000,2,4,1,32,1,-1,-1,-1,-1,-1,152716.87,141404.54,147813.87,119514.4,103604.43,113562.37,60593.93,78487.09,44943.96,45506.08,44964.54,67463.97,0
3021,50000,2,2,2,49,1,-1,-1,-1,-1,-1,34553.98,37572.28,31152.21,28267.58,20405.17,19702.31,13217.42,11667.07,9427.44,12877.09,3139.35,8513.7,1
3022,50000,2,3,1,30,-1,-1,0,-1,-1,-1,7132.13,7057.53,7065.26,6023.5,6234.14,4464.93,3764.72,724.77,1576.79,2133.29,1756.35,859.51,0
3023,100000,2,4,2,47,0,0,-1,2,0,-1,21636.97,19240.76,18894.49,17887.78,17745.1,12454.51,4815.33,3431.12,7031.82,10546.48,9618.44,6189.75,0
3024,50000,2,2,3,39,2,0,0,-1,0,-1,44981.31,44465.29,47563.48,43468.37,46454.6,48644.35,15006.69,3387.58,18118.04,16196.45,14014.39,11804.29,1
3025,10000,1,2,2,33,0,2,0,-1,0,-1,6206.09,5806.71,5563.28,3969.43,3575.2,2876.79,3521.24,473.94,798.84,379.81,2008.43,590.08,1
3026,50000,2,1,2,62,-1,-1,-1,0,-1,-1,37017.23,40089.96,41921.88,30594.17,22679.74,18026.43,22120.15,22353.61,13252.5,15916.64,5589.07,9104.88,0
3027,300000,2,1,2,57,0,2,-1,-1,0,-1,123270.06,111664.61,96543.96,72757.45,67925.93,62486.13,44640.24,43475.81,10687.25,29760.51,25619.25,16909.29,0
3028,100000,1,1,2,52,-1,0,0,2,-1,0,51459.73,50190.86,48363.64,46443.59,48619.99,37328.32,8456.85,5306.26,22981.3,15530.82,14247.74,15120.06,0
3029,100000,2,1,2,35,0,-1,-1,-1,-1,0,59590.53,62857.67,60330.09,65814.11,47387.54,38643.01,28985.39,23322.2,29401.68,31493.13,5742.06,20378.05,0
3030,100000,2,1,2,41,2,-1,-1,1,-1,0,74481.65,81010.17,71985.6,63422.79,65067.55,58979.68,19090.78,47329.97,37473.22,27250.14,20410.86,7901.78,1
3031,20000,1,1,2,23,0,0,0,0,0,-1,7422.5,7717.55,6185.82,4699.73,4462.12,4875.98,4095.63,450.35,463.34,2687.56,1106.77,1892.95,0
3032,50000,2,2,2,28,0,0,-1,0,0,0,31890.51,34462.81,35264.93,33290.73,25064.28,19080.83,15547.31,15845.1,14686.3,10163.7,3963.26,2840.7,0
3033,200000,1,2,2,26,-1,0,-1,1,-1,-1,144105.25,135333.94,124372.17,118173.92,113879.92,81626.61,81687.96,19893.87,66131.09,52103.28,32228.81,31189.95,0
3034,20000,1,1,1,49,2,0,-1,-1,-1,-1,14882.12,15318.91,13634.26,13665.65,9905.36,9739.1,2502.65,3943.13,3196.08,4134.2,2039.02,3115.2,1
3035,50000,2,1,2,39,0,-1,-1,-1,-1,-1,24969.65,20684.73,17752.2,17466.95,13445.72,12726.2,6954.13,2332.27,8623.3,3544.55,2576.64,6747.98,0
3036,50000,1,2,3,37,0,-1,-1,-1,-1,2,23934.55,23411.44,24711.13,24096.74,17430.08,14385.36,4483.82,1253.73,1313.19,5439.13,9104.87,7846.66,0
3037,50000,1,2,2,30,0,-1,-1,-1,-1,-1,9181.31,7382.24,6645.22,6578.34,6142.41,4986.15,5208.55,776.89,2763.78,2470.89,2897.77,2362.19,0
3038,500000,2,2,2,53,-1,-1,-1,0,-1,-1,249090.02,218704.52,188345.18,193560.47,157769.65,165207.31,113092.73,79833.8,34349.92,28890.29,66624.01,65383.65,0
3039,10000,1,2,2,33,0,0,0,-1,-1,0,6615.47,6613.27,6329.14,6697.39,5460.91,4524.52,420.3,3608.21,588.62,2196.51,1368.24,930.44,0
3040,100000,2,3,2,47,0,1,0,-1,-1,-1,83647.04,71222.83,73683.93,51679.14,49538.85,46427.54,17037.2,4404.85,23955.94,22292.78,8776.21,14778.28,0
3041,20000,2,2,2,62,3,-1,0,-1,-1,-1,4003.19,3442.92,3376.6,3263.45,2428.0,2112.71,1824.12,291.16,849.59,1126.04,964.4,285.26,1
3042,500000,1,2,2,32,-1,0,0,0,-1,1,437554.12,358144.84,389682.34,419487.31,399889.44,364286.74,185802.57,49991.74,147359.01,150758.36,81324.2,19811.15,0
3043,20000,1,4,1,22,-1,-1,-1,-1,-1,0,5745.16,5884.29,6396.4,6416.54,6282.8,6630.0,406.64,3443.46,3331.84,1070.84,2905.37,2399.26,0
3044,50000,2,3,1,30,0,-1,0,0,-1,0,12034.64,11244.97,12040.12,8819.95,9199.02,8086.58,3151.91,1615.02,3198.13,3631.26,2898.3,1570.3,0
3045,100000,2,2,2,41,0,-1,2,-1,0,-1,19161.41,20433.44,19811.17,19702.73,19083.63,19659.52,9322.68,6297.36,11088.34,7459.07,10509.02,4004.31,0
3046,100000,1,2,2,43,-1,-1,0,0,0,-1,89210.92,81063.97,83534.9,66914.68,64329.95,60526.65,21093.85,5919.64,16512.15,22977.99,34961.26,8961.92,0
3047,50000,2,1,2,21,3,-1,0,0,-1,0,27440.74,25535.72,22638.72,17513.82,16859.31,14253.02,4995.36,13224.33,10818.06,7580.84,4953.25,1320.33,1
3048,50000,1,2,1,53,-1,-1,-1,-1,-1,-1,15824.0,15008.69,14597.57,11404.8,8171.11,5801.03,6972.46,8572.18,5873.43,4967.28,4697.0,1083.74,0
3049,50000,2,4,1,46,-1,-1,0,0,0,-1,17701.37,18732.88,15359.99,16724.79,14662.52,14178.29,7243.15,8728.1,5120.68,7201.84,6061.72,2538.06,0
3050,50000,1,2,2,35,-1,-1,-1,0,0,-1,43010.85,38178.83,33560.33,32340.25,29768.25,29131.69,2748.31,13736.65,9971.23,4117.71,11395.08,8068.79,0
3051,20000,1,3,1,42,2,0,1,0,-1,-1,16399.5,13373.36,12003.96,13098.03,12653.18,13882.83,8990.76,2499.14,6632.05,4897.95,1282.27,1275.84,1
3052,50000,1,2,2,45,-1,-1,-1,-1,0,-1,18999.34,18774.34,17054.1,17717.13,14465.75,14240.29,6033.5,2785.85,6934.28,7695.06,8539.93,4346.66,0
3053,50000,2,4,2,21,0,2,-1,-1,1,0,7543.42,7903.32,6704.42,7173.45,6966.61,7160.95,3934.59,2636.39,1666.9,2758.91,699.35,575.3,0
3054,50000,2,2,2,46,0,0,-1,1,-1,0,38340.9,37070.94,30582.75,28196.55,24202.28,18561.35,10156.1,7778.07,10817.66,4401.45,4797.42,2926.84,0
3055,100000,2,1,1,41,0,2,-1,0,1,-1,83153.77,74517.7,72543.82,60900.26,60055.59,60366.39,21325.06,31203.95,25621.48,3843.62,8628.67,31015.99,0
3056,300000,1,2,2,61,-1,0,-1,-1,-1,0,231008.0,228499.44,216479.64,215486.79,166790.5,140236.43,27064.41,44740.53,115242.0,82892.23,13577.1,11931.33,0
3057,100000,1,1,2,44,0,0,-1,1,-1,0,83038.34,91118.05,88872.88,62853.24,51657.41,56409.87,40591.63,13086.5,6475.76,10763.86,30960.47,6070.32,0
3058,10000,1,1,1,59,-1,-1,-1,1,-1,-1,5607.22,5451.41,4572.59,4378.26,4727.82,4163.76,293.07,2016.21,1337.19,2211.85,1065.84,1546.38,0
3059,10000,2,3,1,36,2,0,-1,-1,-1,-1,7717.27,6903.6,7485.62,8103.89,8129.55,7202.26,1615.03,3234.07,2474.52,4574.34,612.62,1401.42,1
3060,300000,2,1,1,52,1,-1,2,-1,0,0,256538.86,223980.14,206959.03,214894.96,227670.4,204677.94,23075.34,20285.93,27645.28,109851.89,27033.94,97297.49,0
3061,50000,2,2,1,36,-1,-1,-1,-1,-1,-1,40596.13,44634.15,41725.87,32370.33,25251.34,20784.66,17927.98,17430.37,2104.26,4654.05,4546.15,5923.48,0
3062,10000,1,1,2,33,3,-1,-1,1,-1,0,5697.41,6011.49,5795.61,4353.76,4689.67,3994.88,2530.69,2996.88,296.59,2177.56,334.26,1458.23,1
3063,100000,2,1,2,62,-1,-1,-1,-1,-1,-1,69722.48,61623.91,62057.62,63956.1,63807.39,54678.52,15509.61,3296.01,36700.84,9477.28,8339.27,6059.22,0
3064,100000,1,4,3,52,1,-1,-1,-1,2,-1,67704.24,59494.0,54464.23,39288.11,36782.58,33295.15,29533.51,10302.1,4996.9,8407.19,2487.38,14435.95,1
3065,100000,2,2,2,61,0,2,0,0,-1,-1,74237.17,77288.4,65149.87,71542.53,50444.66,38162.11,13853.82,16556.52,6490.58,36166.49,7146.19,21778.87,1
3066,50000,1,2,2,64,0,-1,-1,-1,-1,-1,14153.99,15536.63,16079.42,14261.8,10279.38,9652.52,3151.72,896.85,1902.97,1852.51,3030.84,5582.59,0
3067,10000,2,2,1,44,-1,1,-1,-1,-1,0,1017.42,956.05,839.58,899.22,907.29,830.72,502.5,404.31,498.55,137.86,532.3,338.22,1
3068,300000,1,2,2,33,0,-1,-1,-1,0,-1,152375.9,132289.66,123407.72,126432.55,122334.81,133700.0,69568.9,37128.67,56712.51,65087.78,51655.55,12750.64,0
3069,50000,2,3,2,31,-1,0,-1,-1,-1,0,35622.03,30959.22,30640.3,29995.28,23560.32,24733.02,16943.67,12571.23,8419.03,17785.34,8137.79,12917.97,0
3070,100000,2,2,2,35,0,0,0,-1,-1,-1,20009.79,20794.29,22657.66,17725.15,15536.42,13749.73,2241.31,5670.84,13433.14,7085.11,9233.13,8199.48,0
3071,100000,2,2,2,30,-1,0,-1,-1,-1,1,52622.98,51649.72,41840.17,30721.61,29566.09,28952.06,6470.96,7523.52,14987.25,11967.43,12917.24,3591.12,0
3072,100000,2,3,2,62,0,-1,0,0,-1,0,35152.72,34805.6,33262.33,32007.23,22600.5,21747.23,7620.49,11613.6,16426.95,11116.61,5730.81,11003.96,0
3073,50000,2,1,2,61,0,0,0,-1,-1,0,38529.61,33069.87,35743.15,27732.98,26924.83,21376.7,4118.59,14808.29,3273.08,5117.01,13088.85,2897.81,0
3074,50000,2,2,2,23,0,-1,0,0,1,-1,9010.16,7560.8,6627.38,6836.04,5883.23,4901.83,3033.77,1021.35,3755.26,483.9,1853.74,1451.43,0
3075,100000,2,4,1,36,0,0,-1,0,0,0,77831.52,62513.68,52117.01,37880.55,27953.86,19941.41,26620.72,15288.49,29909.23,11275.8,2015.46,11139.59,0
3076,200000,1,2,2,64,-1,0,0,-1,2,-1,117722.75,126500.24,123850.29,112647.02,86222.11,63656.74,28391.54,57424.78,65014.99,58106.14,34464.81,35816.14,0
3077,300000,2,3,2,37,-1,-1,-1,-1,-1,-1,250666.72,227228.61,192157.67,166950.31,145356.22,119753.06,69702.37,93394.36,26627.86,89937.59,65652.75,42385.8,0
3078,20000,2,2,1,45,-1,-1,-1,-1,-1,0,16970.03,17434.88,18544.81,19841.94,18860.64,19072.64,1776.13,10456.55,960.79,6509.6,11097.76,10776.34,0
3079,20000,1,3,1,50,2,-1,-1,-1,-1,0,14942.04,15918.31,16188.15,17149.75,14366.98,14169.93,6326.02,2314.75,8809.04,9720.82,1490.97,1002.86,1
3080,300000,2,3,2,55,0,1,-1,0,-1,-1,157226.44,154014.24,128803.21,127273.01,94695.78,102810.7,30766.39,36847.43,28197.1,45833.11,21518.56,43940.73,0
3081,100000,1,1,1,57,0,0,0,0,1,0,21404.72,19848.11,19316.86,19357.94,19948.89,16889.04,10219.98,3154.85,4822.66,9053.84,8920.6,4822.54,0
3082,200000,1,1,2,33,2,-1,0,0,2,-1,56067.82,45504.66,36773.89,36134.5,32524.88,27228.09,26578.42,8385.84,11351.23,10589.3,13180.05,9655.26,0
3083,20000,1,2,2,44,2,-1,-1,0,0,-1,8684.03,7825.51,8244.58,7996.58,6502.5,4819.53,3257.92,1233.62,1852.6,761.08,2171.22,753.99,1
3084,100000,1,2,2,58,0,-1,-1,-1,-1,-1,68321.71,61249.61,52774.59,57987.56,56440.71,57290.18,19911.23,36382.4,19903.08,29618.97,8691.42,9222.32,0
3085,100000,2,1,2,46,0,-1,2,-1,0,-1,53588.34,51975.54,52991.4,52696.08,43975.43,33692.71,8773.6,21075.74,14407.49,29969.02,7298.87,15200.92,0
3086,100000,2,1,2,29,1,0,-1,-1,-1,-1,45064.17,46380.95,38584.16,41602.69,35141.21,37999.96,25491.03,4478.23,17457.74,18635.87,20474.7,17952.28,1
3087,50000,2,1,1,39,1,0,-1,-1,0,-1,24101.37,24422.65,22999.48,20122.02,16319.85,13485.36,13084.38,8213.58,1553.57,5532.32,1768.11,5423.82,1
3088,10000,2,4,1,48,0,0,-1,-1,-1,-1,6931.89,7354.57,7933.89,8721.32,7364.1,7061.48,3214.29,702.74,1291.5,4562.93,3328.53,1695.55,0
3089,100000,1,2,1,27,0,1,0,-1,-1,0,12748.51,10377.98,8534.26,8071.59,6497.24,5718.73,7075.8,2748.0,4720.1,3204.84,331.84,2506.74,0
3090,50000,2,2,1,42,0,0,-1,-1,-1,-1,22705.24,22285.21,19802.9,21030.12,22985.12,18150.51,12364.8,8960.39,1483.05,1083.69,2713.88,6078.2,0
3091,50000,2,1,3,50,-1,0,-1,-1,0,-1,27908.13,23908.95,24740.69,18218.29,14629.51,12909.07,9410.64,1819.47,7734.17,10282.69,7604.59,5623.04,0
3092,300000,2,2,2,57,1,0,0,-1,-1,-1,171291.21,187009.16,175603.29,165808.07,158980.74,132014.71,28325.99,14120.45,26300.4,50507.44,35031.19,22236.92,0
3093,50000,2,1,1,36,0,0,-1,-1,-1,0,29747.48,27449.0,27314.24,29966.97,23280.22,22120.45,4823.05,5155.71,13066.91,4372.02,13900.81,7090.49,0
3094,200000,2,1,1,56,-1,1,0,-1,1,1,28551.9,28185.2,29414.14,21373.05,19721.33,18152.99,9234.9,11626.09,9878.5,3219.95,8918.59,2163.61,0
3095,20000,2,3,2,25,-1,0,2,-1,-1,0,10927.17,9894.27,10242.7,11050.03,9984.5,7319.44,4903.42,5526.09,4560.97,2626.24,2513.54,4240.1,0
3096,100000,2,4,2,49,1,-1,-1,-1,-1,-1,54043.95,46804.92,42995.57,32606.12,30045.98,21899.22,14726.66,9337.16,21765.12,2392.33,8557.67,13062.88,0
3097,500000,1,1,1,43,0,1,1,-1,-1,-1,391941.54,394435.35,366504.21,402585.66,339204.31,368408.41,106640.9,227219.23,169727.92,87775.76,61926.11,105398.74,0
3098,20000,1,1,3,26,-1,0,0,-1,-1,-1,14161.23,15319.31,14880.19,12135.93,12722.28,10439.88,1275.56,5385.82,4092.54,1215.23,6357.99,2797.43,0
3099,10000,2,1,1,56,-1,-1,-1,-1,-1,-1,1249.81,1022.15,855.37,870.3,712.91,524.85,597.83,333.76,256.87,140.17,38.54,149.75,0
3100,50000,2,2,1,53,0,0,1,-1,-1,-1,27236.61,28532.32,30268.71,21523.6,22568.62,17439.57,3933.5,3046.16,12417.82,1289.8,4093.41,2661.21,0
3101,10000,2,1,1,61,-1,-1,0,1,-1,-1,6527.55,5890.97,4877.99,3974.19,3427.88,2611.33,3552.33,3390.28,2251.14,1687.26,1812.39,429.42,0
3102,100000,2,1,2,36,0,0,1,-1,-1,-1,56411.46,47175.61,40356.11,37986.35,36501.48,28615.71,8226.48,22894.69,10277.82,13924.85,21377.31,16775.54,1
3103,300000,1,1,1,54,0,2,0,1,-1,2,192328.61,195017.8,211290.1,167109.7,117649.79,84560.92,88133.44,10098.65,100998.86,16826.61,34301.32,19997.47,0
3104,50000,1,2,1,63,0,-1,-1,-1,-1,2,9666.24,7972.14,7051.77,7082.08,6206.67,4835.48,4447.48,3875.34,371.72,3374.36,3134.78,2556.37,0
3105,50000,2,2,1,46,2,1,0,-1,1,-1,11769.67,11985.31,10466.34,10155.13,9747.53,10493.61,6166.42,4246.84,5773.76,4350.75,4859.67,568.84,1
3106,50000,2,2,2,57,-1,0,-1,0,1,-1,28309.49,26348.75,24441.21,26796.19,21947.25,20385.03,9531.94,2762.9,9230.68,3615.33,10420.95,7704.78,0
3107,100000,1,2,1,33,-1,0,-1,0,-1,0,74054.85,62903.77,63991.11,59750.35,49507.73,41096.61,20102.54,27406.93,23106.44,4348.4,25401.1,7202.59,0
3108,10000,2,3,1,37,-1,-1,0,-1,0,-1,1207.91,1023.29,931.06,937.81,805.39,818.12,124.89,426.04,333.92,116.54,459.31,297.4,0
3109,100000,2,4,1,52,-1,-1,1,-1,0,1,44899.22,45997.49,48868.53,35664.74,28804.19,30484.6,22859.38,19553.65,3516.29,4076.38,2279.85,12757.83,0
3110,100000,2,1,1,52,-1,-1,0,0,0,-1,89364.3,93696.92,79155.93,56770.39,53433.93,38915.55,24967.67,49808.92,45291.44,21895.79,13225.3,19350.24,0
3111,100000,2,1,2,48,0,-1,0,-1,0,-1,71259.66,71664.95,59867.68,55836.12,40183.38,33662.56,42329.57,33542.62,28153.63,4365.17,17505.58,6224.02,0
3112,20000,1,2,1,49,-1,0,-1,-1,-1,-1,9202.98,9352.57,7699.22,8424.03,8697.44,8936.14,1972.9,5153.65,3415.94,1861.9,1366.41,3586.67,0
3113,100000,2,1,1,45,2,0,0,1,0,0,17843.23,18814.68,16735.8,13514.44,14649.58,13812.39,5191.32,4894.89,7290.38,3344.26,5012.15,721.83,0
3114,10000,2,2,2,42,-1,2,0,-1,-1,0,3873.46,3596.76,3092.74,2167.04,1660.51,1615.53,1080.91,1291.95,1079.37,210.5,652.37,968.66,1
3115,20000,2,2,1,47,0,-1,-1,-1,-1,-1,4470.86,3801.59,3567.41,2983.66,2357.23,2177.67,1398.17,2251.27,1400.12,712.5,335.04,610.02,0
3116,200000,1,2,1,64,3,-1,-1,-1,0,-1,167324.63,152797.68,167880.34,167147.35,180442.8,132242.89,28852.45,57234.65,93748.79,60411.06,76957.65,21047.51,0
3117,100000,2,1,1,58,-1,0,0,-1,1,-1,64851.55,70933.7,75229.62,76802.56,58804.5,61175.33,13006.79,20026.01,18678.79,17449.85,4167.65,24744.58,0
3118,10000,1,2,2,40,0,-1,-1,0,-1,-1,7845.58,7332.06,7834.23,7931.59,5889.48,4684.15,2379.44,2250.55,2967.0,4456.56,385.31,1610.19,0
3119,20000,1,4,2,44,0,1,-1,-1,-1,0,16359.43,17621.84,18489.22,13540.94,13775.26,10211.43,7755.17,8040.93,4894.26,2806.64,6307.82,528.43,0
3120,20000,2,1,2,28,0,0,1,-1,-1,-1,11710.24,11836.95,10434.42,10521.36,10216.92,8539.31,5380.73,2969.17,1203.16,4293.01,4174.55,2314.29,0
3121,50000,1,2,2,34,0,0,2,-1,1,0,5263.94,5376.18,4665.97,3418.58,3322.68,3316.47,797.34,411.06,604.16,1183.82,1563.85,1676.14,1
3122,20000,2,1,3,59,-1,-1,0,-1,0,2,10897.15,9339.55,9522.92,10426.32,8243.65,8672.17,3730.03,5165.16,814.71,2672.71,478.4,1669.89,0
3123,10000,1,1,2,34,0,-1,0,1,-1,-1,7419.96,6756.76,6619.53,5614.63,4774.5,4584.48,2502.5,2128.69,1750.7,3272.69,443.4,2650.0,0
3124,50000,2,2,2,25,0,-1,-1,-1,-1,0,17579.59,17926.18,15449.45,15100.22,11532.52,9724.65,6397.98,6011.12,3739.7,7888.42,2523.81,5110.44,0
3125,100000,1,1,1,41,-1,-1,-1,-1,-1,-1,84220.12,83939.62,91511.1,81793.24,62542.52,61996.64,18785.41,20907.2,10805.0,13116.95,6686.4,15745.17,0
3126,100000,1,1,1,35,3,0,2,-1,-1,-1,89745.54,95020.97,88109.48,70157.94,63020.98,63437.42,39936.92,52837.65,26168.51,41032.3,14645.1,17166.6,1
3127,100000,1,1,2,56,0,-1,0,-1,0,-1,53941.03,46550.97,48614.46,45908.69,44489.39,47568.68,11015.38,7053.65,8126.87,2777.41,15937.98,14215.27,0
3128,10000,2,2,3,53,0,0,0,1,-1,0,5249.93,5378.51,4421.9,3123.49,2587.15,1933.77,1212.14,1424.75,467.23,174.78,915.46,774.34,1
3129,300000,2,2,2,37,1,0,-1,-1,-1,-1,187245.44,152012.0,123213.31,111146.12,98936.12,74805.29,29103.97,39313.49,27976.7,11390.89,9923.42,17226.18,0
3130,200000,1,1,2,40,0,-1,1,0,-1,1,110614.21,98440.02,92212.87,65988.99,55387.39,48439.62,15298.69,32149.4,38806.99,16207.73,4958.11,2450.19,0
3131,200000,2,2,2,21,-1,0,-1,-1,0,0,45672.95,45177.31,37759.98,35008.09,37315.56,31203.46,24421.58,26339.08,2661.57,8777.4,2776.86,9052.93,0
3132,200000,2,1,1,36,0,0,-1,0,-1,-1,63377.42,69335.75,75838.0,66958.59,65710.74,66295.48,16902.15,11101.96,32410.18,5403.4,35078.33,21355.48,0
3133,300000,2,2,1,38,1,-1,-1,0,-1,-1,78429.31,86022.21,89773.31,94970.36,90227.65,84392.57,36511.11,34345.0,11535.16,43560.03,42346.49,37144.19,0
3134,100000,1,2,2,30,0,-1,0,-1,-1,0,15770.03,14693.64,13756.52,14945.1,14827.45,10948.67,7367.67,5243.13,7562.78,3384.74,7458.43,656.77,0
3135,20000,2,2,1,43,3,0,0,-1,-1,0,4246.23,4371.08,4781.32,4592.18,3706.72,3387.32,1545.46,849.31,495.61,2623.98,223.55,1346.75,1
3136,100000,1,4,2,38,-1,0,-1,-1,0,-1,87786.18,86043.56,74985.43,58044.35,62218.75,50660.01,44265.76,23864.16,11642.47,34770.29,27682.75,4656.65,0
3137,100000,1,3,2,29,-1,0,-1,-1,2,-1,54398.42,55090.85,55294.28,50286.03,39212.83,33837.61,2745.67,15549.57,9687.21,21603.15,15622.8,11469.39,0
3138,100000,2,1,2,50,0,-1,0,-1,-1,1,20072.27,20465.38,16479.93,11546.68,8720.45,6388.38,2789.22,3630.49,6837.9,1309.47,901.63,1026.02,0
3139,100000,2,3,1,33,0,-1,2,1,0,-1,67047.62,64647.01,58937.36,59363.3,63067.58,45031.04,34844.96,20458.65,29239.75,19853.94,23345.21,24032.8,0
3140,10000,1,1,2,51,-1,-1,-1,-1,-1,-1,4814.3,5027.01,4141.24,2967.05,2385.41,2590.79,2721.23,764.95,1413.19,1428.97,203.1,737.98,0
3141,50000,1,4,1,63,1,-1,0,0,-1,0,13986.85,13642.04,12417.15,12703.09,13202.9,13159.17,4630.25,2231.3,5703.04,7050.65,3951.96,1559.44,1
3142,300000,2,1,1,33,-1,0,2,-1,2,0,256456.89,212906.58,194634.83,156850.61,128470.56,123495.63,110609.86,110063.61,104734.12,44647.84,54728.73,8045.88,0
3143,100000,2,2,2,52,-1,0,-1,-1,-1,-1,27963.45,30669.23,27987.24,22390.14,18310.42,17770.89,3799.62,17285.15,10798.79,1122.33,1533.8,9216.15,0
3144,100000,1,1,1,37,3,0,-1,0,-1,0,17807.18,15868.97,14668.16,10793.89,11690.98,11165.59,7466.31,4194.23,3237.95,2954.94,3871.27,6316.17,0
3145,50000,2,1,1,23,-1,-1,2,1,0,-1,13230.91,14411.85,14196.48,13831.71,15022.9,12795.16,5386.9,803.42,1905.27,5048.05,6454.14,5750.87,0
3146,50000,1,2,1,21,3,-1,-1,-1,-1,0,41477.13,36822.81,31550.81,26704.5,28966.82,26044.6,4574.5,19871.43,11793.41,2965.65,2254.02,10814.93,1
3147,200000,1,3,2,25,-1,0,-1,-1,0,-1,157247.33,166044.63,144511.79,106355.23,80285.5,85914.11,75588.22,80562.14,73706.9,43111.83,42441.32,16042.17,0
3148,100000,2,2,1,52,-1,0,0,0,-1,0,81545.97,82106.66,81583.59,67584.14,62763.84,53244.7,5583.37,22890.3,12621.11,24295.85,15374.02,23905.01,0
3149,200000,1,2,2,45,1,1,0,0,-1,-1,166588.63,151106.05,142020.22,151797.5,108471.37,84225.23,98120.54,59036.3,85171.37,47480.25,24181.1,11322.1,1
3150,50000,1,2,2,25,1,-1,0,0,-1,0,8099.95,8759.29,7432.92,5306.94,5172.07,3732.48,4708.82,4841.67,891.23,1848.37,604.15,1860.39,1
3151,100000,2,1,2,57,0,0,0,-1,-1,0,66906.57,65230.15,67589.73,65401.28,63337.81,50935.47,32302.49,38692.33,4832.7,4343.08,37491.94,14792.22,0
3152,20000,2,1,2,43,-1,0,0,0,0,1,12632.34,13250.42,14300.71,12876.39,14124.51,10627.9,4014.86,4058.41,6110.18,5975.76,5197.92,5644.28,0
3153,100000,1,1,1,32,0,2,-1,-1,-1,-1,89432.67,92927.89,87315.1,81993.93,86186.1,82771.42,19134.55,28624.23,21896.95,35611.78,31957.25,19755.81,0
3154,50000,2,2,1,54,-1,2,-1,-1,0,0,33586.97,27336.95,26905.27,23048.61,18145.58,14418.9,7942.73,14464.67,11266.28,3697.74,6994.17,810.97,0
3155,50000,2,1,1,43,1,2,-1,-1,-1,-1,36681.26,32303.65,33744.51,30120.91,26431.67,22015.15,3914.72,14865.8,5046.5,2775.82,7388.79,10933.14,1
3156,100000,1,1,1,36,-1,1,0,-1,0,-1,67198.92,63278.85,68918.62,69174.95,55541.71,41005.44,30162.83,30871.71,10526.01,18397.3,14470.48,21930.64,1
3157,300000,2,1,2,25,1,0,1,1,1,-1,178939.63,193238.0,210773.3,188277.75,135390.22,118359.96,103510.67,75448.81,68773.18,87853.28,47638.04,7146.87,0
3158,10000,1,1,1,64,0,-1,-1,-1,-1,-1,5424.19,4440.99,4782.29,4067.41,3469.45,3753.71,983.75,1113.37,2725.42,1087.8,488.33,717.34,0
3159,200000,2,3,1,48,0,0,-1,-1,2,-1,175081.67,149816.18,156528.44,126835.26,94248.88,82522.34,102908.76,23213.02,40144.95,56751.95,35237.27,18536.38,0
3160,50000,2,1,2,26,1,-1,1,0,-1,0,42453.68,41916.94,38887.75,34229.01,34432.92,34449.24,12699.83,24063.24,3503.64,16328.46,11149.31,13055.88,1
3161,50000,2,2,2,33,-1,-1,-1,0,-1,0,22514.01,22419.67,22439.69,20875.36,17864.51,16578.42,2861.41,2996.08,10220.3,1570.88,2348.34,2981.86,0
3162,10000,1,2,2,63,1,0,-1,-1,-1,-1,3273.23,2779.61,2860.29,2430.66,1731.83,1432.34,1553.68,823.32,1593.82,650.11,829.05,801.14,1
3163,50000,2,2,2,50,-1,0,0,-1,-1,-1,25362.77,27505.68,22762.89,24137.65,19509.98,21003.74,12847.27,8603.37,5685.32,14327.24,1785.43,12178.42,0
3164,100000,2,1,2,46,-1,0,0,-1,-1,-1,69689.17,59448.39,49634.02,54516.92,45417.89,41206.72,16431.05,32090.73,14959.11,3514.32,8271.23,15326.97,0
3165,10000,1,1,2,37,0,-1,-1,-1,0,2,4207.58,3596.23,3638.02,2843.65,2506.04,2528.13,2448.07,1584.33,2085.69,1541.88,358.17,1497.01,0
3166,50000,1,1,1,29,2,0,1,2,0,-1,26489.24,26241.94,26243.89,25133.93,24442.2,18306.96,9138.69,4783.44,12109.54,2872.81,7376.09,2633.76,1
3167,300000,1,2,3,36,-1,2,2,-1,-1,-1,101689.42,94209.05,98086.45,76748.77,77911.86,61601.68,6881.45,15095.61,41002.23,29608.54,34241.84,6987.85,0
3168,20000,2,1,2,38,0,0,-1,0,0,-1,8843.27,7143.62,6110.47,5599.76,6127.94,5400.05,2118.6,4078.46,737.31,3205.09,1122.73,1475.1,0
3169,200000,2,2,1,33,0,0,0,-1,-1,-1,173167.26,186354.41,201449.86,172706.38,179906.59,181309.56,81607.43,13788.73,74480.82,67143.53,23969.5,88411.52,0
3170,50000,1,2,1,49,-1,0,0,0,-1,-1,13594.33,11181.92,9745.12,7778.22,6868.52,7049.31,2166.03,6062.49,5097.0,1202.31,2480.11,2636.97,0
3171,100000,2,2,2,63,-1,1,-1,-1,0,-1,89098.75,75457.31,63424.12,53075.28,39392.25,42982.15,10907.13,12821.37,28514.51,8709.79,16390.79,17040.79,0
3172,50000,2,2,2,44,0,-1,1,-1,-1,0,13621.6,14563.27,13067.63,9792.05,9455.19,10214.39,5279.88,1448.91,1488.25,652.01,5418.16,5897.02,1
3173,20000,2,2,1,64,-1,-1,-1,0,-1,0,7107.78,6273.28,6540.33,4786.18,4158.97,3614.69,1523.97,1293.4,2741.83,1175.91,1598.65,1369.63,0
3174,20000,1,3,1,33,0,-1,-1,-1,-1,0,3394.64,3548.43,2868.8,2524.69,2176.88,1986.98,1315.35,1255.13,1413.28,938.23,788.84,573.22,0
3175,10000,2,1,2,45,1,-1,-1,0,0,-1,7016.76,5972.77,5184.66,5320.0,4442.73,3155.19,1568.17,3125.9,1347.56,2636.99,1376.88,1519.7,1
3176,20000,1,2,2,61,1,-1,0,-1,0,-1,2282.15,1858.71,2019.82,1965.61,1508.69,1351.35,1082.18,784.61,938.72,728.25,307.38,636.08,1
3177,100000,1,2,1,21,-1,0,-1,0,-1,-1,73027.27,63564.34,51175.84,48009.74,35312.01,25240.27,20584.95,30207.81,22606.3,26483.82,20236.97,14408.16,0
3178,200000,2,2,1,29,0,-1,1,2,-1,-1,112341.32,114880.77,101494.56,88117.77,90545.95,63859.8,66551.41,63481.61,23634.29,37915.41,39925.42,24766.4,0
3179,200000,1,1,2,24,-1,-1,0,0,-1,-1,139802.74,139631.9,125351.97,111239.95,86098.15,79422.34,35805.13,7403.86,57443.49,39390.66,26735.64,4618.17,0
3180,100000,1,2,1,48,0,-1,-1,-1,-1,-1,72649.64,64889.63,69897.38,49529.19,48535.37,51400.68,9487.55,26481.47,28084.52,8089.33,16632.68,12006.92,0
3181,20000,1,1,2,32,3,1,0,-1,-1,0,3990.12,3950.39,4169.09,4486.18,4444.48,4826.6,1593.33,1035.0,923.91,2161.52,2564.19,1360.15,1
3182,50000,1,1,1,44,-1,0,-1,0,-1,-1,5855.65,5852.7,5489.98,4525.64,3724.33,3700.4,2639.44,2265.53,1893.27,980.39,1180.61,1662.12,0
3183,50000,1,1,1,29,0,-1,-1,1,0,-1,11750.66,11391.15,10198.12,10868.97,10026.53,10016.21,2814.24,900.75,3072.57,2461.65,5979.44,3777.17,0
3184,20000,2,1,1,55,1,-1,-1,-1,-1,-1,8145.08,8802.04,9535.5,9406.77,9261.36,8119.88,3748.67,1168.13,741.89,1018.87,3372.99,3243.64,1
3185,100000,1,2,1,58,0,-1,0,0,-1,-1,15865.32,16469.57,14106.02,13043.67,9832.04,9110.59,3773.01,7326.89,6004.11,1017.17,5450.67,1783.25,0
3186,100000,1,3,1,55,0,0,-1,-1,-1,0,46539.17,48623.76,45854.46,40264.13,30912.44,28861.22,4813.76,26004.09,5732.02,12095.37,13852.37,14606.88,0
3187,50000,1,1,1,53,-1,0,0,0,-1,-1,16403.57,15218.72,14085.4,11679.44,11527.88,8391.69,1570.8,4925.99,2581.08,1372.28,1266.24,1896.67,0
3188,50000,2,3,2,55,0,2,-1,0,2,-1,19553.4,19654.49,21237.88,20289.02,16473.58,11832.18,6102.84,3077.91,12255.02,4792.8,6398.87,5249.95,1
3189,200000,2,4,1,40,-1,0,-1,0,0,-1,170458.79,145743.18,149640.81,162822.74,120957.37,91705.82,100738.8,66346.95,26473.31,83167.72,69445.12,17812.09,0
3190,200000,1,4,2,22,0,1,-1,0,-1,-1,135883.32,120771.25,113405.77,115870.12,105221.33,107105.6,46546.97,9454.64,30111.93,26790.54,24567.59,42623.05,0
3191,50000,2,3,1,64,0,-1,0,-1,0,-1,31326.4,29782.82,29250.18,25051.36,25616.14,23681.75,10735.49,13429.81,16905.2,9802.37,6312.7,7804.89,0
3192,300000,1,2,2,46,1,1,-1,0,0,-1,186855.65,195240.78,209348.2,186920.7,153735.81,143972.7,98018.5,96601.68,96857.16,96829.21,17469.02,17411.64,0
3193,300000,1,1,1,62,-1,0,-1,-1,0,-1,163291.44,147138.59,154402.61,137014.17,110188.56,92524.18,93244.33,12291.97,65510.89,18091.14,36507.16,20107.92,0
3194,50000,1,2,1,33,0,-1,-1,-1,-1,2,25519.22,23782.5,23417.1,18823.08,14740.49,15439.44,3745.23,6465.53,11742.79,10740.67,3157.97,5368.88,0
3195,50000,1,2,2,50,0,-1,0,1,0,-1,40286.1,43799.15,47066.37,48897.97,43552.19,47271.43,4939.38,5138.76,3890.61,17511.03,20658.34,13779.01,0
3196,100000,1,3,2,52,-1,0,-1,-1,0,-1,16000.15,14163.81,12946.94,12650.89,11754.0,9232.39,6805.92,7099.9,6964.51,5751.14,1919.41,2512.14,0
3197,300000,2,4,2,56,0,-1,-1,0,-1,-1,99244.8,97797.77,99749.24,93665.9,70607.82,58322.04,38354.55,49022.44,18825.77,48893.46,32187.0,26130.39,0
3198,200000,1,2,2,39,-1,0,-1,-1,-1,2,36660.34,30434.06,24494.39,21391.45,21831.54,18147.4,8803.89,16960.23,3293.82,10235.31,6008.89,8059.42,0
3199,20000,2,1,2,42,-1,0,0,-1,-1,1,2176.85,2010.32,1959.85,1559.26,1422.09,1543.14,1181.03,246.79,992.14,284.78,805.36,919.98,0
3200,50000,1,1,1,21,-1,-1,2,-1,-1,-1,5554.68,4993.81,4200.26,4015.12,3714.41,3369.47,1935.53,2227.03,857.74,755.22,1357.45,395.33,1
3201,100000,1,1,2,31,-1,-1,0,-1,0,2,11920.78,9583.38,9174.07,7290.69,5446.32,5048.76,1731.52,5165.39,1662.41,1079.96,2927.33,941.93,0
3202,100000,2,2,2,46,2,2,-1,-1,0,0,64539.0,62961.87,55025.74,38711.83,36749.07,31136.77,17051.48,18398.8,26686.3,6092.34,7036.06,6496.15,1
3203,20000,2,2,3,39,-1,-1,-1,-1,-1,2,3782.48,3402.06,3110.18,2260.03,2195.23,2326.41,2015.36,784.34,250.83,1113.07,1253.09,511.84,0
3204,200000,1,3,2,39,1,-1,-1,-1,-1,0,52385.45,45863.58,47590.31,46524.5,40082.07,31118.95,3155.93,20316.16,4373.12,16665.78,6784.61,7225.05,0
3205,100000,2,2,1,32,-1,-1,-1,0,-1,-1,43518.73,46468.38,37991.69,32331.66,30381.59,26822.46,22232.2,12712.6,18887.37,3904.8,17321.34,9697.94,0
3206,200000,1,3,1,23,0,2,-1,-1,-1,0,63080.04,54809.37,52683.89,41228.47,32709.31,25846.74,36170.4,16167.27,14771.53,9068.42,17388.83,1967.66,0
3207,200000,1,2,2,38,0,0,-1,1,-1,0,150671.62,138865.85,117128.08,93134.02,89009.37,83139.06,37893.58,62090.71,60380.13,8617.92,14344.64,25451.14,0
3208,100000,1,3,2,25,2,-1,-1,-1,0,-1,59876.33,64955.56,63135.0,56681.83,51762.3,47575.65,12372.43,19414.61,30566.19,28639.99,21285.12,20914.81,1
3209,50000,1,1,2,44,1,-1,-1,1,0,0,18332.34,15107.54,14957.64,15887.69,14825.12,11155.82,2588.03,7604.25,5335.14,6171.73,3751.58,5007.03,0
3210,100000,1,3,2,34,3,-1,-1,0,0,0,35422.64,38310.66,32741.28,26439.18,21169.34,21852.03,2550.56,16773.23,15134.79,3712.92,5733.83,7736.29,0
3211,20000,1,2,1,58,1,-1,-1,-1,0,2,12939.1,11865.99,9514.03,9154.22,9297.42,6963.73,5461.34,6772.86,1225.02,4672.79,666.89,3875.72,1
3212,100000,2,1,1,23,-1,0,-1,-1,1,-1,23653.6,24535.36,20257.28,20869.78,21503.9,16571.14,3406.73,8499.99,3134.04,11339.35,10872.87,2572.31,0
3213,20000,1,1,1,26,3,-1,-1,0,0,-1,6488.73,5883.78,5924.28,5305.04,3935.81,3181.25,3517.95,2424.97,3041.8,2323.67,758.68,1884.15,1
3214,100000,2,3,2,32,3,0,-1,2,0,1,38274.7,35391.28,32348.68,22993.87,24075.74,24687.23,11507.84,2922.55,7689.29,7442.95,11383.61,3516.71,1
3215,20000,1,1,2,31,-1,0,-1,2,0,-1,9274.33,8637.5,7876.26,8021.72,8104.8,6333.22,5426.43,4103.53,415.27,3808.69,3031.56,1513.57,0
3216,20000,2,2,1,59,2,-1,-1,-1,0,-1,5048.51,5472.8,5514.21,5799.56,5343.11,4208.79,2973.11,2146.25,3167.05,1512.56,3119.99,329.98,1
3217,20000,2,1,2,46,0,2,-1,-1,-1,-1,4515.73,4358.02,4136.37,2946.82,2127.72,2044.33,2214.04,1370.53,1826.22,872.3,341.36,1183.97,0
3218,10000,1,2,1,21,2,-1,-1,-1,0,0,8919.68,7716.08,7647.61,5708.79,5191.04,5356.59,2603.34,4510.6,3938.22,1633.99,1174.61,1979.47,1
3219,100000,1,3,1,36,2,-1,-1,-1,-1,-1,83055.84,81681.54,87872.89,64570.06,57301.68,56135.85,25274.04,21850.91,48506.77,37855.88,8111.41,23653.3,0
3220,100000,2,2,2,29,2,1,0,-1,-1,1,51889.46,55357.82,52703.92,41555.58,32803.35,30014.23,29723.14,6890.75,20932.86,9628.31,16656.09,17352.86,1
3221,100000,2,2,1,25,2,-1,2,-1,-1,2,71244.03,61577.23,61048.31,54845.91,56678.53,54413.63,32076.15,12534.5,19944.25,17720.39,13131.49,25354.65,1
3222,20000,1,4,2,28,-1,-1,1,0,-1,-1,12784.06,11521.85,11428.68,8152.5,6752.03,6204.03,3456.34,6347.4,1519.47,4381.43,1062.24,3651.6,0
3223,10000,1,2,2,41,-1,-1,-1,0,-1,-1,1600.91,1555.19,1493.62,1146.52,1068.67,900.6,839.48,257.07,229.55,111.21,401.39,309.42,0
3224,10000,2,3,2,53,-1,-1,-1,-1,0,-1,5143.18,5637.84,5634.06,4861.63,4279.32,4177.7,1026.07,3276.52,1678.05,1017.67,1102.65,1864.36,0
3225,20000,1,2,1,59,-1,2,-1,-1,-1,-1,4942.71,4644.21,4877.83,4649.68,4888.62,4766.17,2793.89,1967.81,422.82,2153.23,2428.29,649.42,1
3226,200000,2,1,2,63,-1,-1,2,-1,0,-1,113449.33,110647.67,115333.52,122695.68,110473.62,105280.7,20803.0,17815.38,55672.64,55962.47,51928.43,7708.51,0
3227,20000,1,2,2,40,0,-1,0,0,2,-1,2988.66,2512.25,2052.96,2118.55,1718.56,1639.58,1354.35,217.35,733.19,754.87,199.28,483.29,0
3228,50000,1,2,2,42,-1,0,0,1,0,0,11516.35,11832.43,12844.54,9268.16,9164.89,7281.48,4675.92,3668.06,7184.22,4004.3,4772.47,724.27,0
3229,20000,2,1,2,33,0,-1,-1,-1,-1,2,14507.49,12562.92,13243.33,14392.46,14492.6,15519.82,5403.23,4101.36,5212.56,2964.6,8556.62,5058.13,0
3230,20000,2,1,1,59,1,1,-1,-1,0,-1,15491.96,13917.61,15186.63,12252.72,13157.71,14432.68,4763.25,3366.0,8879.68,4980.33,6092.16,3525.64,1
3231,100000,1,1,1,31,0,-1,-1,-1,-1,0,82596.85,83659.83,71798.86,60699.85,60608.05,55895.65,29458.21,6268.12,14597.56,4620.36,30496.46,8503.81,0
3232,100000,2,2,2,38,0,-1,1,-1,-1,-1,81738.12,82866.06,79627.86,58112.94,41831.79,33026.81,35217.8,46287.14,19305.96,34407.45,23199.61,19541.65,1
3233,20000,2,3,2,50,-1,-1,-1,-1,-1,0,16512.46,14789.22,13783.08,14808.81,15277.23,12632.94,6577.94,5608.79,3898.23,5955.52,7366.96,7163.62,0
3234,10000,2,1,1,53,-1,-1,0,-1,2,-1,1757.67,1854.51,1693.33,1555.1,1388.59,1382.84,355.24,586.85,359.72,231.15,516.01,281.15,0
3235,50000,1,2,1,64,0,-1,-1,-1,0,-1,31379.55,32584.88,30041.79,27233.59,20656.26,16707.87,6258.03,8022.07,14648.68,12166.16,1807.19,4766.77,0
3236,20000,2,3,2,23,0,-1,0,0,0,-1,13216.86,13015.09,13940.28,9842.94,10742.48,10135.15,5379.5,5496.04,4787.64,3953.13,3399.38,4233.23,0
3237,20000,2,1,1,21,0,0,-1,-1,-1,-1,6291.12,5370.16,5421.36,3802.4,3650.37,2705.45,842.07,1828.43,1628.11,2206.73,1754.43,919.85,0
3238,300000,2,2,1,56,0,-1,0,-1,-1,-1,268303.38,287477.41,257989.41,250994.16,265281.06,288385.9,157298.3,148427.84,77654.35,52436.77,50647.58,159093.32,0
3239,100000,2,4,1,26,-1,-1,-1,0,2,-1,32866.28,31493.34,28774.32,25692.93,19810.96,20532.75,16950.12,11217.65,14327.89,2080.95,8111.37,12179.79,0
3240,100000,1,4,1,57,-1,-1,0,0,-1,-1,55991.03,51115.4,48076.92,43414.85,43873.94,45131.12,16750.18,17226.14,8777.11,6547.69,9798.8,3802.13,0
3241,50000,2,1,2,49,1,0,-1,-1,-1,-1,39894.22,43013.31,39145.51,37583.3,35275.82,35648.02,13514.14,6844.82,8866.77,10535.43,18491.35,10594.93,1
3242,50000,2,1,1,31,-1,-1,1,-1,-1,-1,16567.44,18083.23,15606.22,11835.4,10113.71,7080.73,4056.48,1637.89,8759.05,2137.91,2526.31,1823.92,0
3243,100000,1,1,1,33,0,-1,0,0,-1,-1,58520.43,59407.47,55284.83,60776.75,47738.27,34719.14,7831.98,9868.67,14843.58,27884.42,3580.73,2736.97,0
3244,100000,2,2,1,31,1,1,-1,-1,-1,0,67601.17,70130.32,57777.42,42310.84,35384.52,33106.11,25371.33,9730.2,34528.26,3221.49,13102.42,18254.87,1
3245,100000,1,2,1,58,-1,-1,0,-1,-1,-1,60136.85,52561.38,55521.95,44814.63,40944.23,41249.48,35711.58,23551.8,16131.63,5411.09,3077.61,5602.45,0
3246,20000,2,2,2,45,0,-1,-1,-1,2,-1,8495.44,7455.93,7809.79,7634.38,7582.58,7598.71,1186.09,1421.4,2205.58,1677.65,1278.6,535.32,0
3247,100000,1,1,1,35,0,-1,-1,0,0,-1,85580.39,83078.01,88692.11,80387.65,70289.17,64081.61,29513.47,35032.13,33382.79,28790.56,22899.81,6586.37,0
3248,50000,2,1,2,33,0,-1,-1,-1,0,-1,29492.4,32293.02,30154.36,22272.91,19088.21,17338.93,17049.47,11942.79,15549.81,4688.5,9282.64,5041.68,0
3249,200000,2,2,1,62,-1,0,0,0,0,-1,55897.64,57181.46,56916.64,57482.34,40434.48,29719.91,32994.83,10745.49,25362.3,20632.53,9139.55,8199.58,0
3250,100000,2,2,1,53,1,-1,0,-1,0,-1,74490.34,76263.0,79542.16,86555.64,93455.94,100134.45,23632.69,29490.47,37297.88,19155.9,19545.19,54846.34,0
3251,100000,2,2,1,33,-1,-1,0,-1,0,-1,62470.27,54803.87,49019.71,43589.82,43951.11,36266.5,5635.02,23710.6,28788.64,20400.01,4929.08,2199.1,0
3252,20000,2,2,1,58,0,-1,0,-1,-1,-1,3752.24,3474.33,3439.64,2756.0,3027.07,2373.1,703.59,208.8,1678.5,1261.88,1126.42,1325.51,0
3253,100000,1,1,2,44,0,2,1,-1,-1,0,32251.37,29115.21,27119.93,20142.82,21515.21,20195.86,14095.91,10398.76,8325.31,9760.93,7377.52,5502.0,1
3254,20000,2,1,2,40,-1,-1,-1,-1,2,-1,4530.21,4034.95,3680.33,2878.36,3008.44,2134.34,400.11,1915.39,1513.26,1658.42,165.1,364.7,1
3255,50000,2,1,2,64,-1,0,-1,-1,0,-1,7906.92,8059.77,8525.96,7029.58,5084.02,5513.34,3169.14,908.15,4320.64,3544.39,2219.71,3239.39,0
3256,20000,2,1,1,37,-1,-1,1,-1,-1,-1,5683.2,4716.8,4656.54,3609.69,3415.65,2890.7,1692.0,1252.66,666.86,1826.22,1035.66,1597.99,1
3257,100000,1,1,1,44,0,0,-1,-1,-1,-1,32251.06,27401.56,27045.85,26337.04,20810.0,17026.88,4817.66,5825.75,6523.08,6836.62,4349.93,6743.26,0
3258,20000,2,1,1,46,-1,0,-1,-1,2,-1,9464.4,8742.16,7405.13,5251.54,5527.87,4204.79,991.56,3505.08,2833.41,1161.3,2437.43,417.9,0
3259,50000,2,1,2,60,2,-1,0,0,2,-1,43770.52,38991.58,35251.33,30444.59,31294.22,28268.46,18630.29,18283.67,9131.21,5236.33,15537.2,13415.53,1
3260,200000,2,1,1,52,-1,-1,0,0,-1,-1,170923.01,183060.48,192648.72,163685.46,125736.24,107606.7,25099.39,106265.49,15363.86,48126.35,47582.13,9953.8,0
3261,20000,1,2,1,49,2,-1,0,-1,0,-1,14058.93,12092.55,10448.54,10983.5,11143.73,9166.87,4744.87,3914.51,5926.11,2822.48,1136.0,1770.08,1
3262,100000,1,1,1,34,1,-1,-1,-1,-1,0,61720.91,53984.38,58904.47,47660.33,52176.93,39288.11,19822.53,24029.68,20435.1,8184.48,28602.87,15025.71,1
3263,50000,2,2,1,57,0,-1,-1,-1,-1,1,42890.91,36604.19,38418.4,35842.91,30215.75,25083.48,18035.7,12376.08,15332.25,1827.55,1807.08,1736.73,0
3264,10000,1,2,2,42,0,-1,-1,0,-1,-1,2139.58,2262.61,1991.74,1397.95,1182.8,1215.98,614.54,559.35,887.71,420.2,195.32,259.78,0
3265,200000,2,2,2,54,-1,-1,-1,0,0,-1,72852.88,62698.48,52194.33,55679.86,39535.62,40239.44,40322.03,10187.55,3654.01,32813.03,7726.01,9939.17,0
3266,10000,1,4,2,47,3,-1,-1,-1,0,0,5426.62,4914.47,4181.56,3991.99,3955.3,3674.87,2815.52,2645.69,627.22,1802.3,1002.64,287.69,1
3267,50000,2,1,2,48,0,0,-1,0,-1,0,37557.37,37587.16,32800.84,33373.3,34399.86,34436.11,18764.7,13959.51,17939.53,18915.18,8445.78,12436.42,0
3268,100000,1,2,2,42,3,-1,-1,2,-1,-1,59902.93,49317.46,42971.49,39866.39,28649.82,27073.84,12130.89,19840.87,20754.11,12963.54,15597.65,11409.62,1
3269,100000,2,4,1,63,0,-1,0,2,-1,0,74709.54,78071.07,62838.14,64485.17,69522.36,51876.29,44207.26,30396.13,5425.56,38216.44,33918.73,5287.54,0
3270,100000,2,3,2,23,2,0,0,2,-1,1,22246.0,22510.18,22838.61,16757.96,12223.05,13082.32,7525.57,4062.67,11036.19,2673.69,1965.28,3355.17,1
3271,50000,1,1,1,42,0,0,-1,0,-1,0,12709.39,11162.8,12202.28,12009.45,11139.3,10026.71,7462.27,2540.67,6648.73,4250.9,6402.51,2260.25,0
3272,10000,1,1,1,41,1,1,-1,-1,0,-1,6924.52,6353.51,5628.77,4275.18,4578.45,4560.96,3549.05,3269.66,798.59,826.21,1141.19,1460.39,1
3273,100000,1,1,2,36,-1,0,-1,-1,-1,-1,37865.24,37335.93,30051.08,27965.34,29960.56,31460.2,19906.04,11088.39,2537.89,4916.05,5099.34,17712.64,0
3274,100000,2,2,2,29,0,0,-1,0,0,-1,44887.55,48655.29,52328.42,57262.43,43136.01,45366.95,19669.22,2823.49,27454.96,32330.62,24593.92,14470.74,0
3275,200000,2,2,2,33,0,-1,-1,-1,-1,-1,146666.33,145020.46,124987.32,96515.82,105060.28,112757.31,21355.22,42070.25,47549.23,35440.58,38297.92,5807.34,0
3276,200000,2,1,2,30,0,0,1,-1,0,0,31205.8,27333.53,21925.49,17594.49,14219.36,13635.7,18002.99,4865.0,13034.65,1688.01,5322.75,953.14,0
3277,200000,2,2,1,41,0,0,-1,-1,0,2,46876.72,44286.73,38407.08,30131.31,25209.58,24032.5,12662.23,23212.68,16818.21,7597.46,10355.95,5711.73,0
3278,50000,2,2,1,62,0,0,-1,0,-1,-1,16832.43,15736.38,13080.15,11312.8,10973.95,8733.69,9577.15,5219.53,4330.83,5780.0,4322.37,939.27,0
3279,50000,1,2,1,60,-1,-1,-1,-1,-1,-1,40339.74,38717.36,39407.08,35285.7,26282.11,21700.17,21489.28,23105.38,7293.09,3582.99,10419.22,4640.67,0
3280,200000,1,3,2,27,0,0,-1,-1,-1,-1,84780.94,81026.39,64861.01,49555.24,45279.55,42624.44,42587.59,5501.8,28206.43,3074.47,2312.7,17140.47,0
3281,50000,1,2,3,42,0,0,-1,0,1,0,15084.35,13714.93,12787.88,9093.87,9333.86,7469.69,821.67,4849.47,1180.11,4684.8,3986.73,1435.56,0
3282,20000,2,1,1,38,-1,-1,0,2,-1,0,12854.84,13646.03,12930.78,10818.52,9720.2,8199.52,4719.57,1076.51,3602.69,4595.83,4453.56,927.56,0
3283,200000,2,2,1,41,1,0,0,-1,-1,-1,24846.42,22337.76,23125.41,19721.6,14286.8,10950.53,4576.81,4607.07,5565.44,1746.67,925.98,4771.22,0
3284,200000,1,1,2,34,-1,-1,0,0,2,0,144017.08,138110.32,132131.43,112726.82,115209.1,115237.95,76947.08,24362.04,50422.72,17027.43,45330.39,63896.18,0
3285,50000,2,2,2,30,-1,0,-1,-1,0,-1,32915.71,28908.52,24208.61,23385.34,18617.49,17731.64,14345.99,5932.49,4165.68,2081.26,3640.79,9766.66,0
3286,10000,2,4,2,53,0,0,0,-1,-1,0,1440.67,1340.45,1243.87,1093.98,1118.32,1106.63,586.04,790.09,173.66,96.5,442.35,452.65,0
3287,50000,2,3,1,29,2,-1,-1,-1,0,-1,24921.15,25031.24,27043.18,20096.97,21609.57,18970.06,13643.87,5084.45,3576.64,10953.83,4229.09,2879.35,1
3288,200000,1,2,3,38,0,0,0,0,-1,0,84664.07,86980.21,75763.35,81289.58,81446.1,80982.37,18001.31,12215.57,16727.93,37758.32,8368.89,42941.77,0
3289,300000,1,1,2,33,1,1,-1,1,-1,-1,67953.41,70798.39,62999.28,61755.87,44048.04,39038.32,7429.21,40584.41,33068.8,20510.41,6520.98,18307.77,0
3290,20000,2,1,1,37,0,-1,0,0,-1,-1,4464.72,4558.69,4841.22,3801.06,3663.53,3345.16,973.1,1795.52,1299.74,856.92,2032.44,1710.69,0
3291,10000,2,2,2,43,1,-1,-1,-1,-1,-1,2281.59,2144.75,2221.51,2386.0,1929.94,1449.2,344.35,445.27,1200.06,921.59,562.62,190.92,1
3292,200000,2,1,2,45,-1,0,0,0,0,0,115945.98,94060.08,83586.96,91664.07,71460.19,51063.53,21908.43,38805.63,38538.29,18980.32,39587.63,16149.67,0
3293,50000,1,2,1,36,1,-1,0,-1,-1,-1,11844.27,11339.08,11480.95,8943.3,8982.05,8964.21,4281.13,5485.65,5091.51,1146.62,2839.98,3076.17,1
3294,100000,1,1,2,44,0,-1,-1,-1,-1,-1,14767.68,12058.47,9954.69,8483.47,6920.96,7310.2,4436.95,714.58,4702.47,2695.39,3765.65,3481.82,0
3295,300000,2,1,2,51,0,0,-1,0,0,-1,259818.48,283185.24,272678.56,198393.66,150270.46,126871.24,153173.72,50757.62,89191.89,102153.38,54422.93,29065.9,0
3296,10000,2,1,2,31,-1,2,-1,0,-1,-1,1313.37,1199.62,1273.15,1136.9,873.55,907.39,367.96,436.65,252.07,485.03,212.33,218.34,1
3297,100000,2,4,1,43,2,-1,-1,0,0,-1,63111.68,60025.61,63192.27,64145.17,62278.91,50457.02,8424.87,19867.92,9368.4,30897.3,10722.76,27107.07,0
3298,10000,2,2,3,61,0,-1,-1,-1,-1,-1,8488.26,7120.5,6129.71,6507.33,5745.86,5704.28,4508.82,2005.86,1981.77,965.32,1460.41,2607.97,0
3299,50000,1,1,1,59,1,0,-1,0,-1,0,6517.41,7160.79,6874.0,6311.02,4944.38,4611.9,1316.51,479.49,1763.59,3653.21,728.35,1851.78,1
3300,200000,2,1,2,42,-1,0,-1,-1,-1,2,174517.1,165382.97,152075.98,126284.85,92425.02,65937.94,19078.03,94779.95,62626.09,11552.39,54511.93,7681.81,0
3301,50000,2,2,2,53,-1,0,-1,-1,-1,-1,25093.56,22320.4,21611.88,20097.25,21602.64,17209.29,10347.59,9894.47,5230.27,6646.5,5222.5,1512.7,0
3302,500000,1,1,1,61,-1,-1,-1,0,-1,-1,364034.09,312310.16,256881.93,191686.63,210665.89,200469.44,69527.27,186575.13,20918.16,48817.68,75063.1,81208.29,0
3303,100000,2,2,1,62,0,0,-1,-1,-1,0,60009.75,59708.46,65345.34,67574.63,57956.65,45386.15,3528.22,31712.36,16896.47,25390.61,34668.73,15071.47,0
3304,50000,1,3,2,38,1,-1,-1,-1,-1,0,29673.88,27623.11,26768.3,24313.03,19437.72,18192.83,12314.64,10096.6,14360.04,13796.04,6519.46,10761.08,1
3305,20000,1,2,1,34,-1,0,-1,0,-1,0,14620.14,13087.93,10938.72,11955.73,8568.79,8420.8,1313.16,3190.07,4796.39,1324.95,1892.56,4367.72,0
3306,50000,1,2,2,48,-1,-1,1,0,-1,0,7617.6,6116.12,6071.35,5223.73,4298.66,3605.0,390.33,857.38,1592.44,640.65,1666.62,1310.59,0
3307,50000,1,2,2,31,-1,1,1,-1,-1,-1,20695.6,16782.45,13464.8,12945.28,12079.21,11796.2,8800.35,2789.8,2232.04,3031.24,6032.86,1363.72,1
3308,10000,1,3,2,44,0,0,0,-1,0,-1,8756.54,8827.33,7078.99,5917.84,5383.83,5153.09,2620.32,4655.56,2558.42,2383.0,2094.55,536.11,0
3309,50000,2,3,2,56,-1,1,-1,0,-1,-1,7183.49,6782.38,5790.42,4395.29,3799.8,4160.5,3537.43,3551.47,3268.04,573.54,650.51,1264.54,0
3310,50000,2,2,1,39,3,-1,0,0,-1,-1,15511.83,16359.82,14417.56,14444.83,12203.49,11542.8,2177.41,8561.91,5321.26,1759.35,1901.98,1525.24,1
3311,100000,2,1,1,33,-1,0,0,0,-1,-1,63768.56,65430.27,57509.81,55725.94,60813.27,49267.35,21100.25,34246.06,31007.08,27051.2,27028.41,21029.92,0
3312,100000,1,2,2,53,1,2,-1,0,0,-1,18034.85,17530.45,16355.06,16554.05,14900.45,11903.64,2052.74,2673.71,7165.13,8064.42,7701.68,903.88,1
3313,100000,1,1,2,39,0,2,1,-1,0,0,52933.89,51255.74,48895.84,53396.46,37566.83,36209.54,14574.96,26629.03,5676.99,22655.96,16324.08,21602.99,1
3314,10000,2,2,1,52,-1,2,2,-1,-1,2,6706.96,6865.27,6361.67,6981.07,6839.34,5070.57,1649.94,816.45,2777.5,1925.22,692.73,2891.32,1
3315,20000,1,2,2,35,1,-1,0,-1,1,-1,14118.73,14434.26,13166.45,14109.14,13167.96,10410.03,5661.78,4012.13,5048.23,5157.32,2992.26,3979.15,1
3316,100000,1,1,2,31,0,-1,-1,-1,1,-1,54895.17,49425.15,49476.65,52343.14,39952.27,28109.94,21567.36,29456.17,12283.4,20322.81,17060.81,4467.18,0
3317,50000,2,1,1,43,0,-1,0,-1,-1,-1,25025.21,20810.86,18199.12,14934.24,14685.39,13284.07,4805.28,9027.49,10454.5,6324.75,6477.38,2726.61,0
3318,10000,2,2,3,25,0,-1,-1,-1,-1,0,6711.11,6922.84,6842.13,6071.59,4298.43,4359.69,522.63,2808.79,1583.04,1083.75,1312.27,923.98,0
3319,200000,2,3,2,42,-1,-1,-1,-1,-1,0,43209.54,37459.72,40718.73,29265.31,28977.59,26203.36,4650.58,6548.47,3921.91,9762.7,6199.41,3995.36,0
3320,200000,2,2,1,62,1,0,0,-1,0,-1,128882.87,133700.45,125883.24,122570.12,93125.81,75825.56,71157.59,60856.21,23439.84,73421.5,9379.12,8377.26,0
3321,100000,1,2,1,38,0,0,-1,-1,-1,-1,83539.63,82322.25,78482.68,72079.91,78842.66,81615.77,37560.7,28909.09,22758.96,10578.52,6239.69,33845.04,0
3322,10000,2,1,2,27,1,0,-1,-1,-1,0,6462.02,5863.56,5971.94,5869.14,5309.01,4745.61,3672.55,1845.9,3221.31,543.67,598.74,2189.22,1
3323,200000,1,2,2,53,0,0,-1,-1,1,-1,27440.58,28968.53,27584.38,26821.06,18889.51,18434.05,10694.96,5176.59,1814.85,2361.53,4449.75,3399.34,0
3324,100000,2,2,1,23,-1,-1,0,-1,-1,-1,50478.89,50849.94,42875.26,34676.13,35897.61,39292.94,26936.01,6031.81,20947.2,14455.51,13838.18,18356.11,0
3325,200000,1,2,1,48,-1,0,2,-1,0,-1,136204.05,131237.02,129033.68,114120.61,117535.99,120531.89,64704.99,23069.42,26091.05,56841.38,60706.04,16962.72,0
3326,200000,2,1,1,21,2,-1,-1,-1,0,-1,26919.07,23965.24,22830.06,16940.72,17031.23,17716.06,4969.65,7857.0,8706.31,3058.2,3200.56,3155.83,0
3327,200000,1,2,2,57,2,-1,-1,0,0,-1,141951.72,155562.65,168854.38,123906.58,113396.45,84853.64,65635.1,90308.69,43596.1,8527.77,10383.79,40847.85,0
3328,100000,2,1,1,42,0,-1,-1,0,-1,-1,32528.22,34205.45,28318.73,25034.25,19711.47,18060.8,12528.6,6462.12,5525.02,11092.11,11456.76,10615.0,0
3329,20000,2,1,1,64,-1,1,0,-1,-1,0,11420.37,9604.22,9229.08,8512.2,8137.62,8941.73,1637.63,4059.18,3037.12,3924.49,3167.72,4272.59,1
3330,100000,2,4,2,39,0,2,0,0,0,-1,87307.48,90962.93,89605.7,74149.64,77055.71,63916.16,8884.61,13327.74,22935.6,14459.59,9876.94,10135.23,1
3331,100000,2,1,2,34,1,-1,-1,0,-1,-1,89594.36,74905.95,73854.89,53517.72,48016.6,34414.21,22547.71,20538.03,19666.58,3116.81,9020.48,7360.29,1
3332,100000,2,1,2,23,1,-1,-1,-1,-1,-1,60752.62,53117.49,43445.34,41908.59,30461.65,21738.06,22608.09,10734.62,6020.31,20524.31,8537.79,8734.88,1
3333,20000,2,2,1,39,-1,0,-1,1,-1,0,9863.74,10724.5,9634.34,9354.5,10197.39,11130.21,3513.27,2573.71,1235.07,2325.12,5935.46,6400.99,0
3334,20000,2,3,1,53,-1,0,1,0,0,0,4843.08,5138.37,4515.41,3740.06,3630.44,3171.9,1523.9,885.76,874.45,1256.15,415.71,1893.83,1
3335,200000,2,2,1,41,-1,0,-1,-1,0,2,53333.4,52362.79,52572.03,36817.47,40232.45,32746.82,16711.45,30645.18,19642.77,20065.09,11465.91,12220.53,0
3336,100000,2,2,3,21,-1,-1,0,0,0,-1,44336.0,44767.76,45691.04,43604.22,33784.44,30594.29,2618.95,10414.61,8140.14,7111.41,9812.99,8873.45,0
3337,300000,2,3,2,46,1,0,-1,1,2,0,198548.72,164176.53,141648.36,103149.5,80596.51,76088.74,12284.34,86976.54,67330.57,12548.99,48010.86,13923.64,0
3338,200000,2,1,1,30,0,-1,0,1,-1,-1,143088.5,128738.46,134895.27,106482.24,78817.16,82940.02,39245.85,30305.87,67183.18,39410.67,12295.94,7622.74,0
3339,100000,2,2,1,55,1,-1,-1,2,-1,-1,27752.67,24886.58,23530.51,18804.2,14745.96,12933.02,9251.24,8260.4,3266.78,7828.91,4535.97,2831.64,0
3340,100000,2,2,2,33,-1,-1,-1,-1,-1,-1,52833.34,42784.48,37602.77,30285.68,22512.45,23440.64,22271.89,23652.63,22067.06,8069.16,13344.76,8390.01,0
3341,200000,2,3,2,26,0,2,-1,-1,0,-1,114656.81,115944.47,103181.99,97678.97,79043.23,63556.81,47682.5,19730.94,20278.28,6597.17,32511.02,25509.59,0
3342,100000,2,1,2,63,0,-1,-1,-1,0,-1,81446.24,72671.73,63882.9,46741.2,43570.45,40059.01,48201.22,22057.36,5750.77,4631.05,6134.16,9292.21,0
3343,100000,1,1,2,26,-1,0,-1,-1,-1,-1,80113.72,79306.8,77826.35,74566.01,76646.23,77614.59,21269.34,45320.35,22656.25,14701.88,43291.58,44841.8,0
3344,20000,2,2,2,55,0,-1,0,-1,-1,-1,15078.16,12185.68,11675.34,10436.8,7707.95,6760.45,1805.03,6315.03,1749.75,1786.57,2686.45,688.82,0
3345,50000,2,2,2,36,0,-1,-1,0,-1,2,25666.46,20545.82,22222.75,18656.09,14234.89,11544.75,5532.07,7132.91,10698.56,4164.34,7084.89,5082.22,0
3346,100000,2,2,2,61,2,2,0,0,0,0,15206.65,12940.89,11415.25,10749.46,8770.78,8977.77,7171.53,2361.79,1292.66,3722.49,4326.69,2310.34,1
3347,50000,2,2,2,28,-1,-1,-1,0,-1,-1,18378.94,18578.64,16641.88,17463.84,14623.05,14958.0,3383.97,6507.55,5258.59,1409.73,5175.05,7161.03,0
3348,20000,1,1,2,23,1,1,0,-1,2,0,11947.53,11723.53,9401.6,8626.76,9107.07,7403.35,5969.18,5974.88,902.76,1505.77,4543.58,3769.09,1
3349,50000,2,2,3,25,3,2,-1,-1,-1,-1,30504.29,26241.98,23342.28,17797.28,14072.48,13255.56,15048.71,11139.21,12705.01,8721.37,7552.42,5949.44,1
3350,20000,2,2,1,41,0,0,0,0,-1,-1,15585.17,14915.2,13054.73,12050.91,9052.27,7228.68,4801.26,4920.99,2868.53,1718.53,4498.53,2631.21,1
3351,20000,2,3,1,51,0,-1,-1,-1,-1,-1,8070.3,7955.43,7323.76,6455.64,6775.19,7171.7,3644.06,1469.39,2850.66,1385.33,2690.38,663.97,0
3352,50000,1,1,2,34,-1,0,-1,0,0,-1,42464.89,45933.56,43576.81,46898.6,49387.89,36055.52,20835.93,18388.62,19661.39,14134.19,18430.89,4593.85,0
3353,300000,2,3,2,57,0,1,0,-1,2,-1,69176.46,71163.75,71240.27,66777.09,67718.1,57758.27,31092.88,15204.2,4819.38,9299.75,20646.3,21850.66,0
3354,100000,2,2,2,39,0,2,-1,-1,1,0,13989.27,11761.48,10086.25,7202.46,6140.37,5895.05,3105.72,668.02,2620.74,3366.08,580.89,3421.66,0
3355,20000,1,1,1,57,0,0,-1,-1,0,-1,4827.06,4252.97,4112.31,3077.2,3277.62,3422.14,692.38,1100.88,846.3,201.29,1024.68,1167.85,0
3356,10000,1,2,2,40,-1,-1,0,-1,-1,1,4698.59,4327.61,4408.08,4024.41,3524.32,3588.27,543.06,696.72,1544.4,1149.65,1396.29,1956.2,0
3357,100000,1,1,1,22,2,0,0,0,-1,-1,75832.68,63061.48,55011.98,56006.78,56937.54,55436.76,43974.23,34153.64,26077.56,19642.45,17016.38,30996.58,1
3358,50000,2,4,2,27,0,-1,1,-1,2,0,11153.45,10781.01,9760.73,7205.78,6297.59,6741.11,1137.27,1255.1,1189.09,852.99,1764.62,782.45,1
3359,200000,1,3,1,53,3,-1,0,2,-1,-1,107709.83,115478.71,99489.02,92144.26,82262.32,58382.39,31502.82,27316.1,30975.1,39460.61,14797.97,17568.23,0
3360,100000,1,1,1,62,0,0,-1,0,-1,-1,72127.31,64331.31,53607.9,47231.12,49314.72,53842.0,7637.92,10816.39,6523.01,4888.71,12393.58,24985.24,0
3361,200000,2,1,1,26,1,0,0,0,0,-1,25577.86,28017.83,28770.42,24315.47,17029.99,14276.67,12459.96,4002.22,13938.84,8654.19,2762.49,3922.02,0
3362,50000,1,2,2,27,0,0,0,-1,-1,-1,6660.8,5826.84,5081.11,3723.62,3014.63,3012.52,2359.42,1878.54,2447.87,2023.32,279.91,636.93,0
3363,100000,1,2,1,64,0,0,-1,-1,-1,-1,49247.3,46375.19,42213.97,44403.11,42518.17,34511.0,7221.73,27343.26,9789.14,6249.91,19062.04,19075.67,0
3364,50000,2,2,1,38,-1,-1,-1,-1,-1,-1,12305.85,11111.08,9714.49,9765.85,10437.47,9037.51,7110.75,2889.94,2238.49,3555.06,4538.8,3420.39,0
3365,300000,2,1,1,63,-1,-1,0,1,1,-1,138136.56,123277.82,100243.04,107095.25,75504.22,79308.95,71360.98,39279.81,38050.38,53911.73,25260.33,31365.28,0
3366,100000,2,2,1,49,0,-1,-1,-1,2,-1,13514.84,12343.93,12574.73,9645.61,8543.31,7511.92,1619.48,4938.12,7526.03,1624.3,798.83,3262.82,0
3367,50000,2,1,2,39,2,-1,-1,-1,-1,-1,44074.83,35688.43,35438.57,32921.78,29846.83,31456.59,21918.57,15385.57,20883.45,1987.66,11612.31,18404.25,1
3368,50000,2,3,1,45,0,-1,2,-1,1,0,31167.55,29908.48,28198.85,19956.62,21947.47,20183.03,16033.54,8913.83,6305.81,1232.6,4465.92,7840.27,0
3369,20000,2,3,1,24,-1,2,-1,0,-1,0,12987.14,13278.34,13308.9,10262.19,10045.07,8092.71,6162.26,1249.1,6737.91,1895.88,5746.47,476.79,0
3370,100000,1,2,2,33,-1,0,-1,0,0,-1,50778.3,53781.21,56682.7,57568.15,43207.0,38650.09,12345.79,27509.93,12669.43,25550.18,3308.47,22474.48,0
3371,20000,1,3,2,52,0,-1,0,-1,-1,0,15198.56,13637.77,13440.55,10951.08,10098.42,7427.36,2904.23,4823.58,4452.85,2590.45,521.04,1299.64,0
3372,100000,2,1,2,47,0,-1,-1,0,0,-1,76672.62,73998.38,79328.89,61789.21,47058.87,41941.47,25969.44,22756.8,5350.17,19379.69,23900.55,24274.32,0
3373,50000,1,1,2,54,3,0,0,2,0,0,11363.63,12134.52,10441.13,9573.47,9482.04,9624.91,3532.23,6221.65,5922.53,782.94,1684.06,2582.08,1
3374,100000,2,2,2,48,0,-1,-1,-1,-1,-1,71471.63,74327.75,79159.6,76166.38,64387.6,46844.59,26517.07,28174.1,35947.15,40734.9,26946.85,24479.15,0
3375,200000,2,2,1,29,-1,0,-1,-1,1,-1,110667.97,103941.85,100039.92,94451.56,91086.81,72265.6,30975.23,17340.52,52616.05,26018.23,22037.92,19552.97,0
3376,200000,1,2,3,28,0,-1,-1,-1,-1,0,141981.61,120606.83,126937.21,93890.46,99319.57,86306.53,23556.11,34115.99,45298.87,45390.87,49949.47,34223.58,0
3377,200000,1,3,2,41,1,-1,0,2,0,0,166991.93,161563.15,165302.18,177230.29,180183.29,180747.83,60720.97,69237.33,14216.23,10472.43,93601.88,48976.69,0
3378,20000,1,4,2,50,0,0,0,-1,-1,0,7361.54,8074.94,6599.58,5087.47,5182.62,5184.88,2544.67,4781.2,1924.04,2212.45,2943.86,2366.29,0
3379,10000,2,2,2,49,-1,0,1,-1,0,-1,5567.29,5719.0,6012.61,6434.41,5226.18,5513.18,3059.91,2211.9,1515.45,2096.21,1368.7,2718.13,1
3380,100000,2,2,2,29,-1,-1,-1,-1,-1,-1,72998.63,76970.25,69364.56,61976.6,58036.03,44002.76,29153.44,12078.76,23127.81,11962.5,3092.23,22739.65,0
3381,50000,2,1,1,33,1,2,0,1,-1,-1,44470.74,38094.91,35311.71,26172.41,20285.68,15463.61,21044.27,2267.75,5848.47,11612.71,2622.08,2668.89,1
3382,50000,1,1,1,38,-1,-1,0,0,1,1,29503.05,31602.71,25387.16,19280.24,15200.62,14707.94,8406.57,6856.69,7575.7,6164.81,3334.97,7454.2,0
3383,10000,2,2,3,58,-1,-1,1,-1,0,-1,6769.82,5444.54,5594.9,4880.59,4798.27,3704.44,3400.75,1553.44,370.27,1857.97,2372.56,1008.3,0
3384,50000,2,2,2,42,-1,0,-1,-1,0,0,38853.8,41133.1,38668.7,42505.18,36671.24,31740.21,8560.21,16144.73,5104.55,19307.44,20196.14,12181.78,0
3385,10000,1,2,1,51,2,0,-1,1,0,2,7010.25,6111.09,6611.5,6970.78,7357.1,6737.35,4120.95,960.0,3499.46,691.46,1218.15,568.03,1
3386,200000,2,1,2,55,-1,-1,-1,0,-1,-1,170773.12,168521.31,149023.29,162747.21,145637.74,116912.55,85152.02,16198.56,38427.96,69847.76,38552.68,44404.45,0
3387,20000,2,2,2,62,1,0,-1,-1,1,0,5675.35,5039.23,4781.33,4216.81,3068.12,2996.39,297.41,871.88,1367.31,1202.04,1108.82,1508.78,1
3388,100000,1,1,1,62,0,-1,0,0,0,-1,82623.66,69452.52,64128.32,62326.58,53967.91,56298.76,41300.64,23887.18,15806.47,35010.24,10921.84,11575.99,0
3389,10000,2,2,2,30,0,2,0,-1,-1,-1,2656.85,2322.43,2409.83,2187.35,1648.36,1161.88,919.06,282.48,943.14,1166.32,393.3,353.05,1
3390,100000,1,1,2,29,1,0,0,0,0,0,55210.24,52001.33,49957.32,35561.05,39038.66,31844.06,20374.08,6989.89,2633.4,16498.42,18845.61,15980.09,1
3391,50000,2,1,1,51,0,-1,-1,-1,2,-1,25915.86,27882.83,26153.08,19790.96,14041.92,13829.56,15525.7,15136.46,14949.53,8969.62,2006.31,2975.55,0
3392,200000,1,1,3,64,0,-1,-1,-1,0,-1,153013.07,140267.26,152056.16,123795.35,114471.53,92749.17,68040.31,13908.48,53951.91,66435.28,39660.69,51530.36,0
3393,200000,2,1,1,60,-1,0,-1,-1,-1,-1,83767.56,68418.06,62491.89,51571.28,43617.21,39655.98,10191.6,29723.78,16218.64,25150.78,16122.02,5351.97,0
3394,50000,2,3,2,44,0,0,2,-1,0,0,10727.31,8658.34,8199.5,8018.63,7559.57,7579.12,4985.35,550.47,4303.31,4645.46,967.6,2361.43,0
3395,300000,2,1,1,61,2,0,-1,-1,0,-1,199630.96,172273.77,166458.2,164512.13,150632.81,126152.54,31887.37,64231.48,53788.86,86333.6,65714.65,50290.72,0
3396,500000,2,1,2,28,2,1,-1,-1,-1,-1,292652.8,238690.16,194809.23,171472.3,183001.3,185751.1,165119.1,120225.57,19695.95,39647.14,29256.97,57445.38,0
3397,200000,2,2,1,40,0,-1,-1,-1,2,-1,152330.92,138825.08,132987.99,113252.81,87542.73,89858.64,29713.71,47741.6,73417.81,49134.95,37960.71,24887.05,0
3398,200000,2,2,1,37,2,0,-1,0,-1,2,141380.92,129402.55,116558.05,89847.07,67193.75,73673.74,42974.01,24650.35,30611.03,47282.23,18115.53,29484.65,0
3399,20000,2,1,2,48,3,0,-1,0,-1,-1,16317.2,17812.55,17724.8,12697.63,13308.95,11617.72,8110.47,1089.64,6461.79,6292.83,5145.43,6255.85,1
3400,100000,2,1,1,26,1,-1,-1,-1,-1,-1,77129.41,68789.43,68313.92,63814.58,68454.03,60945.91,44760.14,3816.41,38899.15,25045.26,25362.41,25260.24,1
3401,10000,2,4,2,62,0,0,0,0,-1,-1,6488.29,6356.45,6441.56,5405.79,4551.92,4611.8,885.07,3188.9,1367.63,1767.65,2691.91,1813.63,0
3402,10000,2,2,2,53,0,-1,0,0,-1,-1,4725.66,4941.37,4544.8,4048.02,4382.06,4588.86,415.73,1953.58,672.17,388.12,372.39,2110.02,0
3403,500000,2,2,3,48,2,-1,0,-1,-1,-1,58145.73,55465.61,46116.12,48898.59,40934.92,36927.06,28174.05,16655.2,24255.03,11063.28,8306.51,10051.38,0
3404,50000,2,2,2,21,0,0,1,-1,-1,-1,17303.74,17458.98,16267.34,15731.73,14689.66,10410.41,9075.87,5733.99,5483.94,6023.03,5499.82,619.92,0
3405,100000,2,1,1,61,1,0,-1,-1,-1,-1,68201.79,74497.95,71939.39,72767.21,70343.15,62128.05,25993.97,25470.68,31101.81,26770.22,32796.23,35189.85,0
3406,200000,1,1,1,55,-1,1,-1,-1,-1,-1,29520.48,26487.13,21387.17,16510.07,18121.06,14317.41,4250.06,6547.33,2370.85,7632.16,9814.49,3127.64,0
3407,200000,1,2,2,44,-1,-1,-1,0,0,0,141055.15,115984.45,111833.24,78353.16,60185.2,44457.36,19246.63,58774.89,48415.96,41672.72,6269.08,21005.9,0
3408,500000,1,3,2,26,-1,-1,0,-1,1,0,256553.42,238362.34,219241.61,165335.69,135224.5,113006.53,77819.72,142183.93,80186.27,59355.21,27542.19,42278.82,0
3409,20000,2,1,1,27,-1,-1,0,-1,-1,-1,15884.57,15283.98,14421.0,14525.31,13341.21,11430.33,2488.25,5062.73,3320.95,5861.21,1499.84,4935.79,0
3410,10000,1,3,2,29,2,-1,0,0,0,-1,6278.53,6115.26,5448.7,4781.41,3757.55,4105.73,1511.52,1965.64,2818.55,1358.95,339.11,2052.0,1
3411,50000,2,1,2,57,-1,2,-1,-1,0,0,36937.67,37734.37,35758.67,28090.72,26180.87,23094.1,17983.97,21118.99,10845.83,2310.93,1582.33,7411.25,0
3412,20000,2,1,3,36,0,-1,-1,-1,0,0,4744.08,5073.44,5400.94,5858.67,5924.66,6440.27,513.16,2101.95,1484.3,1346.81,2916.4,442.68,1
3413,10000,1,1,2,54,-1,0,-1,0,-1,-1,2383.31,2264.27,2346.58,2099.45,2207.98,2192.43,517.24,908.48,354.03,727.95,300.26,1271.17,0
3414,50000,2,1,3,55,-1,0,-1,0,-1,0,13443.64,11333.28,11161.17,9459.97,7894.26,6325.16,3604.74,951.92,2121.2,3037.97,2078.43,3109.4,0
3415,200000,1,3,2,55,-1,0,0,-1,1,0,73329.88,67538.47,66726.2,72788.92,55976.26,54900.73,12840.44,21560.85,13364.42,26186.37,3170.89,22141.17,0
3416,100000,1,2,2,40,3,0,1,-1,-1,-1,82354.21,69721.96,74506.08,56135.38,54691.84,47093.12,36204.88,26551.25,20354.2,22115.86,27694.4,25373.14,1
3417,50000,2,1,1,43,1,0,-1,0,-1,-1,35972.3,30745.2,29020.66,27274.21,26581.76,24766.51,11073.73,15374.28,9445.13,2399.3,2907.21,13822.4,1
3418,100000,2,4,2,62,0,0,0,0,-1,0,39171.44,31357.13,30159.41,30147.49,26383.84,23948.78,22352.88,14217.6,17934.64,1711.81,7767.84,12752.92,0
3419,20000,2,3,2,55,2,-1,-1,2,-1,-1,16695.7,18013.21,19058.95,20513.26,19230.05,20628.59,3955.55,10713.3,6665.95,3597.23,4771.67,2647.25,1
3420,10000,1,2,3,43,3,2,-1,-1,0,-1,7231.41,7401.91,7597.43,7852.71,8005.15,6018.94,4042.63,688.88,2331.87,2716.66,1518.0,2713.66,1
3421,200000,2,3,2,24,0,0,-1,-1,0,-1,124969.19,103734.78,96464.87,78692.56,78164.92,68595.48,45307.32,36388.22,38764.46,18659.31,23747.5,15463.31,0
3422,100000,1,1,1,30,-1,-1,-1,1,-1,-1,44925.34,48341.1,43099.9,34659.21,33590.54,24603.98,15557.96,5368.37,20065.73,12819.99,2406.12,1803.4,0
3423,200000,1,3,2,63,-1,0,0,-1,-1,-1,124265.58,131859.14,125971.05,93101.26,89819.2,72025.72,22264.55,64888.66,74155.0,37325.0,22492.32,14648.64,0
3424,10000,1,2,2,31,-1,0,-1,-1,-1,0,5745.83,6165.09,5155.14,3953.83,3913.04,2859.4,3282.45,2258.27,3087.69,577.77,1354.1,1172.49,0
3425,200000,1,3,1,60,-1,1,0,-1,-1,2,145098.55,120314.87,120811.95,119849.58,113017.43,121547.89,32659.19,24147.15,63244.02,44691.42,43423.1,67099.34,0
3426,100000,1,2,1,29,-1,-1,2,-1,-1,-1,28046.36,23109.3,21707.36,17706.68,12993.07,10731.7,9834.24,6751.39,1593.29,10583.76,4566.01,4613.81,0
3427,100000,1,1,2,60,-1,0,-1,-1,-1,-1,80846.22,66319.82,64893.7,56895.63,53092.58,53757.14,45814.48,37279.52,4741.09,32962.17,15919.6,19886.36,0
3428,100000,2,2,1,32,2,-1,-1,-1,-1,-1,57349.6,62515.46,65882.52,64309.8,67901.62,67861.95,29698.72,29929.53,15002.19,15710.12,25222.66,15848.33,1
3429,200000,1,1,1,37,1,-1,0,2,0,-1,149081.37,148804.23,134949.98,130359.02,93212.27,70483.1,32772.82,50964.17,71163.05,21117.66,9234.74,12110.77,0
3430,100000,1,1,1,52,-1,0,0,0,0,-1,37784.22,32244.85,30605.21,31133.55,26763.02,20244.11,18621.12,15818.86,14345.9,17074.27,5895.74,7153.46,0
3431,100000,1,1,2,43,1,0,-1,-1,-1,0,41353.14,44609.61,43124.43,31192.98,26737.63,22758.5,17551.67,2981.36,17083.04,14456.66,15553.06,7193.83,0
3432,500000,2,3,2,35,1,0,-1,-1,-1,-1,424915.26,396424.48,350460.04,325524.41,260947.67,242011.71,29045.43,215408.74,54685.37,58666.21,150377.81,103301.15,0
3433,200000,1,1,1,48,-1,0,1,0,-1,-1,119512.81,123771.55,109222.29,115434.47,107331.85,93452.77,38372.34,57379.19,63819.35,26820.55,42550.84,32308.19,0
3434,50000,2,2,2,58,0,0,-1,0,-1,-1,17709.49,17547.56,16808.23,14274.38,10966.29,11045.07,5000.04,8564.71,9147.63,4096.89,3559.92,3078.58,0
3435,100000,2,2,2,25,-1,1,-1,-1,1,-1,16572.61,16488.03,14462.46,11231.44,11978.77,10953.12,6834.62,5688.57,7987.93,2975.69,2115.79,5652.35,1
3436,50000,1,4,1,60,-1,-1,2,-1,-1,-1,22374.11,20850.86,22067.73,16054.93,12237.97,12883.4,9767.53,9011.97,7266.04,6232.45,3036.22,6278.23,1
3437,20000,2,1,1,38,0,-1,-1,-1,-1,-1,15585.33,14314.89,15724.37,16918.03,18373.02,17214.78,6818.79,5769.55,3967.8,7578.22,7455.67,8562.84,0
3438,100000,1,2,2,41,0,0,-1,-1,-1,-1,30114.54,25554.48,22060.05,15475.54,10904.83,10217.26,9123.61,12706.12,8833.37,8430.53,5417.19,1022.8,0
3439,300000,2,3,2,35,-1,-1,-1,-1,0,0,236468.89,194196.34,188871.0,192044.61,171915.02,165704.13,135027.13,84966.47,77619.27,28215.65,86817.13,21882.2,0
3440,300000,2,2,2,23,0,-1,-1,-1,0,-1,68795.27,74188.64,62586.53,50431.71,36032.85,33914.18,6128.29,24224.65,35051.41,12663.84,4546.27,5434.08,0
3441,50000,1,2,1,46,2,0,2,-1,-1,0,10197.3,11023.15,9432.19,7517.25,7899.6,7463.92,4148.87,1066.87,3436.42,3475.8,2590.18,4108.52,1
3442,100000,1,2,1,35,0,0,-1,0,0,0,58455.37,58010.49,59738.66,45581.55,46470.32,40888.49,17040.37,34616.67,31860.08,19730.79,20577.73,10179.89,0
3443,20000,2,3,3,40,0,-1,0,-1,-1,-1,14874.21,13631.0,11721.35,9113.49,7199.81,5300.63,2645.88,3321.98,2619.75,4959.58,3117.18,2174.77,0
3444,500000,2,2,1,41,1,1,-1,-1,1,0,362021.17,292341.87,299562.82,271290.42,204878.87,173647.64,45313.05,136884.36,21979.38,119404.02,119945.31,12728.24,0
3445,500000,1,1,2,46,0,-1,-1,-1,-1,-1,267443.47,249871.59,230183.86,241738.84,189718.64,191107.63,81396.49,96482.8,66753.02,27424.2,22760.82,86620.46,0
3446,100000,2,3,1,61,-1,-1,0,0,-1,-1,61095.34,60954.37,57531.04,48729.25,35637.22,25487.57,13314.19,35827.33,9201.39,21728.31,10831.21,11971.23,0
3447,200000,2,2,1,43,2,-1,1,-1,1,2,61311.89,54572.86,47905.34,47820.35,38006.49,37103.94,10458.88,31658.3,22895.26,3174.56,3531.7,17070.56,1
3448,100000,2,2,1,45,1,-1,-1,0,1,-1,54097.67,48835.66,47111.48,37626.11,27363.34,29890.14,3785.43,14112.82,23208.39,13508.07,9956.46,2209.01,1
3449,100000,1,3,1,24,-1,0,0,-1,-1,-1,26616.12,25064.32,22544.52,23934.32,24915.8,21786.01,5909.9,13001.2,10836.6,10014.42,10615.85,2266.93,0
3450,10000,2,1,1,30,0,-1,-1,-1,-1,0,8426.87,7992.68,6812.72,7259.43,7558.68,5933.31,4740.64,928.81,2074.83,3657.61,689.23,2720.0,0
3451,50000,2,2,1,42,0,0,0,-1,1,-1,32122.27,32856.57,27656.09,20556.84,18903.96,13406.74,11118.31,5463.57,14964.11,7818.54,6489.68,5292.54,0
3452,100000,1,2,2,23,-1,0,1,-1,0,0,55171.52,52408.99,57644.5,59692.43,63748.84,66419.99,10084.13,19146.63,17008.82,23837.11,37280.93,16619.98,0
3453,100000,2,3,2,39,-1,-1,0,-1,0,-1,29771.38,31366.61,28345.68,27800.24,23355.28,17725.6,17465.68,5225.83,10770.21,3715.61,1620.7,6290.62,0
3454,50000,2,1,1,51,-1,-1,0,-1,-1,-1,21359.13,20180.81,21017.86,18023.56,13905.77,9974.04,8717.62,2328.92,3518.45,1519.59,2057.49,518.6,0
3455,300000,2,2,2,29,1,-1,-1,-1,0,-1,217252.02,175881.49,158718.19,164100.38,134845.34,120575.38,71453.74,28420.7,10019.45,17404.42,47252.52,34623.1,0
3456,20000,1,3,1,49,-1,0,-1,0,-1,0,5830.53,4911.77,4847.36,5144.96,3855.99,3287.97,3285.02,1143.52,1853.86,907.83,1704.17,466.46,0
3457,100000,2,1,1,57,-1,-1,-1,-1,-1,-1,20308.58,20622.31,21701.87,19500.22,20064.62,21748.51,9739.41,12175.42,8880.45,5768.87,10099.48,12642.19,0
3458,100000,1,1,2,27,-1,0,-1,-1,-1,-1,34588.29,32359.37,32644.46,29494.86,29617.79,26212.03,11857.84,3182.81,18312.72,7847.7,6333.37,5879.65,0
3459,100000,2,4,2,58,1,-1,0,-1,-1,-1,73557.74,69024.03,56649.6,55613.54,43151.39,44625.98,3963.14,6694.17,29154.52,12001.76,10113.82,21794.22,1
3460,100000,1,1,2,44,2,2,-1,0,-1,0,80649.29,88182.09,75645.49,60341.52,55405.96,59439.38,22398.25,6535.49,36069.07,32497.61,26810.86,7129.77,1
3461,50000,2,4,1,28,0,0,-1,-1,-1,-1,21574.53,20958.33,22259.32,16265.25,13211.53,10221.72,10567.6,3806.37,9686.48,1600.32,3718.16,1523.58,0
3462,20000,2,1,2,54,-1,0,0,-1,-1,0,14500.12,12108.71,11398.74,10389.63,7817.75,6555.43,2997.11,1349.73,3277.32,1343.22,4156.74,2844.61,0
3463,100000,1,2,2,46,0,0,2,-1,-1,-1,36577.92,34022.09,33326.03,27599.33,22027.78,23554.55,2923.61,2527.05,10624.3,7983.0,12247.72,11191.62,0
3464,100000,2,2,1,48,1,0,-1,-1,2,-1,50703.25,49100.9,39640.92,29697.24,27913.46,25745.84,19494.86,14475.02,18973.76,3601.51,14462.56,14013.72,1
3465,20000,2,2,1,48,0,0,-1,0,-1,0,2322.95,1884.47,1783.08,1348.1,1294.53,1073.27,1265.46,928.17,244.91,182.76,124.5,463.57,0
3466,100000,1,2,2,27,0,0,-1,0,-1,0,66959.67,60891.98,56584.3,44430.24,34422.07,31262.28,39762.72,6379.59,25158.11,25853.84,11940.35,13729.51,0
3467,50000,2,2,2,23,-1,0,-1,2,0,1,33748.44,36797.45,37013.04,30910.13,31204.54,30969.48,3814.43,3982.3,14572.78,9947.79,17799.75,5510.3,0
3468,100000,2,3,1,42,-1,0,-1,-1,0,0,18016.3,18473.75,16300.02,14258.2,13259.61,12561.32,10433.58,9168.2,2826.59,1536.29,7691.19,7163.16,0
3469,200000,1,1,1,58,-1,-1,2,-1,-1,-1,77408.82,70569.43,72204.33,78170.37,68141.45,73145.53,20204.67,16241.66,21302.11,6143.2,23123.46,32331.66,0
3470,20000,1,2,1,64,3,-1,0,-1,2,-1,9736.75,8555.03,8565.89,7658.7,7340.94,7966.33,4479.46,2781.45,4113.68,3478.86,2114.08,1175.77,1
3471,10000,1,1,2,38,0,-1,0,-1,-1,-1,7192.85,6365.28,6065.56,6462.02,5384.9,5301.89,1167.33,3052.2,689.09,1689.96,827.57,2157.5,0
3472,200000,1,2,2,32,0,0,-1,0,-1,2,151777.05,159141.93,145248.09,133410.5,107466.02,103756.88,63734.23,43739.76,57119.78,27546.13,64312.67,51389.18,0
3473,100000,2,1,1,51,2,-1,-1,2,0,-1,67532.7,62163.04,55362.25,42254.34,45234.3,31909.36,28317.37,3785.18,15584.0,18098.17,17683.24,9726.42,0
3474,100000,1,1,1,59,1,0,-1,-1,0,-1,27267.76,28711.65,27578.4,28603.57,30310.64,30719.19,5595.84,8007.32,5179.46,12422.06,2847.03,7239.8,0
3475,200000,2,2,2,25,-1,-1,0,-1,-1,-1,77014.52,82607.55,80381.04,56796.62,50554.41,45487.67,22722.16,44407.05,43428.23,14099.81,26914.58,23782.43,0
3476,200000,2,1,2,64,-1,-1,-1,-1,-1,0,59568.46,55950.26,52282.14,48386.84,45558.89,47830.26,16562.13,6566.34,16345.81,27719.97,18732.5,24877.98,0
3477,300000,1,1,2,61,2,-1,-1,0,2,-1,182924.47,198213.62,177633.56,148630.51,143098.17,153579.22,75046.3,83628.53,105393.43,40123.79,33260.93,74009.4,0
3478,100000,2,2,1,49,3,-1,-1,-1,0,-1,61787.97,54990.39,58508.13,51211.88,49278.45,41768.51,36296.85,17789.0,23363.17,13253.0,7483.92,6795.64,1
3479,50000,2,2,2,63,0,0,0,2,-1,-1,5646.77,4957.9,4427.72,4511.77,4111.41,4367.08,2052.92,1698.43,1026.46,2155.69,1709.54,1563.36,0
3480,50000,2,3,2,56,2,-1,-1,0,-1,2,34268.45,28517.88,28564.93,20057.8,16549.45,15950.81,11973.48,14445.13,6131.51,10003.82,913.83,4658.4,1
3481,20000,1,2,1,34,-1,-1,-1,0,0,-1,5672.17,4956.01,5310.1,4104.35,4333.46,3775.49,1338.18,2389.88,2291.57,853.62,2276.01,1637.32,0
3482,100000,1,1,3,64,-1,1,-1,-1,-1,0,74110.07,76466.48,76011.88,77917.3,72055.88,51902.53,31333.25,45247.25,18367.98,33425.95,28558.51,28148.38,0
3483,50000,2,2,2,38,0,-1,-1,1,-1,1,38312.58,35291.11,32107.04,29480.45,31334.93,31236.57,19744.48,5029.16,11802.35,11838.91,5227.17,5803.11,0
3484,300000,2,1,2,27,1,-1,0,0,-1,0,221274.25,186854.79,166144.25,133467.97,137653.79,145539.12,23071.91,35418.64,60036.96,9144.59,59512.26,32094.49,0
3485,100000,2,2,2,43,0,0,2,-1,-1,-1,42649.04,35488.67,37476.76,33695.52,32342.78,30173.31,7793.88,16348.15,2193.63,5306.27,6297.25,5433.45,0
3486,100000,2,4,2,53,0,-1,-1,-1,0,-1,37864.18,35860.12,33959.07,29244.37,28782.7,24786.09,14243.7,18344.81,14640.38,3079.53,15443.3,11555.12,0
3487,50000,1,2,1,36,-1,-1,1,-1,0,0,22404.84,21549.12,21075.26,21232.91,22602.33,19903.31,2155.55,10819.84,7627.39,11399.99,9357.34,6435.43,1
3488,10000,2,2,1,57,-1,-1,-1,-1,-1,-1,5217.89,5418.09,5303.71,5317.58,5065.1,4980.14,1258.62,1631.48,2628.94,3061.01,2722.34,1553.69,1
3489,10000,1,1,2,45,2,-1,-1,-1,-1,0,2999.36,3042.68,2921.4,2586.16,2294.77,1788.33,940.99,332.86,1654.95,1302.75,1035.85,576.79,1
3490,50000,1,2,2,29,-1,-1,0,2,0,0,42265.46,35931.32,38784.19,31429.14,27560.28,21545.57,20845.05,9046.42,12358.54,6949.13,7354.06,4727.63,0
3491,10000,2,3,2,48,0,-1,-1,0,-1,0,5032.52,4444.05,4796.51,3380.7,3691.55,3096.53,1709.2,907.65,2286.64,1768.35,1840.4,544.56,0
3492,100000,1,1,1,29,1,-1,-1,0,0,-1,15855.76,15984.66,12981.56,11541.0,11548.44,8221.63,4107.3,5289.91,3996.94,946.3,5762.03,4044.47,1
3493,200000,2,1,2,32,0,-1,0,0,-1,-1,179552.33,153368.55,145960.82,136768.07,132461.58,128166.69,23533.01,21541.93,30768.04,58386.68,77349.01,50794.38,0
3494,200000,2,2,2,38,3,-1,-1,-1,-1,-1,97456.65,101449.18,98372.26,92684.61,68440.44,60179.4,15723.02,40732.12,53661.71,10960.54,26719.91,26862.0,0
3495,100000,1,2,2,47,0,-1,0,-1,-1,2,85759.11,85519.61,92161.71,96510.9,90258.19,95446.79,28726.64,49683.3,35866.45,5492.7,38613.02,20475.74,0
3496,20000,2,2,2,46,0,-1,0,-1,0,-1,8244.54,7922.2,6503.31,5768.23,4473.58,4289.32,4060.95,3600.25,541.87,844.96,1409.31,621.35,0
3497,200000,2,3,3,46,-1,-1,-1,1,0,-1,55961.73,55585.48,57626.71,56945.4,48740.28,47857.31,15081.15,32867.64,32499.06,33021.31,9677.34,9523.06,0
3498,200000,2,1,1,30,-1,0,-1,-1,-1,-1,137900.82,114445.91,113613.39,85309.86,78734.43,76273.5,24173.18,50515.31,31751.74,39653.67,7500.81,41266.75,0
3499,20000,1,2,1,37,0,1,-1,0,-1,0,8919.91,8602.42,8772.31,8821.44,6203.14,5379.15,2305.26,3938.69,3663.54,2954.55,2883.57,1265.48,1
3500,100000,1,2,1,52,-1,0,-1,0,-1,-1,80516.69,75314.5,66842.49,58691.82,61327.93,65810.17,6474.54,25796.28,38607.9,33179.97,18905.33,5605.98,0
3501,50000,2,1,2,44,2,0,-1,-1,-1,0,23579.64,22492.37,23031.83,22519.34,19715.18,21011.36,8063.05,12852.41,7916.21,6280.31,10146.29,6711.6,1
3502,200000,1,2,1,63,0,0,-1,2,0,0,74134.51,66817.44,59120.18,61133.87,58020.59,51812.74,6734.98,16555.57,22404.31,4411.14,16692.74,11968.57,0
3503,500000,1,1,2,28,-1,0,-1,-1,-1,-1,436671.18,410668.76,411777.68,330078.25,257719.33,260743.68,225961.15,193130.08,63290.62,124448.73,146458.32,81784.45,0
3504,10000,2,1,1,50,-1,-1,-1,0,-1,-1,7643.0,8139.6,8433.49,8152.17,7992.85,8744.51,3590.58,414.13,4030.39,4121.73,2033.37,3752.61,0
3505,200000,1,1,2,46,-1,-1,0,0,-1,-1,52895.89,47789.11,49461.35,37061.36,30539.54,25424.0,23106.65,23657.14,16663.49,7683.76,8847.83,14625.58,0
3506,100000,2,3,2,44,0,-1,-1,2,-1,-1,49108.42,39948.75,38483.1,28656.65,25975.74,24675.43,27981.54,8462.52,12227.19,6433.94,10690.31,11805.95,0
3507,500000,1,2,2,47,1,-1,0,1,0,-1,95326.64,83596.17,77248.72,62836.9,52110.6,48349.35,51384.67,8040.46,11406.34,26350.99,11711.17,15571.73,0
3508,50000,2,2,2,35,0,1,-1,-1,0,-1,9309.78,8716.83,7610.37,5725.83,5484.28,5025.3,479.44,3905.01,2226.99,2819.8,2167.46,2388.67,1
3509,200000,2,1,1,48,-1,1,-1,-1,-1,-1,156544.01,150289.63,121741.91,107275.21,111583.14,119756.57,74915.74,50679.63,69614.92,30974.31,6383.45,21760.62,0
3510,10000,1,2,1,31,-1,-1,0,0,-1,0,8454.61,7847.1,6392.78,6693.49,6401.87,4805.5,3144.33,1628.5,1682.35,662.15,1181.52,2426.58,0
3511,50000,1,2,2,59,-1,0,2,-1,0,-1,34553.31,36211.3,33515.54,24457.75,18863.55,17100.81,10004.39,16829.57,5764.71,11265.81,3365.15,6043.83,0
3512,10000,2,3,2,22,0,-1,1,-1,1,-1,8913.89,9578.44,7935.56,6708.32,5365.71,3811.49,1853.63,2721.99,3009.26,1909.11,595.8,1893.39,1
3513,500000,2,2,2,29,-1,0,-1,0,0,-1,68111.54,64436.25,53713.35,42063.89,38240.15,31480.89,10753.5,26263.4,17694.68,23160.0,21377.49,11497.46,0
3514,200000,2,2,2,43,-1,0,0,-1,-1,-1,73041.51,60095.92,51586.96,45577.23,36850.06,35745.51,39098.68,35990.89,16190.66,8624.68,21785.11,8306.29,0
3515,200000,1,1,2,53,-1,-1,-1,0,-1,0,41139.89,38107.72,35988.64,34322.75,26709.46,27034.34,10272.09,1989.05,5030.93,10461.81,1927.04,2973.0,0
3516,300000,1,2,1,39,0,0,-1,0,-1,-1,217684.44,185983.42,181803.48,189290.03,136035.73,141709.18,64543.5,96037.24,99950.28,83187.16,40050.2,43350.79,0
3517,10000,2,2,2,33,0,0,0,0,-1,2,8123.3,7189.52,7249.05,5142.56,3814.04,2786.72,3591.78,2568.8,2786.0,950.6,538.99,1269.09,0
3518,50000,2,3,1,34,1,0,-1,0,-1,-1,22884.74,24026.0,22725.38,21072.6,19511.69,15098.66,11035.24,6120.09,8903.34,3682.97,9877.64,3217.1,1
3519,10000,2,1,1,52,0,-1,-1,2,2,2,7633.64,7332.78,7328.53,7152.3,5563.42,4787.88,3007.28,4203.31,844.57,3223.85,729.13,1019.33,0
3520,20000,2,1,1,42,0,2,0,-1,0,2,15561.95,16317.91,17274.67,13024.05,11713.37,9985.5,4369.02,9243.41,5192.79,1940.13,1770.28,4720.88,1
3521,20000,2,2,1,40,-1,0,0,-1,0,-1,4235.05,4640.29,4233.1,4550.75,4353.88,3489.95,361.03,386.53,1569.12,525.77,1977.55,532.89,0
3522,50000,2,1,1,53,-1,0,-1,-1,-1,-1,20079.43,19347.9,19473.12,14261.71,11410.16,12262.23,7759.31,8375.07,10865.35,2744.28,1130.15,3357.35,0
3523,50000,1,1,2,25,0,-1,0,1,-1,-1,12521.13,13443.67,13410.76,11105.16,11991.51,10955.06,6454.04,5130.87,4950.96,5565.69,6860.48,4273.4,0
3524,20000,2,3,3,40,-1,-1,-1,-1,-1,1,12720.82,12784.93,12669.21,10077.13,8088.62,7787.79,954.83,5405.09,7312.64,5291.55,3666.06,1973.15,0
3525,20000,2,2,1,34,-1,0,-1,0,0,0,8197.3,6808.23,6638.36,4826.88,3691.79,3691.29,2002.28,3891.8,2858.14,518.47,2168.76,2142.43,0
3526,20000,1,3,2,47,-1,-1,0,-1,1,-1,12684.4,11737.76,11947.24,11708.23,10335.44,9483.33,2361.93,6980.92,1623.51,1291.71,3058.29,5270.19,0
3527,500000,2,3,1,46,-1,-1,1,1,0,-1,400350.51,399422.48,417621.37,377742.66,331228.82,342310.73,138991.31,73844.56,35818.34,192812.31,58712.3,195780.11,0
3528,200000,2,1,1,52,-1,-1,-1,1,-1,0,86040.37,87036.59,79868.16,69553.18,72568.03,79384.8,4814.81,18415.09,28081.64,39663.44,40982.33,46857.03,0
3529,300000,2,2,2,50,1,-1,0,0,0,-1,263261.7,278583.48,277588.65,216457.35,155620.1,133330.28,140953.76,126517.99,158054.11,67991.74,51216.46,78051.53,0
3530,50000,2,1,2,47,-1,-1,-1,-1,-1,-1,21344.56,21156.46,18502.45,16229.36,13129.2,12570.87,10361.07,9229.7,4172.49,8390.45,7516.51,2814.31,0
3531,50000,2,3,1,46,-1,-1,0,-1,-1,-1,13549.39,11205.72,11506.06,12202.13,12832.09,10609.55,1453.84,1458.63,6170.72,6578.69,7370.66,3609.05,0
3532,200000,1,2,1,38,-1,-1,0,-1,0,0,104683.65,88220.36,93876.87,79051.92,79328.24,57719.31,56617.73,50422.33,12235.87,19637.06,38839.09,27767.14,0
3533,50000,2,2,2,43,0,1,0,-1,0,0,20961.54,18833.87,19369.54,17500.44,12277.53,8727.22,9894.91,9290.09,8864.17,5731.97,2138.83,3890.53,1
3534,50000,2,1,1,64,0,-1,2,-1,-1,-1,10000.06,8882.18,8414.34,9015.71,8214.74,6514.53,5761.6,2063.24,2346.56,3282.88,1468.31,1265.54,0
3535,20000,2,2,2,44,-1,-1,-1,-1,0,-1,2371.07,2054.49,1725.84,1685.26,1344.67,1028.57,455.86,758.61,98.57,802.46,545.5,256.96,0
3536,20000,1,1,2,24,1,0,-1,-1,0,-1,13904.07,13698.13,14546.47,10426.08,11419.78,11293.08,7235.17,6138.56,3042.93,3154.66,3567.88,6390.45,1
3537,50000,1,2,1,61,-1,-1,0,0,-1,-1,42314.38,39306.38,41051.05,34193.36,37387.91,33101.16,5504.37,21042.58,11099.95,11251.81,10434.98,18649.5,0
3538,50000,2,2,2,23,0,-1,0,0,0,-1,22618.98,22743.31,22957.12,25035.98,26812.11,24560.95,9793.04,13511.88,6674.41,2277.67,4348.33,11034.39,0
3539,100000,2,3,1,63,0,-1,0,-1,-1,-1,15232.57,13954.41,14728.12,15406.67,10846.15,7947.13,1363.3,6122.91,2126.23,1229.37,1865.98,425.82,0
3540,10000,2,1,2,50,1,0,-1,1,-1,0,6925.14,6109.53,5864.59,6175.85,6558.63,4641.95,3066.5,2272.22,2282.0,2821.25,1644.21,1549.99,1
3541,20000,2,2,2,36,0,0,0,-1,0,-1,15873.15,15319.83,16809.45,18046.95,14991.09,13102.99,2118.55,8827.48,8666.55,5689.17,5954.97,2166.63,0
3542,200000,2,3,3,27,-1,-1,0,-1,-1,-1,71784.49,59511.36,62553.69,59639.99,57061.42,45778.94,32608.53,19862.54,26814.42,5922.12,4172.6,21797.14,0
3543,20000,2,1,2,59,0,0,-1,-1,2,-1,5552.24,6088.58,5169.68,5232.31,4602.73,4367.01,1620.43,1067.82,2530.48,954.76,1220.26,413.4,0
3544,50000,2,3,2,42,-1,2,-1,2,-1,-1,18482.26,18421.07,16959.29,16304.75,13726.02,12417.38,2292.62,1877.91,4095.91,6889.32,6330.03,6137.79,0
3545,200000,1,1,1,61,3,-1,-1,-1,-1,-1,165330.44,138323.5,117718.9,107284.08,87412.65,90154.7,60220.04,18984.39,60545.53,35148.71,24612.71,19679.27,0
3546,20000,2,2,2,51,-1,0,0,1,-1,-1,8687.38,8572.03,7434.34,6749.9,5879.93,6088.18,552.4,3219.67,394.96,3286.35,2224.42,1548.56,1
3547,10000,2,2,2,33,0,-1,-1,-1,2,-1,6233.26,5125.8,4871.0,3434.97,2812.6,2573.12,1124.87,2151.76,2461.25,915.05,296.13,1110.93,0
3548,50000,1,2,1,61,-1,0,-1,0,0,-1,7974.2,7590.39,6895.26,5466.16,5851.02,6218.02,1680.51,3610.57,449.46,619.3,3313.85,1094.99,0
3549,50000,1,3,2,61,-1,0,-1,-1,-1,-1,16261.56,14428.21,15480.35,11015.87,9636.85,10341.66,9685.97,3123.34,6274.96,2171.94,1218.55,5307.58,0
3550,100000,1,1,1,49,0,0,-1,0,-1,-1,28242.07,28530.96,22825.76,20084.39,21648.05,17269.64,13752.93,7240.29,3728.34,2218.83,8810.83,9697.68,0
3551,200000,2,1,2,48,0,0,0,2,-1,-1,30019.88,28402.46,22810.2,22548.58,19134.59,20875.8,6653.29,13866.9,7332.27,7086.14,2709.01,12389.69,0
3552,20000,1,2,2,64,-1,0,0,1,0,-1,3929.8,4070.34,4380.13,4709.91,3786.64,4143.99,985.31,529.7,1192.82,1463.85,2239.14,1786.21,0
3553,100000,2,3,2,39,-1,-1,-1,0,-1,-1,43328.35,37649.19,32819.0,23151.62,23699.37,17205.41,12611.88,19707.93,18927.7,2100.02,9433.41,6168.12,0
3554,100000,2,1,2,43,0,-1,-1,-1,-1,-1,54640.39,54468.47,43615.17,39091.3,35502.53,24885.36,26438.88,11186.81,9932.11,6071.78,11938.29,13442.31,0
3555,20000,2,3,1,28,-1,0,-1,0,-1,0,6990.7,7035.1,6551.69,6420.26,4912.35,3553.79,2967.27,2131.89,2722.18,3745.76,2529.89,731.8,0
3556,100000,2,2,3,45,0,-1,-1,0,0,-1,43560.13,41088.32,35282.32,34113.77,36542.7,30690.92,15156.05,7185.26,11798.18,20158.53,5260.63,10528.46,0
3557,50000,1,1,1,58,0,-1,-1,-1,-1,-1,35379.7,37413.74,30529.58,30564.8,33157.91,33927.85,10467.58,4851.78,7888.75,7288.25,9399.88,5748.52,0
3558,50000,2,2,2,58,0,-1,-1,0,0,0,14887.47,12564.94,12051.55,12510.69,12201.46,11003.58,2826.42,5849.62,4918.26,1620.9,7168.61,2522.27,0
3559,10000,2,1,2,55,-1,-1,0,-1,-1,-1,1272.98,1308.02,1101.42,1173.74,1277.9,1045.97,381.16,636.5,139.75,180.3,420.1,456.34,0
3560,50000,2,2,2,46,1,-1,-1,-1,-1,-1,15279.55,12828.66,13483.73,10411.61,10095.68,7289.1,7288.61,2935.33,6108.13,986.89,3997.43,754.9,1
3561,50000,1,1,2,23,-1,0,0,0,-1,-1,41856.05,35455.06,31578.01,34168.88,32435.97,27841.04,12399.17,19355.01,11763.38,3315.1,2837.07,8832.39,0
3562,200000,2,2,2,22,-1,-1,-1,-1,-1,-1,22884.04,19690.48,17061.75,17442.96,17972.7,12840.87,7738.11,8335.09,8081.7,2723.59,1610.0,6584.49,0
3563,10000,2,2,1,25,0,0,-1,-1,-1,-1,2031.52,2028.11,2072.58,2196.86,1597.3,1228.47,479.87,685.48,963.51,678.27,134.01,396.48,0
3564,50000,2,2,1,40,-1,-1,1,-1,-1,0,7603.22,7540.15,7951.8,6658.0,5840.12,6140.83,2410.4,3896.25,2480.22,2943.36,1867.36,1120.81,0
3565,50000,2,2,1,32,-1,0,-1,0,-1,0,20077.08,18747.29,15521.45,17064.73,14883.48,14952.69,9395.23,9987.63,4346.59,2336.5,6628.12,3670.95,0
3566,100000,2,2,2,58,1,-1,-1,0,1,0,61819.83,55287.9,46744.35,32949.13,31246.55,34317.65,34443.13,20992.23,24339.15,9203.3,7142.5,12644.63,1
3567,100000,2,1,2,36,2,1,1,-1,-1,-1,82827.53,81488.35,76791.77,80499.06,67528.25,71429.3,26730.04,30260.53,42363.87,7811.86,24740.65,28030.02,1
3568,100000,2,2,2,57,0,-1,-1,1,0,-1,73525.33,62000.73,60578.82,58856.95,51876.23,54069.92,9664.27,26448.1,17003.62,23065.91,19058.1,2945.3,0
3569,200000,2,4,2,58,-1,0,-1,-1,-1,-1,60112.95,59427.52,49026.47,37020.39,38493.16,29635.8,28604.51,21575.69,27510.71,10620.8,5277.86,4400.32,0
3570,200000,1,3,2,56,-1,-1,-1,0,2,-1,121574.39,97695.42,89147.41,92044.88,99331.71,95291.89,56816.88,36004.82,49630.83,45070.42,45989.98,41019.12,0
3571,50000,1,1,1,49,0,0,-1,-1,2,-1,31553.78,26610.59,28454.19,28946.5,25868.02,24321.47,13306.57,10085.85,3451.69,15485.73,9065.79,2328.44,0
3572,100000,1,1,1,55,0,-1,0,-1,0,0,17241.0,17454.4,18550.97,16989.19,16684.83,17805.44,6392.89,3964.27,5664.23,3123.48,1935.86,9223.98,0
3573,200000,1,3,1,57,-1,-1,0,-1,-1,0,88341.48,93835.53,83829.6,79930.07,73449.48,74360.8,19989.12,43590.15,41325.83,21621.71,41955.02,16209.72,0
3574,500000,1,2,2,41,1,-1,-1,-1,-1,0,174499.97,143557.64,124640.91,93599.38,98002.23,98971.89,80525.83,35461.08,16498.04,30282.2,18188.39,47828.29,0
3575,200000,2,2,1,41,-1,0,0,0,-1,-1,45138.23,44760.43,43633.8,38538.81,31012.06,25736.76,26687.18,18182.54,7951.13,23044.83,8595.56,13200.68,0
3576,50000,1,2,2,48,-1,-1,0,0,-1,-1,7346.87,6013.94,4984.58,3568.17,3730.1,2796.7,2263.4,2703.61,1766.06,1975.48,2124.19,1583.23,0
3577,20000,2,1,2,26,-1,0,0,-1,-1,-1,2434.17,2589.21,2252.64,2096.98,1899.94,1610.43,339.67,922.52,263.67,1223.48,442.43,708.32,0
3578,50000,1,2,2,40,0,2,0,0,-1,0,39349.15,36102.82,30688.37,27027.07,23850.29,18683.67,6836.08,6429.31,7215.03,8249.52,3620.28,9789.85,0
3579,100000,1,4,1,56,-1,-1,2,-1,2,-1,36451.4,37266.19,32135.48,23594.4,25500.9,25273.43,6978.79,13721.93,10704.1,14151.15,15054.98,5055.13,0
3580,50000,1,2,1,33,-1,2,-1,0,-1,-1,24722.97,21059.66,18204.9,15742.79,12941.04,11436.34,9885.34,10517.82,8834.91,1066.41,7733.83,670.18,1
3581,50000,1,1,1,60,-1,-1,-1,0,-1,-1,16665.29,17638.63,17431.29,15254.99,11181.4,8865.81,7862.68,1660.18,2383.4,8882.57,4789.01,3756.58,0
3582,200000,2,1,2,31,2,0,-1,-1,0,1,46536.94,43221.23,40906.04,40703.07,39431.47,37980.14,11268.68,17813.55,18279.88,6342.2,21362.95,7247.97,0
3583,50000,2,1,1,44,0,2,0,0,-1,0,15452.01,13329.79,14112.09,10180.19,8197.1,5964.53,6991.2,1460.77,8062.52,5989.43,4912.83,2757.76,1
3584,200000,1,2,2,39,-1,2,-1,1,-1,0,47197.78,45863.72,46812.41,44264.5,42348.79,45191.84,4644.24,18631.47,7670.7,13287.06,5526.16,11586.21,0
3585,50000,2,1,2,43,1,-1,0,-1,-1,2,35315.1,31305.02,29729.0,26909.21,19439.12,18104.14,19190.86,6367.34,5200.74,9921.64,9972.35,8553.69,1
3586,50000,2,1,1,51,-1,1,-1,-1,0,-1,41300.55,36597.04,32652.83,26447.67,24461.92,21634.01,3602.75,19758.67,15721.39,14521.61,1846.4,10146.13,1
3587,50000,2,3,2,57,0,-1,1,0,1,0,22380.07,18673.11,19599.09,19555.3,15543.63,12429.35,10995.2,4998.99,2429.31,11564.2,6284.38,3640.34,0
3588,200000,2,1,2,57,0,-1,0,-1,-1,-1,151667.89,131066.73,107980.77,99901.91,72939.26,67042.67,66831.59,34290.46,33327.3,14425.11,28684.34,35044.72,0
3589,20000,2,1,2,23,0,-1,0,0,1,-1,8812.59,9159.45,9198.83,8353.77,6033.27,4916.31,3568.66,4757.93,2551.74,3215.77,1917.83,1514.61,0
3590,20000,2,1,1,54,-1,-1,1,-1,0,-1,9148.51,8755.8,7301.47,7892.45,8547.76,7332.36,763.38,5075.97,2418.31,3402.24,3133.38,4233.86,0
3591,300000,2,1,1,49,1,0,1,1,-1,-1,146427.76,132734.11,127403.37,130694.92,105361.13,111200.05,49144.69,8735.2,42739.84,57439.59,21364.77,7999.67,0
3592,20000,1,2,1,23,0,-1,-1,0,-1,0,15123.78,16315.72,17465.72,13668.18,12748.68,9914.1,1776.59,5219.28,6231.22,2263.96,688.81,3451.29,0
3593,100000,2,3,1,35,3,2,1,1,0,-1,84905.98,88235.67,76890.35,65755.65,58775.01,49324.78,24765.42,31881.76,38438.85,5820.04,9022.13,2970.67,1
3594,100000,2,3,2,27,0,0,-1,-1,-1,0,69555.45,62118.7,51158.41,49375.85,41730.51,40158.81,9968.26,34753.02,14607.45,12686.26,23524.75,8972.7,0
3595,50000,2,2,2,23,3,1,0,-1,0,1,40537.73,33776.84,30461.63,28025.8,25700.67,25441.36,5474.24,12728.52,5134.77,13912.01,5123.28,7735.93,1
3596,100000,2,2,2,63,0,0,-1,-1,-1,-1,61418.05,52531.02,49561.82,43231.81,39940.66,29794.41,22401.99,19309.69,23897.81,25240.92,17656.05,4288.34,0
3597,20000,2,2,1,36,-1,0,-1,-1,-1,-1,15428.12,15467.47,15737.26,17193.49,17793.55,19119.08,3179.68,7064.87,9263.09,5064.22,5343.56,9516.65,0
3598,100000,1,1,1,54,0,-1,0,1,0,-1,54545.89,52850.61,42751.91,32763.86,27996.7,19900.87,25850.2,25636.2,5096.26,18112.44,16508.26,5584.34,0
3599,50000,2,1,2,40,1,0,0,0,0,-1,35908.23,39291.98,32976.38,27549.1,23172.45,16840.79,6787.35,12091.69,6372.75,12321.88,13630.75,2179.81,1
3600,100000,2,3,1,64,1,-1,-1,-1,-1,-1,66420.12,53404.98,49304.56,42327.8,41129.35,41328.38,15588.13,7401.62,28969.25,4863.32,14027.36,8698.25,1
3601,20000,2,1,1,59,-1,-1,-1,0,0,0,13988.19,14869.98,12319.87,8960.78,7605.09,7670.42,5251.94,7741.75,2117.03,2150.5,1821.54,948.14,0
3602,100000,2,1,2,53,0,-1,1,1,-1,-1,28750.13,23123.18,25129.51,22294.37,20163.31,19486.55,1569.17,3254.42,7093.82,10242.33,5484.45,6797.28,0
3603,20000,2,2,1,34,1,0,-1,0,2,-1,4460.02,4136.34,3943.16,3587.63,2759.81,2507.74,2287.41,2436.27,378.58,1061.86,680.42,770.24,1
3604,50000,1,2,2,62,1,-1,-1,0,-1,-1,31121.18,33454.54,30546.67,24615.69,20025.8,16330.14,3124.6,8348.54,6653.14,10112.42,1646.35,2712.76,1
3605,20000,2,1,1,55,-1,-1,0,-1,0,0,9726.2,9702.12,10613.33,11512.78,8985.41,9308.82,630.36,5562.43,2043.65,5385.55,695.26,5439.52,0
3606,20000,2,1,2,31,0,-1,-1,-1,0,-1,14234.56,13878.55,13792.9,12608.53,13065.76,12797.94,6764.66,6050.31,7954.66,7433.31,4686.64,5282.73,0
3607,200000,2,2,2,40,0,-1,0,0,-1,0,43440.69,38838.14,37080.59,34585.47,35249.55,38324.03,21279.89,20423.24,4721.13,19195.0,12915.5,8657.37,0
3608,50000,1,2,1,50,-1,0,-1,0,-1,-1,42907.7,46762.46,40792.78,43139.52,36964.12,32592.25,17178.43,26580.41,8994.71,10324.76,3327.05,8229.98,0
3609,300000,2,1,2,48,2,0,-1,-1,-1,-1,198968.91,169216.56,148220.78,120013.89,105146.19,93392.01,100947.26,70767.17,13906.05,58987.89,27636.41,53078.62,0
3610,300000,2,2,2,35,0,2,2,-1,0,-1,35517.37,31289.61,28432.25,27115.17,23434.23,23822.19,19694.25,14993.36,11929.89,6910.96,13030.14,8762.32,0
3611,100000,2,2,2,58,0,-1,1,0,-1,0,56122.71,52524.5,53849.05,47370.82,36812.49,40391.39,9735.32,8493.87,31903.06,19206.55,10682.65,4506.27,0
3612,20000,2,3,1,33,2,-1,0,0,0,-1,7001.92,5866.84,6129.68,5201.53,5270.89,5579.57,2080.31,1525.94,822.91,436.36,1296.2,2753.91,1
3613,50000,2,1,2,55,-1,-1,0,-1,-1,0,15987.04,14821.02,12710.83,10815.67,11157.16,9137.62,4359.35,4006.26,5020.16,5204.94,1003.74,4872.17,0
3614,200000,1,1,1,44,1,1,-1,-1,-1,0,164346.35,133416.84,139450.41,98955.8,93410.5,101018.5,23437.63,19204.43,18731.6,58893.45,47159.62,41179.84,1
3615,50000,1,2,2,21,0,-1,-1,0,-1,-1,38437.94,41406.72,37236.3,38295.63,38175.26,29745.68,7531.36,14836.42,6500.26,13266.0,14311.47,2261.61,0
3616,10000,2,2,2,62,1,-1,0,0,-1,-1,1076.43,965.17,830.13,775.56,745.36,647.41,295.99,444.17,289.05,436.56,106.31,137.52,1
3617,100000,2,1,2,44,0,-1,-1,-1,-1,0,24533.71,24291.83,20852.95,22376.58,16581.8,17490.08,2597.43,4582.26,11935.07,11859.54,4618.29,7918.46,0
3618,200000,1,2,2,47,-1,-1,-1,2,-1,0,135125.09,143389.09,134646.54,139788.14,128664.97,106197.27,62997.27,64455.32,41917.7,7876.09,58040.23,20084.43,0
3619,200000,1,1,1,38,0,-1,-1,0,0,-1,155710.5,162795.0,167701.5,183458.04,153880.9,129397.41,59928.15,82032.51,49938.42,18213.0,30123.04,37709.85,0
3620,20000,1,1,1,46,-1,0,-1,0,-1,-1,13481.66,14317.76,13905.61,9922.21,7819.47,8585.05,7516.55,835.33,1742.84,2877.23,2483.68,1764.41,0
3621,100000,2,2,2,49,0,0,-1,-1,-1,-1,52024.33,52861.53,49657.81,47639.69,46017.29,40513.99,3494.26,27063.98,17873.76,9312.58,16047.49,4293.47,0
3622,20000,1,1,2,28,0,-1,-1,0,-1,0,17753.23,15234.46,12269.91,13274.2,14011.23,15117.86,7239.03,2578.67,3734.31,3601.33,6203.72,4528.73,0
3623,20000,2,3,1,64,0,-1,1,0,-1,-1,14756.47,13427.87,13012.52,13108.91,14419.03,11673.83,7110.7,796.5,3045.3,4336.85,5262.44,4612.25,0
3624,200000,2,2,2,46,0,-1,-1,-1,0,0,94868.53,90467.53,90685.72,74989.03,69808.5,62850.73,31376.77,44401.58,40977.14,23446.53,21012.86,13143.75,0
3625,20000,1,2,3,25,0,0,0,-1,0,-1,11335.62,10214.36,8472.01,6311.79,6115.84,5217.41,6588.23,4942.45,1811.78,879.1,887.41,911.11,0
3626,50000,2,2,2,53,1,0,-1,-1,-1,-1,6792.76,7380.81,8021.86,7759.59,7453.68,6899.65,482.84,425.52,4384.64,1021.39,1643.81,818.11,1
3627,10000,1,2,1,60,0,1,0,-1,-1,-1,8717.88,9084.48,7517.07,7241.59,7082.37,7502.8,2949.9,812.06,3984.07,2009.41,1859.24,3188.04,1
3628,200000,2,1,1,25,1,-1,0,-1,-1,1,78038.2,81135.18,81719.6,66758.08,53306.02,58442.14,17332.48,45177.02,25956.77,28706.12,29463.52,10236.63,1
3629,200000,1,3,3,56,-1,0,-1,0,-1,1,125843.04,114307.21,109433.89,111870.48,85442.54,76934.72,73674.88,62625.78,60122.09,41974.21,35186.93,22086.79,0
3630,100000,2,4,2,33,1,2,-1,-1,-1,0,63356.02,65031.88,69275.65,66008.74,56963.64,43862.74,36514.83,21930.28,40100.58,6423.27,19801.33,6254.64,1
3631,200000,2,1,2,37,-1,0,0,0,-1,0,29110.73,28651.24,26480.28,22929.08,20323.35,14636.69,3007.06,14892.06,1854.01,4712.32,6717.57,5690.09,0
3632,20000,1,1,1,33,0,-1,-1,0,-1,0,6253.65,5706.85,5436.14,4818.13,4843.77,3699.72,1664.96,1221.08,2820.5,1339.74,1988.87,1455.44,0
3633,50000,1,1,2,45,0,0,-1,-1,-1,0,31247.68,27888.06,26936.43,21524.56,20428.75,20399.81,5354.65,3768.17,7309.77,5011.45,3599.63,10629.5,0
3634,50000,2,2,2,22,0,0,-1,-1,0,-1,41486.3,43006.8,45692.75,41829.28,38521.0,36122.16,21011.44,25237.71,27295.02,12374.94,10997.37,21381.8,0
3635,10000,1,2,1,44,-1,-1,-1,1,-1,-1,7229.06,7077.54,7359.9,6629.97,5962.96,5960.07,3986.61,2603.93,1756.09,1931.98,2149.2,3252.78,1
3636,50000,2,3,2,56,-1,-1,-1,1,-1,1,28205.54,22877.47,20224.44,21788.06,17195.73,18598.72,15146.38,4871.91,10279.13,11070.71,4337.53,9346.8,0
3637,300000,2,2,2,45,-1,0,-1,-1,0,0,85796.31,69195.55,75186.28,67947.82,57695.74,56699.35,21134.64,23148.93,12870.35,34576.79,4538.51,30382.01,0
3638,10000,2,2,2,54,0,0,-1,0,-1,-1,8590.74,9042.54,9276.93,9378.95,6975.62,7052.49,1857.35,3441.91,5210.04,5317.66,1993.03,561.29,0
3639,50000,2,2,2,32,-1,2,0,2,-1,-1,21146.74,17487.2,14052.95,13289.64,9652.69,8406.12,8922.95,4060.03,6442.81,4492.03,1220.74,3941.36,0
3640,20000,2,2,2,39,-1,-1,2,2,0,0,4398.48,4204.1,3595.03,2840.4,2003.28,1812.03,2472.29,1983.71,740.96,573.85,963.98,458.95,1
3641,20000,2,2,2,62,-1,0,-1,-1,0,-1,2346.22,2305.4,2436.21,1753.63,1289.02,1326.81,196.98,165.9,1042.74,755.1,422.82,203.8,0
3642,300000,2,2,2,50,-1,-1,-1,-1,-1,-1,258036.23,277334.41,275603.56,270304.37,253536.2,242285.89,21056.54,50691.28,79778.34,127122.75,147440.78,69731.33,0
3643,50000,1,2,2,57,2,2,2,0,-1,-1,36116.62,34468.18,30243.71,30877.0,33613.0,30728.99,9822.08,7640.6,15808.1,7467.55,8453.73,3485.11,1
3644,50000,1,2,1,63,0,-1,0,-1,-1,-1,13655.37,11719.16,9978.0,10476.5,7453.74,5877.12,3825.72,5249.5,531.5,5274.88,1460.6,1160.62,0
3645,200000,2,2,2,21,2,-1,1,0,-1,2,42684.32,37485.42,31638.65,30799.91,31209.03,29371.85,13704.75,18295.02,10688.73,13297.65,18684.03,8136.62,1
3646,20000,2,2,2,23,0,-1,-1,-1,0,0,17351.65,14135.64,12657.5,11058.99,10684.34,8723.2,5632.57,5566.46,5375.55,6454.43,2433.56,3254.27,0
3647,50000,2,2,1,46,1,0,-1,-1,0,-1,14631.66,12680.05,13562.06,12165.48,12694.66,11883.33,4467.29,2946.31,3638.21,2918.69,3424.19,6700.77,1
3648,50000,1,2,2,35,0,-1,1,-1,-1,0,23477.48,24523.21,22208.56,22300.51,24043.03,21291.44,11279.92,4754.17,6891.51,12430.16,1331.27,1928.52,0
3649,100000,2,2,1,48,0,0,-1,-1,-1,-1,58868.28,60461.47,60353.25,46547.28,47720.04,35345.71,27705.5,16224.38,10983.3,11227.09,7939.57,13838.13,0
3650,500000,1,2,2,24,0,-1,0,-1,0,-1,74952.16,61804.27,51511.99,45386.33,46253.51,48235.85,34694.04,18022.78,14402.54,23899.12,22044.6,4445.43,0
3651,200000,1,2,1,39,-1,-1,0,1,-1,0,75109.32,70894.13,68017.24,49079.67,36049.19,33616.82,17246.08,26723.27,37858.83,11304.39,15792.03,12650.35,0
3652,50000,2,1,1,44,0,-1,0,-1,0,0,42745.61,38066.96,34369.23,25505.72,21515.92,22832.24,2570.2,16091.69,8988.72,14020.9,5820.82,8722.32,0
3653,200000,1,1,3,60,2,-1,2,-1,-1,-1,132055.62,131393.32,111442.07,88297.53,83584.07,89501.67,66337.54,33893.37,66156.61,5235.47,46398.12,23661.09,1
3654,20000,2,2,2,26,1,-1,-1,-1,-1,0,7884.56,8581.58,8919.12,8491.16,6001.77,5443.8,4414.83,995.74,2729.51,2316.42,2093.49,428.01,1
3655,10000,1,2,2,36,0,0,-1,-1,-1,1,7333.84,7254.68,7578.69,8094.33,7202.68,6995.38,2682.44,2116.27,2965.2,627.92,2851.85,3508.72,0
3656,20000,2,4,2,52,3,-1,-1,0,-1,-1,15394.99,15760.0,14056.05,11891.02,8363.22,8849.58,1789.91,3922.17,738.64,3259.42,4114.17,2083.01,1
3657,50000,2,2,2,50,3,-1,0,0,-1,-1,11071.17,10179.26,10139.87,9127.29,9096.67,8842.52,1515.34,843.41,1549.84,2573.22,3974.15,732.85,1
3658,100000,1,2,2,55,0,0,-1,1,1,1,56927.55,46100.29,42330.29,39291.28,31679.44,25266.71,29672.01,7513.88,10398.05,21583.0,4185.49,1999.93,0
3659,100000,1,1,2,28,1,-1,-1,0,-1,2,39340.37,36406.74,29611.16,24098.46,24146.21,19398.86,16310.86,10129.54,6822.19,11805.29,7557.21,1903.92,1
3660,300000,2,1,3,25,-1,0,0,-1,-1,-1,151647.14,144555.92,134196.07,130963.54,116822.84,101350.06,28105.11,51204.24,59798.57,25747.41,44618.01,53329.88,0
3661,100000,2,2,1,57,-1,2,-1,-1,-1,-1,47525.04,45044.42,43817.33,34394.82,25562.14,18278.72,7251.05,15745.1,15411.08,17520.57,1994.08,5677.57,0
3662,100000,2,1,2,32,-1,-1,0,-1,-1,1,50305.92,43769.32,38942.04,30208.38,32253.99,27364.05,10596.96,7298.43,6589.27,4525.6,5967.89,14503.93,0
3663,10000,1,2,1,45,1,0,0,-1,-1,-1,5175.58,4877.98,5290.99,4139.28,4053.12,3069.93,1135.49,863.2,2026.93,1783.48,1948.95,1417.85,1
3664,10000,2,2,2,53,-1,0,-1,0,2,-1,1554.05,1577.98,1526.56,1361.25,1347.31,1388.88,776.35,695.89,186.42,275.74,775.12,80.18,0
3665,100000,2,2,1,59,-1,-1,-1,-1,-1,-1,24215.55,21635.21,19719.22,15777.03,12500.84,12661.95,13159.8,5143.02,10393.66,9179.13,7365.36,2755.68,0
3666,50000,2,3,2,44,-1,0,-1,-1,0,-1,27647.9,27376.98,27938.37,24397.87,18304.13,14095.06,5209.34,4219.78,12916.6,13748.47,8144.37,4754.08,0
3667,200000,2,2,2,31,-1,-1,-1,-1,-1,-1,169765.58,143616.63,129581.84,110242.12,119259.04,97061.19,26410.47,42979.86,31135.9,23811.14,52031.92,6444.77,0
3668,20000,1,1,3,62,0,-1,0,-1,-1,-1,13944.25,12318.55,9946.14,10268.38,8610.21,7990.1,4938.18,3957.69,761.85,679.45,3774.91,4610.87,0
3669,10000,1,3,3,55,-1,0,-1,-1,-1,-1,2909.15,3098.76,2486.69,1958.57,1554.67,1243.35,1053.48,494.66,1194.91,795.22,331.07,684.06,0
3670,50000,2,3,3,60,0,0,-1,-1,0,-1,19468.72,19234.84,17130.37,14088.68,14812.36,10697.75,3402.83,5904.72,3149.96,1965.23,4088.98,1922.79,0
3671,20000,2,1,1,21,-1,1,-1,-1,-1,-1,7366.08,6082.56,5150.68,5567.64,4929.23,4959.48,3682.67,2807.31,991.16,638.32,732.63,1245.98,1
3672,10000,1,1,3,28,-1,0,0,-1,0,-1,7156.13,6293.04,5699.85,4547.65,4373.3,3220.71,3979.05,905.56,1637.82,2496.47,1349.61,1448.46,0
3673,100000,2,1,2,43,1,-1,2,-1,-1,-1,87775.75,96394.3,99372.71,101236.78,81647.89,79288.99,8317.2,23833.54,38229.78,36448.87,5906.44,4714.54,1
3674,20000,1,1,2,40,3,0,-1,-1,1,1,7686.49,6772.04,6045.5,4574.21,4975.14,3780.82,3594.87,716.07,416.59,2578.47,2516.92,656.72,1
3675,100000,1,4,1,52,0,0,-1,-1,-1,0,11180.86,10891.86,10542.17,9853.64,8765.89,6163.04,3643.03,1833.35,5314.59,1926.43,5006.22,2046.58,0
3676,50000,1,2,2,31,-1,0,0,2,-1,1,42475.3,40993.09,44104.21,32495.72,28262.88,26143.14,6693.73,11794.36,3033.31,7561.01,3560.58,6526.32,0
3677,20000,1,2,3,27,2,0,0,0,-1,-1,14051.65,12937.48,13060.23,11284.0,8190.54,6666.03,4019.97,7580.65,1909.27,6378.08,2593.63,738.13,0
3678,50000,2,3,2,50,0,1,2,0,-1,0,38374.23,31088.24,30109.81,32586.44,32039.27,24094.47,12601.56,13506.07,5261.32,9614.85,9347.09,8558.19,1
3679,200000,2,2,2,59,0,-1,-1,-1,-1,0,53388.92,47265.27,50106.7,47954.79,43946.25,42803.18,19874.52,26579.59,25913.93,8568.03,20223.01,21498.58,0
3680,50000,1,1,2,33,0,-1,-1,2,-1,2,30826.29,33477.5,30102.74,23572.35,25611.09,24526.59,2113.65,3601.19,13854.6,6561.27,8526.42,4344.63,0
3681,200000,1,3,1,62,-1,0,2,0,-1,-1,57233.39,46116.22,39630.13,40563.0,30464.91,26338.53,24789.06,26197.13,15290.33,9859.43,9009.87,4541.59,0
3682,20000,2,3,2,23,0,0,-1,-1,-1,0,2185.88,2218.02,2271.59,2184.8,1871.11,1376.09,720.81,734.35,558.55,1055.78,237.34,122.33,0
3683,200000,1,3,2,27,0,0,-1,0,-1,-1,45130.63,48191.61,39403.3,42204.35,33831.69,29986.31,18138.0,9892.79,13952.2,11651.83,7011.26,10640.81,0
3684,20000,2,2,1,63,0,-1,-1,-1,0,1,16764.91,17246.33,15991.74,12657.52,12240.49,9078.36,8674.68,8875.45,1247.57,1169.04,4569.04,2474.54,0
3685,100000,1,2,1,33,-1,-1,-1,-1,-1,-1,27225.58,24420.66,21639.71,16197.5,11802.75,12956.3,9829.72,9298.01,11390.05,6204.86,854.48,5151.23,0
3686,100000,2,1,1,57,1,-1,0,0,2,1,56811.37,54319.65,59284.33,56555.14,62043.53,49255.5,30822.43,5427.04,25527.8,30471.42,14487.86,3403.26,0
3687,300000,1,2,2,45,-1,0,0,-1,0,-1,262323.17,278131.88,253970.2,270589.05,266725.57,187039.02,127537.14,95792.66,105841.8,149382.61,34350.87,75196.51,0
3688,50000,1,4,1,43,0,-1,-1,0,-1,-1,8027.45,8771.09,8762.58,8859.88,7553.1,5951.93,3181.48,3535.04,5181.78,2792.85,693.75,3347.88,0
3689,10000,1,1,2,53,-1,0,0,-1,-1,-1,7463.5,6188.05,5448.86,4710.26,3991.15,3783.04,2759.97,369.87,1870.52,269.48,1135.22,1899.11,0
3690,10000,1,2,1,25,0,2,-1,1,-1,-1,5780.46,4840.0,5299.57,4624.84,4126.28,4500.03,1663.02,1705.15,477.95,1759.01,899.66,1079.64,1
3691,200000,2,2,2,52,-1,-1,-1,-1,0,-1,71743.97,77967.27,66593.21,55474.68,54317.87,49438.51,38299.35,19472.9,11683.75,17046.26,19800.87,5478.07,0
3692,100000,2,1,2,50,0,-1,-1,2,-1,-1,39140.36,41558.74,44551.42,47533.33,44519.39,39089.28,10858.03,12520.42,6162.36,26991.32,7244.53,13530.77,0
3693,200000,1,2,2,51,-1,-1,0,0,0,-1,24349.24,21021.25,19625.68,20109.63,17970.14,19711.49,1495.67,2310.69,11140.97,10804.1,1446.69,4062.3,0
3694,20000,1,1,2,33,0,-1,-1,-1,0,0,6093.36,6648.05,6170.6,4979.43,3874.81,2968.06,417.79,2171.14,741.59,2712.95,268.58,165.99,0
3695,50000,2,2,2,62,-1,-1,0,-1,2,-1,21936.02,18924.22,19120.83,15837.35,12187.1,9495.09,12263.48,11195.55,1193.08,7610.11,3503.51,2608.9,0
3696,10000,2,1,1,25,3,-1,-1,-1,-1,-1,6735.31,5567.1,4609.53,4590.69,4895.1,4171.99,776.87,2538.39,996.6,860.21,265.84,1447.59,1
3697,300000,2,3,2,43,3,0,-1,0,2,-1,95946.83,96384.89,92915.77,80805.32,74394.14,74319.81,46324.13,54006.42,10880.34,29658.49,6011.1,35414.26,0
3698,100000,2,1,1,21,1,-1,0,-1,-1,1,56424.81,54277.21,47003.59,44366.1,41347.54,33946.58,29198.24,10997.78,18386.25,22864.61,9876.96,19989.47,0
3699,300000,2,1,1,30,3,0,0,-1,0,-1,205605.08,179266.97,151863.59,115748.31,101062.61,89740.27,72621.11,46674.83,26281.45,55851.46,57336.78,47260.75,0
3700,50000,2,1,2,47,-1,1,-1,-1,-1,-1,32941.24,35526.57,37773.36,38930.68,38278.6,41177.77,16865.07,14457.82,19396.66,19585.41,16974.75,14323.24,1
3701,100000,2,3,1,28,3,-1,1,-1,-1,-1,57223.32,52718.24,57947.15,53458.89,54562.11,57241.99,6208.65,24081.48,7458.69,16714.82,24921.82,28259.88,1
3702,100000,2,2,2,23,-1,0,-1,-1,-1,-1,56415.31,51951.28,56697.5,58415.12,50499.63,54479.5,33819.37,11286.35,7588.96,11458.9,7264.95,27570.03,0
3703,50000,1,2,1,39,0,-1,0,0,-1,0,33848.44,33494.64,35047.07,34554.37,24915.39,19103.28,12810.9,8078.09,13466.11,2926.36,9061.81,11112.21,0
3704,200000,1,2,2,22,-1,-1,0,2,-1,2,73681.88,64047.13,68914.15,60065.61,48110.45,42955.74,38250.77,7842.31,6550.4,12203.64,8517.63,7982.36,0
3705,300000,1,2,1,51,3,0,-1,0,2,-1,138051.58,134745.83,145156.8,141125.17,145168.15,143025.84,27648.74,57036.4,11296.88,8571.43,48640.61,26962.09,0
3706,200000,2,1,1,30,0,-1,0,0,-1,-1,174586.7,158733.45,135385.1,98010.78,90569.94,89950.28,38616.5,38363.4,20462.91,22500.02,45043.7,15310.06,0
3707,100000,2,2,1,36,0,-1,1,0,-1,0,63488.15,64027.97,52868.5,46231.6,48659.38,44768.28,8537.09,8085.67,17959.01,26531.28,13985.0,24428.11,0
3708,50000,2,1,2,57,3,-1,0,-1,-1,0,25795.69,22553.49,18900.63,16525.45,14091.27,14490.09,11457.06,8991.91,6639.39,3258.36,2476.86,6176.12,1
3709,50000,1,4,3,40,0,1,-1,-1,-1,-1,28132.48,24071.24,20431.22,17739.56,14652.63,10507.22,1771.88,1368.63,5344.79,9963.92,3215.11,1333.67,0
3710,300000,2,2,2,23,0,-1,-1,-1,-1,-1,55062.91,48176.97,50428.48,37671.7,26391.6,20552.83,6028.09,27583.3,15475.98,22039.39,8428.54,11894.7,0
3711,10000,2,2,2,55,-1,0,0,-1,1,-1,5735.91,6199.26,6709.97,6004.01,4635.59,3853.01,832.44,2495.62,2014.23,639.82,2296.99,1475.69,0
3712,100000,1,1,2,54,1,0,1,-1,-1,0,76919.92,81132.72,73469.87,73813.84,61565.47,61045.98,33080.27,31180.67,22162.04,36644.5,24538.47,3123.0,1
3713,100000,2,2,3,41,3,-1,0,0,0,-1,51889.26,54414.68,44092.71,36562.33,26755.63,28379.5,21271.02,22087.93,8661.75,20908.27,15398.85,8234.22,1
3714,100000,2,1,2,56,3,-1,0,0,-1,0,24151.82,24978.02,22286.49,22897.91,21566.15,19658.5,9463.37,5597.55,3191.93,3793.23,12662.84,9338.66,1
3715,500000,2,1,1,52,-1,-1,-1,2,0,-1,229283.96,227239.95,229930.82,214798.6,235394.83,231456.13,63480.7,40509.49,61005.55,56229.92,52304.18,51072.95,0
3716,50000,2,1,2,38,-1,-1,0,-1,-1,-1,16120.95,13372.65,14480.86,14330.99,10365.38,9720.28,9092.07,4616.82,4415.31,7321.54,4281.91,4073.88,0
3717,50000,2,2,2,54,-1,-1,-1,-1,0,1,19389.63,17400.17,16267.56,17228.65,14760.65,15790.9,11238.81,9904.75,9343.68,2194.08,6488.62,7025.65,0
3718,10000,2,2,1,58,-1,-1,0,0,0,-1,2800.07,2712.04,2443.06,2181.39,1876.07,1988.7,709.3,554.85,1127.84,780.97,671.59,1005.72,0
3719,50000,2,1,1,23,-1,-1,-1,-1,-1,-1,18356.45,15267.52,15205.95,15783.3,11489.18,11755.29,6230.86,6779.09,7964.72,2884.82,5652.4,4340.64,0
3720,50000,2,1,2,23,0,-1,-1,-1,-1,-1,37867.93,30636.48,26449.64,19999.91,15483.55,12570.06,16355.82,17931.36,6941.52,9415.84,3125.21,1952.74,0
3721,50000,1,2,2,47,1,0,0,0,-1,0,35308.25,29236.24,30105.85,30447.97,26828.86,22784.34,6968.47,10295.84,10986.75,11883.98,12581.45,11693.5,1
3722,200000,2,2,2,22,2,-1,0,-1,0,-1,98486.26,81982.02,75768.61,78305.01,84743.79,73436.69,46249.64,24777.5,34723.3,30517.04,15945.09,11075.2,0
3723,300000,1,1,3,23,-1,1,1,1,-1,2,217800.44,181397.61,198300.49,210468.23,195329.44,137069.74,103070.27,83704.88,29926.4,116582.47,68098.33,41420.93,0
3724,20000,1,1,2,37,-1,-1,-1,-1,-1,0,17609.04,15091.86,16302.76,11940.23,8835.02,7001.22,5731.42,1928.17,4932.93,5012.87,991.26,696.49,0
3725,50000,2,3,1,59,-1,0,-1,0,-1,-1,21245.78,20177.73,20169.88,15062.61,15015.45,14798.08,5919.53,1376.12,4872.33,1973.75,6411.89,2035.76,0
3726,300000,2,4,1,58,-1,1,2,-1,0,0,265196.93,234867.73,233551.16,165599.19,172705.91,158501.93,106740.86,57195.7,82043.45,24123.88,90011.53,24647.85,0
3727,10000,2,4,1,60,0,-1,-1,-1,-1,0,2967.25,3139.47,2627.56,2370.9,2426.07,2627.68,175.0,1602.63,553.55,476.65,1110.12,1171.22,0
3728,10000,1,3,1,39,-1,0,0,-1,0,-1,8636.3,9179.02,8116.86,6307.98,6480.39,4611.85,4496.96,850.31,1989.18,447.04,3722.72,788.16,0
3729,20000,1,1,1,39,3,-1,2,-1,-1,-1,15830.94,17035.28,18033.18,16718.74,17131.71,14584.5,8319.46,6389.92,9156.27,4192.53,10173.39,4837.51,1
3730,100000,1,1,2,64,0,1,1,-1,0,-1,25930.48,24409.6,22185.76,23448.43,18503.65,18187.42,8501.37,1912.09,10596.35,6110.6,5615.44,7686.07,1
3731,20000,1,1,2,25,0,0,-1,0,0,-1,7597.5,7842.23,7271.61,6041.33,5664.74,4268.27,449.5,2552.91,1991.8,2659.45,765.56,1504.55,0
3732,300000,2,1,2,25,0,-1,0,0,-1,-1,199901.06,195362.28,205510.74,144297.08,110394.26,99338.15,50830.95,23743.94,21342.38,33261.23,48782.77,41055.47,0
3733,50000,1,4,2,34,0,0,-1,-1,1,-1,12664.84,10680.41,9912.25,10466.81,8701.53,6146.25,3803.5,4103.07,2053.31,5454.17,2447.87,3347.92,0
3734,100000,2,2,2,47,0,0,-1,-1,-1,-1,57256.52,56724.59,59844.64,56777.81,49221.22,38001.8,29332.6,12513.36,27083.43,14836.53,12851.72,22088.56,0
3735,20000,1,2,2,56,1,-1,-1,-1,-1,-1,10556.91,11096.44,9108.28,7109.93,6205.33,6672.44,726.79,2817.06,4240.88,4263.52,930.24,2843.99,1
3736,50000,2,1,2,60,0,0,0,-1,0,0,16674.96,15080.54,15190.97,14840.73,12987.9,12205.16,5491.59,1276.23,3471.35,4619.8,938.95,1864.0,0
3737,100000,1,3,2,55,2,0,-1,0,-1,1,34042.68,34859.79,28546.78,27208.73,27573.46,27675.26,10306.18,16621.99,16181.34,14640.29,12963.91,16289.22,0
3738,200000,1,3,1,41,-1,-1,0,-1,0,0,102609.32,105929.27,109849.05,93596.77,88736.65,65742.54,17641.99,40407.71,35806.15,16049.3,27952.58,5826.6,0
3739,200000,1,1,2,25,-1,1,0,1,-1,-1,67975.9,67505.17,65187.41,51162.84,48948.09,38856.77,12499.44,24967.81,34751.06,2656.4,13139.89,21769.67,0
3740,100000,2,3,1,44,1,-1,-1,-1,-1,-1,24420.38,26007.27,25142.83,27580.94,27786.81,21583.9,9023.39,10713.67,8583.56,9162.52,6995.81,6441.79,1
3741,300000,2,1,2,59,-1,0,-1,0,-1,-1,215606.09,181852.18,166032.22,158927.38,124402.7,100754.18,125652.12,75479.86,9405.33,52954.66,40725.19,51723.76,0
3742,200000,2,1,1,44,0,-1,0,0,-1,-1,113081.86,119078.02,127532.67,89362.02,79154.21,63586.63,54970.52,29026.45,13356.99,51404.86,36266.83,15076.12,0
3743,200000,2,2,2,60,0,1,-1,-1,-1,-1,90021.77,88511.14,84327.08,63265.33,65927.11,61009.73,29263.87,17787.64,9097.51,9958.55,19040.94,21891.66,0
3744,10000,1,2,3,63,-1,0,0,-1,-1,0,2449.98,2588.89,2273.39,1816.36,1784.17,1752.55,896.07,553.07,1011.01,287.77,182.77,224.18,0
3745,10000,2,1,1,33,0,0,-1,-1,-1,-1,5754.92,5523.59,5784.52,5930.61,6239.23,5736.19,2105.05,2741.09,3026.02,1664.71,1199.3,3142.35,0
3746,20000,2,1,2,58,2,2,-1,-1,0,1,12057.71,10832.51,11747.2,10453.37,9212.44,7550.7,5255.04,1551.46,3983.95,3498.68,1135.84,1622.61,1
3747,100000,1,4,1,21,2,-1,-1,-1,-1,-1,48380.45,51726.35,45140.93,32684.31,32891.92,32165.88,11394.81,16434.52,23466.41,13171.56,5083.04,6248.89,1
3748,50000,1,2,1,63,0,-1,-1,-1,-1,0,19909.58,21168.28,20778.35,16748.12,13505.59,12435.27,8398.64,8342.67,5288.25,3552.68,7171.72,3669.91,0
3749,50000,1,2,1,59,1,0,-1,-1,0,1,39689.87,34939.12,34120.55,37269.4,39025.39,37285.46,7536.65,11667.42,3618.27,7294.22,5643.68,9359.95,1
3750,200000,1,1,2,30,2,-1,0,-1,-1,-1,132769.57,135854.13,133529.13,134483.55,110098.11,86386.29,65272.66,48138.51,25696.88,68891.68,49469.95,10871.74,0
3751,200000,2,1,1,22,0,-1,-1,-1,0,2,76987.43,63698.51,61741.06,43333.81,36237.45,39276.1,43666.94,32580.22,7094.82,13968.06,7832.85,2495.76,0
3752,300000,1,1,2,36,-1,0,-1,1,0,-1,172341.71,142318.64,118132.04,122323.37,120741.21,100347.71,61788.81,32899.72,63456.57,68788.07,65892.34,22736.05,0
3753,50000,1,1,1,57,-1,0,-1,-1,-1,1,14349.25,13680.88,12637.65,9818.28,9809.48,8317.24,1281.44,3286.43,2294.08,4181.37,3847.09,3708.72,0
3754,100000,1,1,1,36,0,-1,0,-1,-1,0,10917.6,8851.21,9698.4,8072.07,5820.29,5332.57,4820.13,1249.99,4489.08,680.85,2451.1,821.1,0
3755,50000,2,1,2,43,-1,1,-1,-1,0,-1,39753.89,36976.13,30559.33,22838.68,17358.96,12496.31,22266.3,17107.7,2726.94,2489.06,5883.12,1810.39,1
3756,20000,2,2,1,46,-1,0,-1,0,-1,-1,15102.22,15664.39,15678.34,11041.18,8831.67,6857.5,8598.11,2569.16,7467.23,5832.67,4944.89,2350.44,0
3757,20000,1,1,1,36,3,1,0,-1,-1,0,12230.45,13047.96,13939.0,12567.47,13823.54,14170.2,6738.08,4382.43,1349.1,2084.41,1890.86,5943.24,1
3758,50000,1,3,1,47,0,1,0,0,0,-1,37452.55,32824.7,28235.72,22995.01,23661.36,24076.62,13477.86,17061.85,16128.99,3274.26,4909.57,14271.58,0
3759,50000,1,1,2,61,1,-1,-1,-1,-1,-1,36232.9,29823.09,31037.66,26197.85,25831.58,19547.49,20107.42,3101.06,12487.81,14099.73,14142.86,1874.01,1
3760,200000,2,2,2,50,0,0,0,-1,-1,-1,157641.0,155937.89,136060.87,104440.05,113356.61,106087.64,31120.7,22250.26,57416.05,60049.04,67327.74,32348.99,0
3761,20000,1,1,1,53,0,-1,-1,-1,-1,-1,16269.82,14308.49,11577.2,11838.62,11541.21,8384.74,2100.79,2159.43,4914.93,4839.47,5466.76,4886.77,0
3762,100000,2,2,1,52,-1,0,-1,-1,0,-1,75504.26,60934.54,58274.12,44835.73,43789.16,31959.47,23567.06,7550.3,11718.86,4746.65,7307.8,12904.15,0
3763,100000,2,1,1,29,3,0,0,-1,0,2,78139.9,65587.46,66457.28,60271.4,63843.78,65110.5,5234.42,37364.24,19513.58,3745.59,35086.87,26553.76,1
3764,50000,2,4,1,31,-1,-1,-1,-1,-1,0,25067.83,27111.03,23290.6,20676.31,16970.76,15073.63,2318.59,12389.03,12761.74,7843.68,2414.85,8206.74,0
3765,50000,1,2,2,57,0,2,-1,1,0,-1,33320.3,35403.58,29070.9,31044.54,21753.02,23289.12,12686.9,10629.34,4761.64,2558.77,11555.35,5517.91,1
3766,50000,2,2,2,26,-1,0,1,-1,-1,-1,18329.87,19225.93,18572.96,20339.13,20053.95,17873.06,8014.01,4108.64,6318.74,7150.0,5227.75,6281.69,0
3767,100000,2,1,2,50,-1,2,-1,-1,-1,0,78890.55,71146.82,60070.43,63812.97,48653.9,49762.43,9962.67,8064.82,13672.68,17293.67,3716.73,15304.07,0
3768,50000,1,2,1,60,-1,-1,-1,0,1,-1,39343.63,39908.47,34133.5,33908.6,27631.98,26402.53,9353.49,2515.09,16041.76,2304.54,10679.5,6286.06,0
3769,20000,1,2,2,35,0,1,0,2,0,-1,3058.28,3324.67,3361.36,2932.05,3017.08,2631.62,1511.68,1354.69,1011.53,1685.09,763.81,1409.56,0
3770,20000,1,1,2,50,2,0,-1,0,0,-1,7552.32,7327.82,7207.88,5421.92,5482.46,5054.54,1212.32,2401.96,1719.16,297.75,332.13,1416.5,1
3771,100000,1,2,2,38,0,0,-1,1,1,-1,23715.58,21342.34,23137.06,24246.64,21577.32,23167.39,12802.23,8021.25,8702.83,5935.41,2867.86,2957.99,0
3772,300000,1,3,2,32,0,0,-1,0,0,-1,62591.98,65083.07,58381.13,57592.98,42718.72,31199.29,22462.13,9248.99,6323.89,28399.1,12848.3,4223.14,0
3773,50000,2,2,2,24,2,0,0,-1,-1,-1,21595.71,20064.6,17342.18,13053.79,10695.28,9751.83,8127.24,7500.23,6208.1,7649.06,4371.73,1102.26,1
3774,100000,2,3,2,36,0,0,-1,-1,-1,1,60052.91,58443.68,58252.1,42827.78,38125.78,27478.71,7958.11,9493.29,28014.62,3205.26,2594.93,12636.36,0
3775,100000,2,3,1,43,1,-1,0,0,-1,-1,37498.06,36086.76,39392.28,38199.45,38477.21,35482.77,3146.33,2618.67,22833.23,21885.52,12944.83,20528.98,1
3776,300000,1,3,2,31,0,0,-1,-1,-1,-1,104211.59,90166.51,87104.79,92537.29,101225.17,95432.26,26001.47,47759.87,44846.48,21751.44,7681.86,17461.17,0
3777,200000,2,2,1,44,1,0,0,-1,0,-1,35113.21,28097.6,24954.74,19602.93,18627.35,19055.75,3586.76,14190.55,9707.0,2688.75,10176.48,1473.38,0
3778,100000,1,2,2,42,0,0,-1,1,0,-1,40633.58,44682.75,47950.89,41467.77,29912.57,30489.06,4261.64,16705.1,16655.53,20858.31,13127.3,3647.41,0
3779,100000,2,2,2,59,-1,-1,-1,-1,0,0,47678.22,44104.71,43360.17,47079.37,37119.85,26133.76,27267.21,24396.61,10006.36,18993.39,3569.48,11917.43,0
3780,200000,1,2,2,35,-1,-1,0,0,-1,-1,83792.96,74168.91,64068.48,69091.11,55536.41,40456.96,7323.43,35210.39,20043.63,7226.25,18282.96,19763.15,0
3781,50000,1,4,2,35,-1,-1,-1,0,-1,0,32203.37,33161.89,35976.83,35238.54,33609.63,32729.56,9392.92,6664.82,14036.98,13746.15,15269.18,7909.06,0
3782,50000,2,1,1,30,-1,0,0,-1,0,2,16526.33,16158.74,14250.44,12677.52,8967.7,6933.35,7698.35,8937.08,1729.88,6327.72,1868.69,378.83,0
3783,10000,1,2,1,48,1,-1,-1,1,0,-1,6728.34,7159.88,7657.82,6502.67,5869.47,5348.57,1389.62,1886.41,3429.4,2288.55,899.69,2818.78,1
3784,200000,2,1,2,56,0,-1,0,0,-1,-1,161243.09,166778.61,164172.85,140600.72,154420.05,122406.81,52210.26,98539.45,30331.74,33526.46,65109.01,12239.35,0
3785,200000,2,1,2,37,3,0,-1,-1,-1,-1,114598.45,101365.85,96378.07,86928.43,87577.84,90541.21,28421.93,43963.72,10933.33,14569.04,41896.23,12155.04,0
3786,20000,2,1,2,56,0,-1,0,0,0,0,8218.84,8035.34,7229.96,7049.75,7104.38,6908.03,3635.61,1322.53,751.14,3262.5,1921.32,1282.97,0
3787,100000,2,2,1,42,0,1,0,-1,-1,0,24375.43,23176.42,19367.5,17515.18,17482.85,15283.77,9394.09,6201.2,4373.53,4721.17,3184.73,6107.37,0
3788,50000,2,1,2,43,-1,0,-1,0,0,-1,42296.95,45956.7,40140.59,31786.85,30940.02,24438.19,9300.34,19114.93,9080.4,16133.86,17575.9,5919.36,0
3789,20000,1,2,3,49,0,2,-1,-1,-1,0,14029.69,12232.08,11000.34,11013.99,9024.28,8697.12,5575.62,5915.64,4012.71,5179.9,3112.88,652.49,1
3790,500000,2,2,1,42,0,-1,0,0,0,-1,148576.45,131512.49,116601.76,102744.99,104097.38,87495.24,7681.05,48271.29,35204.32,47655.74,33272.02,40942.65,0
3791,20000,2,1,2,31,1,-1,-1,0,-1,2,4410.16,4745.9,3901.12,3625.1,3474.13,3250.55,1848.12,2169.8,1804.14,1764.22,1569.97,1152.43,1
3792,10000,1,1,2,56,0,-1,0,-1,0,0,1394.48,1307.11,1273.04,1286.3,1018.19,984.83,669.28,411.6,77.07,457.4,552.73,498.94,0
3793,100000,1,2,2,64,0,0,-1,-1,-1,0,25244.24,23658.3,22299.23,19034.73,20778.31,15689.02,1357.78,4893.82,2229.97,9113.46,4532.85,1352.37,0
3794,100000,2,2,3,49,-1,-1,-1,-1,-1,-1,68590.02,72737.15,60512.86,64866.0,70951.06,51063.76,28352.85,31831.0,11277.86,34595.27,35268.99,29273.36,0
3795,10000,2,3,1,62,0,-1,-1,0,-1,-1,6036.27,5365.13,5038.69,4555.15,3869.89,3472.56,2126.98,2701.66,359.88,981.77,2180.2,370.12,0
3796,100000,2,3,2,52,1,1,-1,-1,-1,-1,87394.93,88187.54,72639.14,71295.18,71385.96,54490.32,17966.89,19822.92,10181.79,13437.96,41330.91,19446.52,1
3797,100000,1,4,2,34,0,-1,-1,2,-1,-1,35757.68,36346.14,39234.16,39314.66,38235.34,28136.17,5681.33,10364.2,17656.45,11885.78,16375.01,9455.42,0
3798,20000,2,2,2,38,-1,0,-1,1,0,0,14585.6,13604.28,11940.79,10098.28,9427.39,6934.97,8409.96,3207.88,5839.82,3575.16,4468.32,3749.57,0
3799,20000,1,3,2,58,-1,0,-1,-1,-1,0,3927.34,3535.35,3597.03,2889.3,2231.52,2188.77,1236.65,459.77,1352.18,189.18,1145.62,785.89,0
3800,100000,2,3,3,57,0,-1,-1,-1,-1,0,55006.62,56326.59,49306.88,52725.96,46775.25,49680.3,16604.94,26565.29,17948.79,7907.76,22723.59,10098.18,0
3801,50000,2,3,2,54,0,0,-1,0,-1,-1,23671.63,20754.74,19558.31,16143.35,16013.76,17178.54,12205.89,6860.74,7721.27,1004.59,2449.16,2482.86,0
3802,300000,1,1,2,43,-1,0,-1,0,-1,-1,231167.87,241753.73,261089.16,194201.08,212715.31,228533.93,60217.53,33629.17,128108.69,69706.13,10901.41,44064.72,0
3803,200000,2,4,1,52,1,-1,-1,-1,0,-1,132256.52,122327.15,129851.02,116645.49,110282.03,106796.92,65220.11,29413.67,66684.72,55303.34,40318.4,21218.37,0
3804,500000,2,2,1,23,-1,-1,-1,-1,-1,0,127726.15,102885.1,106348.65,109525.53,109621.3,117332.76,46255.35,47060.7,25147.23,55262.17,43156.82,19520.7,0
3805,50000,2,2,1,63,-1,0,0,2,-1,0,44355.38,43059.37,44655.04,36296.08,38675.53,29112.56,7360.07,11116.83,12459.59,12962.97,6737.55,5201.82,0
3806,300000,2,1,2,42,1,-1,-1,-1,-1,-1,227554.4,195315.71,204503.09,183542.27,173541.55,163233.84,55276.45,17475.18,101185.83,13330.87,26562.82,85106.4,0
3807,50000,2,2,3,43,0,0,1,1,-1,-1,19185.22,18033.52,18444.52,15578.56,15669.04,15731.71,1202.04,1947.59,3059.5,5840.37,5370.59,8319.57,0
3808,50000,2,1,1,24,1,0,-1,2,-1,0,38041.21,39657.99,42396.64,30095.84,26581.39,28634.16,11106.56,23753.58,24101.9,8115.3,14387.11,9794.16,1
3809,10000,1,1,1,33,-1,-1,-1,-1,0,-1,8655.29,7417.61,6713.46,5068.86,4140.03,3441.79,4891.56,2116.83,3430.8,2619.86,634.64,1903.98,0
3810,10000,1,1,2,52,-1,2,-1,2,-1,2,8122.26,7004.91,6709.57,6835.75,6133.14,5727.8,3229.21,2801.03,1962.41,1870.31,3258.29,1876.56,1
3811,100000,1,3,2,49,-1,-1,-1,-1,2,0,54496.8,51344.37,51032.41,54799.02,40309.26,34723.29,20046.93,20056.51,16970.53,24386.32,21148.11,13191.74,0
3812,50000,2,1,3,60,-1,-1,1,-1,-1,-1,28085.91,26483.62,22758.4,15969.92,17119.74,15669.83,14838.17,3743.64,6613.63,2509.0,3213.12,9350.18,0
3813,20000,2,1,1,60,1,0,-1,-1,-1,0,3705.58,3468.8,3298.75,3445.47,2839.66,2559.74,434.33,934.66,580.5,1922.04,1387.86,653.44,1
3814,100000,1,1,1,30,-1,-1,-1,-1,-1,0,23176.52,23370.0,19565.92,19361.44,17123.51,17806.32,11310.76,10351.33,3560.77,4112.35,9884.92,7036.44,0
3815,50000,2,2,2,33,3,0,-1,-1,-1,-1,44304.35,39020.14,38376.0,37376.22,35931.69,36996.23,19213.25,11066.6,8309.2,1988.03,4913.74,15768.49,1
3816,100000,2,1,1,37,1,1,0,-1,2,-1,71583.21,62861.4,52130.1,45458.11,40994.03,35171.44,24424.63,23516.56,14312.21,4312.28,14359.63,13278.3,1
3817,50000,2,1,1,58,0,-1,0,-1,0,0,6020.28,4856.61,4618.66,3845.64,3126.94,2540.33,1576.27,1233.51,2501.36,677.41,1543.62,567.46,0
3818,200000,1,2,1,22,3,-1,-1,-1,-1,0,107606.85,98408.66,92355.93,79819.02,87299.4,90822.09,7479.07,19267.87,22831.02,11255.83,20297.72,50578.29,1
3819,200000,2,2,1,37,-1,-1,0,0,-1,-1,75247.5,64617.43,53861.04,50660.93,52652.8,56963.12,29339.86,3896.59,19356.0,7839.83,4836.95,30922.63,0
3820,50000,1,1,1,64,-1,0,1,-1,0,0,17460.52,17067.3,15903.32,17154.88,12713.74,8994.3,6340.23,4836.12,1569.28,6323.0,1494.27,5156.96,0
3821,50000,1,1,3,46,0,-1,-1,0,-1,-1,27264.15,23293.16,23371.01,18294.57,15494.69,13951.44,5632.74,6244.7,6108.73,5677.69,3615.8,3614.0,0
3822,50000,2,1,1,58,-1,-1,-1,-1,-1,0,17806.03,19023.24,18612.61,20277.9,15770.47,15906.21,3579.12,5769.37,5309.2,8955.39,1157.77,8565.48,0
3823,200000,1,4,1,57,3,0,-1,-1,-1,0,60248.73,63544.59,59567.6,47245.93,42118.29,46093.77,14862.76,3405.34,19452.31,22899.31,3161.05,18324.97,1
3824,50000,1,2,2,25,3,-1,0,-1,-1,-1,42512.64,43768.93,39807.12,41332.04,32384.41,29541.34,12259.2,14642.85,12101.81,13812.23,18980.8,17662.23,1
3825,20000,2,2,2,45,2,-1,-1,-1,-1,-1,2637.72,2749.97,2247.32,2166.44,1787.12,1764.96,1202.68,316.15,929.21,814.77,210.39,485.39,1
3826,10000,1,1,2,29,2,2,0,0,0,0,4489.37,4883.87,5307.64,5297.11,4811.68,5164.57,1489.46,1577.12,2746.86,2524.85,672.86,272.84,1
3827,50000,2,2,2,48,0,-1,-1,-1,0,-1,25447.44,22799.45,20994.02,21679.11,16424.83,13962.56,3375.18,5429.49,8346.04,2155.79,6159.01,4572.2,0
3828,50000,1,1,2,42,0,-1,0,-1,-1,0,22598.07,24721.34,22865.83,16113.63,16828.72,17736.26,12209.16,1831.23,6014.81,4651.79,8383.64,6143.11,0
3829,200000,1,1,2,49,-1,-1,0,-1,1,-1,125160.2,133565.56,111995.1,110838.62,93665.3,75537.41,39246.4,18842.93,53199.95,37754.78,12908.13,23038.24,0
3830,20000,1,2,2,55,1,1,0,-1,1,-1,2410.82,2190.39,2102.34,2308.95,2460.69,2436.53,1310.28,420.36,896.54,874.72,181.27,665.73,1
3831,50000,1,2,2,40,-1,-1,-1,0,-1,-1,40399.94,42792.51,46805.0,42023.57,29922.3,32386.83,15640.92,7631.65,20114.89,14639.79,5112.59,5536.56,0
3832,200000,2,1,2,25,1,-1,1,-1,-1,-1,100033.96,106955.45,93683.1,85884.26,86629.75,83105.8,36316.62,40850.52,45226.14,20863.98,28342.04,37551.15,1
3833,200000,2,2,1,59,3,-1,0,0,-1,2,108587.91,88045.96,78713.16,58436.21,61123.14,51984.18,25389.26,6539.92,8736.08,12162.13,36386.76,17812.22,0
3834,50000,2,4,2,64,-1,2,0,-1,-1,-1,23510.84,24987.06,21760.34,18198.33,19905.85,14554.68,13734.78,7348.37,5417.6,5321.71,7762.18,1562.95,0
3835,50000,2,2,2,52,-1,-1,-1,1,-1,-1,22780.34,21185.11,22455.7,21220.7,15973.84,12463.88,13458.71,10572.11,3200.24,1838.21,2747.18,1312.67,0
3836,50000,1,2,2,59,0,-1,1,-1,-1,0,12467.98,13009.13,12261.92,9171.78,8011.54,7945.06,3111.56,2693.07,5823.05,2835.37,449.28,3793.58,0
3837,300000,2,4,1,30,1,0,-1,-1,0,-1,151054.92,125881.5,131805.11,109838.85,110291.77,120865.52,73149.01,48168.13,47670.75,63832.02,15587.74,44982.66,0
3838,20000,2,3,1,60,1,-1,0,0,-1,0,8741.56,7444.8,7854.46,6591.16,5967.79,6205.91,1734.89,4149.0,4667.35,524.94,2452.17,2034.59,1
3839,300000,2,2,2,37,0,0,-1,-1,-1,-1,142348.67,155677.18,159526.59,163539.31,168170.13,170960.44,55172.67,75299.61,67519.71,21933.73,37883.76,29341.66,0
3840,100000,1,2,1,57,1,0,0,0,0,-1,11106.47,10271.87,9021.92,8255.6,9028.0,6387.24,4653.37,5210.53,830.3,3274.93,3207.48,1419.89,0
3841,100000,2,1,2,35,-1,-1,1,0,-1,-1,20471.48,21280.85,17249.81,15900.53,15942.8,15838.8,12107.33,6190.17,3595.86,6981.33,5934.0,7895.06,0
3842,10000,2,2,3,29,0,0,-1,0,-1,-1,7105.37,7283.53,6139.92,4991.23,4975.64,5130.01,1481.65,699.34,3432.08,1554.27,683.95,1043.89,1
3843,50000,1,1,2,52,0,-1,-1,0,-1,0,21764.16,22543.64,22748.44,18775.9,17408.23,14448.81,9538.46,7161.98,13415.82,10406.55,4782.27,2124.85,0
3844,50000,2,1,2,43,-1,-1,-1,-1,-1,1,34716.28,35736.48,36528.58,32162.7,28472.5,31316.37,6422.98,3219.46,6314.88,10129.32,10094.38,12917.25,0
3845,20000,1,2,2,31,0,0,-1,0,0,1,4737.78,5089.27,5241.5,5381.76,5564.79,3975.18,331.01,1646.42,1686.3,592.78,2932.48,1882.07,0
3846,100000,2,1,2,33,1,-1,0,-1,-1,-1,65856.82,64393.23,56227.57,46487.6,36871.69,31578.09,13616.56,20826.04,14254.08,14571.18,18057.01,4616.05,0
3847,500000,2,2,2,38,3,-1,-1,0,-1,-1,165644.66,153658.02,129980.98,107702.02,112503.45,88321.15,79928.25,76742.47,21487.81,35875.15,47301.06,16679.27,0
3848,100000,2,2,2,29,0,-1,-1,0,0,-1,66409.73,71561.06,77065.43,71487.32,73985.2,80571.08,37541.62,25085.84,19456.58,20432.15,35324.39,5448.38,0
3849,100000,2,2,3,62,2,1,-1,-1,0,0,16942.7,15368.48,15357.16,15908.67,15827.14,15333.81,1090.62,1619.49,4384.6,8797.79,9134.59,1014.54,1
3850,10000,1,1,2,25,-1,1,-1,-1,-1,0,3669.13,3629.54,3711.53,3346.14,3273.71,2837.29,409.61,1093.73,1546.75,1049.27,1537.44,227.42,1
3851,50000,2,1,3,63,3,-1,0,-1,-1,-1,9774.26,10327.14,8552.64,6426.06,4519.02,4921.4,2476.82,4675.69,2791.9,2768.62,732.94,401.62,1
3852,20000,2,2,1,42,-1,-1,-1,0,-1,-1,12074.31,12977.53,11987.83,12780.66,14009.75,10151.47,3608.81,1393.72,6072.08,4214.48,3290.14,4851.82,0
3853,100000,1,4,1,52,0,2,0,-1,-1,0,41407.85,44920.43,36789.49,32685.06,28003.41,22060.86,23208.1,14353.16,20906.13,14694.76,7066.67,8236.06,0
3854,300000,2,1,2,22,-1,0,-1,-1,-1,-1,47826.46,47729.84,47602.19,48055.41,40939.82,35577.7,2939.58,15639.21,12398.94,5281.47,11899.4,7063.05,0
3855,100000,2,1,1,41,1,-1,-1,-1,-1,-1,52109.28,52946.16,50129.82,35959.64,39388.36,29530.0,26937.95,29760.07,16323.36,20486.26,15694.88,3329.21,1
3856,10000,1,3,2,48,-1,0,-1,-1,-1,-1,1199.18,1138.33,1064.83,1101.56,877.67,964.37,399.27,543.49,479.16,425.71,246.69,553.18,0
3857,50000,1,1,1,44,-1,-1,-1,-1,-1,-1,37739.11,33416.76,35785.08,25884.6,27987.79,26010.85,6344.33,6163.49,18050.62,5675.56,8560.21,6630.35,0
3858,100000,1,3,3,44,0,0,-1,1,0,-1,85067.7,68467.07,69975.78,76066.0,64966.19,49689.82,13428.9,33841.48,11986.01,13564.23,24441.99,2859.92,0
3859,50000,2,2,1,34,-1,1,-1,-1,0,-1,37402.83,32413.75,35307.52,37290.88,27568.18,22037.94,2898.38,9263.82,14542.82,16995.16,13667.09,1295.94,1
3860,200000,2,2,1,57,-1,-1,-1,-1,-1,-1,172240.93,188429.48,153359.14,123704.98,112476.16,96559.43,31931.54,61100.97,76760.25,24372.5,33367.24,16131.74,0
3861,200000,2,1,1,47,0,0,-1,-1,-1,-1,163537.87,170392.49,167786.04,132452.68,130133.71,128903.95,95836.48,43203.8,76693.48,39322.72,51638.74,63576.46,0
3862,100000,2,1,2,44,-1,0,-1,-1,-1,2,81594.43,77001.55,76159.55,77175.85,72824.78,59835.96,39890.16,7693.06,33041.32,30035.98,22268.97,29029.47,0
3863,50000,2,1,1,26,-1,2,0,0,2,-1,14817.61,13381.44,10811.71,8223.99,8889.05,7281.54,8584.1,7955.64,6155.1,4291.0,5321.53,458.65,1
3864,50000,2,3,1,46,-1,-1,0,-1,-1,0,14246.75,11672.41,12094.07,12666.32,10810.55,10273.88,1928.69,1139.07,5564.55,6410.27,6150.46,1649.38,0
3865,20000,1,2,2,35,-1,1,-1,-1,-1,-1,14950.77,12006.08,10158.16,7240.38,6348.38,4560.2,5263.21,1151.47,3240.78,3018.53,2205.66,2078.22,0
3866,50000,2,2,1,49,0,-1,-1,2,2,-1,24655.39,25309.2,25571.95,24565.59,19612.49,19314.14,13872.66,2930.84,13505.98,4808.52,9776.05,1743.0,0
3867,50000,2,2,1,56,0,-1,-1,-1,-1,0,42692.5,46776.98,37952.37,30514.68,28413.32,26113.77,17635.45,9461.94,11018.98,4243.27,14910.95,7276.06,0
3868,100000,2,1,2,30,0,-1,0,-1,0,0,81780.7,71652.05,70513.23,73124.48,78671.6,68727.25,4989.83,25063.18,34437.83,25593.01,5139.52,39744.99,0
3869,100000,2,2,1,48,-1,1,0,-1,-1,-1,81454.26,71872.06,68726.53,58474.16,49015.72,42015.87,7194.14,34204.52,27051.08,31274.03,27255.86,15472.78,0
3870,10000,1,2,1,29,0,-1,-1,-1,-1,-1,3608.96,3899.13,3684.61,3216.94,2399.79,1892.07,1017.8,1832.88,1411.46,883.31,1255.65,542.95,0
3871,50000,2,2,1,41,0,1,-1,0,-1,-1,10316.09,10116.15,9205.69,6979.95,5908.16,4703.6,2696.51,3298.77,4200.64,3178.31,2956.39,2720.71,0
3872,20000,1,1,1,30,-1,-1,2,1,1,0,12847.1,10947.57,10138.23,9636.4,10149.82,9134.23,6928.84,5639.76,4407.06,4891.64,3676.28,3001.13,1
3873,20000,2,2,2,24,-1,0,-1,0,-1,0,9049.23,7363.41,6944.2,6168.28,6538.8,5095.69,4335.86,453.58,2385.75,1199.09,1146.11,1941.47,1
3874,200000,1,3,1,24,-1,-1,-1,0,-1,-1,169430.8,164190.77,146015.97,102718.85,76914.28,71305.45,20786.44,11843.49,78410.99,59616.96,25061.45,23659.56,0
3875,10000,2,2,2,26,-1,-1,-1,2,2,0,7830.9,7327.89,7918.43,7857.79,7903.46,7586.35,777.01,2969.31,3539.09,1495.04,3869.86,3510.11,0
3876,50000,1,1,2,46,-1,0,-1,0,0,1,42153.16,39186.77,42694.01,32072.95,24268.21,21432.19,22206.62,11978.44,15768.54,12000.32,7242.02,4988.98,0
3877,20000,1,2,1,60,-1,0,-1,-1,-1,-1,11085.86,12092.23,10761.73,9798.08,10324.91,7669.23,3296.57,3961.15,4704.34,4089.73,6123.1,1024.94,0
3878,200000,1,1,3,36,0,-1,-1,-1,-1,-1,104196.44,91574.42,94652.01,86666.41,77140.18,82928.01,14912.23,15563.66,22633.07,30693.19,13473.93,25669.88,0
3879,100000,1,2,1,28,0,0,0,-1,-1,-1,77766.69,73598.17,75473.87,61870.01,65551.68,67734.51,42322.52,37570.59,45263.76,24244.11,36114.21,30682.46,0
3880,20000,1,4,1,48,2,-1,-1,-1,0,-1,10190.24,8804.4,9356.21,7405.01,5404.17,5844.15,4546.92,2876.8,2882.82,1230.26,1229.64,1792.17,1
3881,100000,2,2,1,36,0,0,1,-1,0,-1,82002.31,73518.08,58899.29,48564.81,35479.44,30061.37,11493.62,12200.38,18329.89,6283.47,18138.9,4848.51,0
3882,100000,2,2,1,58,0,-1,-1,0,-1,-1,12754.27,13133.94,11839.4,10172.45,10926.58,7789.28,4890.64,1656.42,3137.19,594.99,3157.51,1030.85,0
3883,300000,1,2,2,21,-1,-1,0,-1,-1,2,116109.48,99760.12,84147.3,90349.79,91157.22,79720.43,35774.08,59601.08,19086.97,34770.04,46302.19,46561.47,0
3884,20000,1,1,1,39,-1,1,-1,0,0,-1,15357.34,15402.57,14128.12,13671.5,10365.93,9184.49,2932.33,6932.41,8192.02,7631.14,3877.64,5114.6,1
3885,200000,2,1,2,37,0,-1,-1,-1,-1,0,53592.1,44958.06,43730.18,47498.39,50167.67,49295.25,20101.83,15418.82,25512.46,20156.05,27538.69,10895.73,0
3886,300000,2,3,2,48,0,0,1,-1,-1,0,125752.07,107791.13,115622.66,84865.71,88388.83,87848.05,36733.69,38973.81,66062.54,34630.23,27683.51,50940.95,0
3887,300000,2,2,1,64,0,-1,-1,-1,-1,0,32410.22,26152.72,27509.63,19757.26,18080.14,15728.02,11632.3,2893.85,6259.2,6775.08,10183.56,6146.81,0
3888,100000,2,1,2,32,1,-1,0,-1,0,-1,34137.45,33766.7,32068.46,23197.37,17769.76,19384.77,7208.73,15088.04,12524.26,9046.47,2133.65,4254.31,1
3889,100000,1,1,2,26,-1,-1,0,0,-1,-1,35491.04,38937.08,31424.2,32796.93,28499.7,21229.53,15930.76,21632.93,4759.18,14684.7,14105.19,4621.51,0
3890,50000,1,2,1,27,-1,-1,0,0,0,-1,34301.83,34196.96,30444.46,31471.19,28956.83,30722.5,9763.95,18584.67,13604.47,4190.34,4964.24,16744.34,0
3891,200000,1,2,1,28,0,-1,-1,-1,-1,0,128373.21,138257.48,115027.87,100673.52,78910.25,79538.66,63829.36,66824.86,22982.06,45473.99,13926.83,20186.95,0
3892,100000,2,3,2,23,0,-1,0,0,-1,-1,45596.59,43678.0,43467.9,37999.35,39647.91,36209.3,17529.59,17863.99,18578.85,5144.4,3413.41,3361.72,0
3893,100000,2,1,2,41,-1,-1,-1,0,-1,-1,68280.25,68559.24,69150.8,60228.78,62241.66,62554.59,12556.64,13503.94,30710.37,12762.81,28163.98,28576.73,0
3894,50000,2,3,2,28,0,-1,2,-1,-1,-1,22133.4,23852.28,23724.44,25570.04,18137.39,18167.64,5255.47,5714.75,14190.68,6050.54,7329.36,2379.17,0
3895,100000,1,2,1,48,-1,1,0,-1,0,-1,44768.86,36973.07,32625.59,26255.25,18585.03,14248.94,9296.13,18763.45,15735.84,5437.17,4354.47,6128.37,0
3896,200000,1,2,2,50,0,-1,-1,-1,-1,-1,123288.7,120728.14,129885.68,128242.4,112178.28,102417.43,30528.37,53626.35,47741.56,43413.34,65813.14,44131.33,0
3897,20000,1,2,2,52,-1,0,1,-1,-1,0,13566.13,13195.21,12885.81,9586.59,10254.61,9109.91,1957.92,7847.4,4121.51,3406.4,840.55,3313.6,0
3898,200000,2,1,2,31,0,-1,-1,2,0,0,155504.69,125950.32,123327.35,99230.55,99949.74,89720.79,48452.35,12197.26,9994.73,49691.27,47318.58,32769.02,0
3899,100000,1,4,1,40,1,0,2,-1,1,-1,70112.2,59375.21,62027.33,58264.94,63123.45,48435.36,5399.29,14327.71,35344.7,21408.83,12318.7,11751.95,1
3900,200000,2,1,2,36,3,-1,0,-1,0,-1,127250.42,122886.35,100861.85,94715.1,77058.78,65807.79,30715.02,65598.56,15200.65,56644.33,6693.09,18163.1,0
3901,50000,1,1,1,45,2,-1,-1,-1,-1,0,27459.1,26066.99,22492.75,20725.82,22534.47,20450.42,7820.35,1674.98,1632.97,8956.74,9018.55,2383.61,1
3902,50000,2,3,2,29,0,-1,-1,0,-1,-1,17324.34,15646.46,15284.62,11454.29,10453.21,10178.3,8146.12,3673.48,3703.51,5169.02,2414.74,3613.72,0
3903,300000,2,2,2,59,0,-1,0,-1,0,-1,92660.12,93523.28,91945.52,92118.19,86996.97,75623.46,48585.15,54787.88,16214.95,55159.96,25905.98,37741.84,0
3904,50000,2,3,2,60,0,1,0,-1,0,0,38730.04,35169.57,33060.44,32546.3,25762.36,24699.84,18401.12,12332.63,10470.21,5818.82,7987.12,1645.86,0
3905,200000,2,2,1,60,-1,-1,-1,-1,-1,0,134775.08,138907.37,143627.65,139660.13,123536.62,116991.33,12812.61,30496.27,80189.96,56657.78,8940.96,51461.05,0
3906,50000,2,2,1,23,-1,1,-1,0,-1,-1,31616.48,32968.75,29793.43,22396.55,22452.34,23017.88,13090.34,18514.39,17159.08,12057.89,7689.52,2850.53,0
3907,100000,2,3,2,36,-1,1,-1,0,-1,-1,30706.99,30503.51,24505.61,19318.87,16236.34,14059.86,15930.27,7347.65,5080.17,11250.68,1162.96,6879.4,1
3908,50000,2,1,2,32,0,-1,1,1,-1,-1,43791.9,38698.66,34905.71,37150.26,27040.44,28367.24,14928.52,4775.91,19205.92,10980.81,4073.1,1433.6,0
3909,100000,2,3,2,35,0,-1,-1,-1,-1,-1,16505.04,17178.41,18720.41,16718.29,17305.12,12295.51,9317.46,6331.34,10213.57,4797.92,7687.19,1134.12,0
3910,50000,2,1,1,24,-1,1,2,-1,-1,-1,38530.13,33734.52,34871.73,30240.07,21571.99,22873.02,20652.16,14940.3,10156.85,3087.69,9663.9,11484.05,1
3911,10000,2,3,2,43,0,-1,-1,0,-1,-1,2686.24,2393.18,2143.03,2248.08,1660.24,1793.92,1431.67,224.08,746.25,1230.46,85.57,355.53,0
3912,50000,2,1,2,47,0,0,-1,0,-1,-1,20690.52,20331.37,17621.9,14413.77,13762.85,11904.83,12005.23,7972.95,1356.88,8146.93,7113.78,6447.16,0
3913,10000,2,2,3,59,0,1,-1,-1,-1,-1,4423.04,4452.73,4644.56,4785.92,4629.91,4999.05,2083.03,1133.28,285.34,2567.57,253.64,2397.63,1
3914,500000,1,3,2,63,0,0,1,-1,-1,-1,315080.5,287160.3,246949.05,216474.99,199143.39,208261.56,134617.18,34037.37,33279.36,37656.51,116085.47,83870.02,0
3915,300000,1,2,2,57,-1,0,-1,-1,-1,-1,161198.97,157558.5,153471.35,145583.22,106436.43,76933.99,74800.56,62969.92,51836.93,31437.02,38129.96,16531.07,0
3916,50000,2,2,2,33,-1,0,-1,-1,-1,-1,12443.36,10880.43,10362.39,8765.88,8860.04,8510.67,3071.98,2154.3,3205.71,5010.83,2237.15,4355.28,0
3917,100000,2,3,1,63,1,0,0,0,0,2,12401.32,12878.08,11935.42,12729.66,11956.75,12758.63,676.99,1845.97,679.7,4936.79,4590.17,1997.56,1
3918,50000,2,2,2,57,-1,-1,0,-1,-1,-1,33688.54,36977.83,34307.6,25472.84,24662.54,19296.72,2498.4,3755.38,3816.89,10132.9,3247.89,10430.4,0
3919,100000,2,3,2,60,0,-1,0,0,-1,0,50393.84,50873.1,51417.86,40458.83,28368.13,30304.4,26153.14,13773.67,14431.32,11302.3,8864.57,14122.8,0
3920,200000,2,2,3,41,0,0,1,-1,0,-1,77885.74,69770.79,57969.13,45276.49,33285.42,26054.85,21458.02,27307.77,28626.22,17583.86,14274.04,6295.62,0
3921,300000,2,1,2,49,2,1,1,-1,0,2,98289.43,88915.29,81674.72,65675.02,64911.32,61828.73,24506.25,52150.04,28391.51,9082.04,26609.72,9019.73,1
3922,50000,1,1,1,49,0,0,0,-1,-1,-1,37921.77,30684.69,33462.1,29505.61,28653.19,24419.5,14675.41,7239.17,14332.11,16881.64,15735.86,7154.84,0
3923,200000,2,1,2,31,0,0,0,-1,-1,-1,147285.0,146413.95,151311.18,112989.41,88057.36,80945.24,18703.23,56643.59,45431.02,64408.9,18175.33,9881.94,0
3924,50000,2,1,1,48,-1,-1,0,1,-1,2,38042.01,37281.41,30060.37,21509.43,19400.41,15764.44,13283.2,4275.35,7776.46,11215.36,1722.5,4995.63,0
3925,500000,1,2,1,30,3,1,-1,0,-1,0,137641.98,149531.02,139679.46,129395.76,106746.59,92119.11,70144.94,84463.62,76797.4,24688.09,27208.31,16101.64,0
3926,10000,2,1,1,25,0,-1,0,0,0,2,7815.68,7195.43,6009.32,5413.48,5142.59,4635.43,2219.62,3290.87,3041.27,2878.91,632.75,243.2,0
3927,100000,2,1,2,45,-1,0,-1,-1,-1,-1,88843.2,95939.75,90702.75,75851.41,77292.24,69621.48,29752.98,42343.96,14480.66,33000.16,41838.11,23836.7,0
3928,100000,1,1,2,53,0,1,0,-1,0,-1,57932.22,59558.62,49497.68,38028.12,29479.93,32358.58,8137.35,20918.75,24644.62,7051.2,17385.19,6955.6,1
3929,100000,1,3,1,37,-1,-1,0,-1,-1,-1,13773.68,12209.01,11192.78,8360.41,8023.67,8359.79,6271.26,4393.63,2110.23,4259.06,3201.28,3227.81,0
3930,20000,2,2,2,53,-1,2,2,-1,-1,1,13236.25,10654.25,10265.36,10836.21,9468.19,7185.31,4752.68,3150.72,734.07,1083.84,4606.83,1595.25,1
3931,300000,1,2,1,45,0,2,-1,-1,1,-1,159145.65,162010.01,147460.31,128850.4,100129.88,108564.66,56264.24,12167.97,71228.79,57261.38,43374.58,46295.81,0
3932,20000,1,3,2,53,1,1,0,-1,0,-1,13392.76,12708.44,12372.6,13374.7,11483.66,10648.36,2331.6,1128.19,1663.85,8005.83,4035.14,4437.49,1
3933,100000,1,1,2,29,0,-1,-1,-1,0,-1,25058.83,27277.96,29883.4,24806.66,18398.89,17367.14,13895.57,4242.89,6140.33,7122.31,9301.36,1107.22,0
3934,20000,2,4,2,47,0,-1,1,-1,-1,-1,11692.78,9431.77,8240.87,7788.18,7500.53,6078.68,2799.56,1447.68,3886.85,3052.17,4059.98,2605.8,1
3935,50000,2,2,1,45,0,0,-1,-1,-1,-1,26567.77,25413.97,24635.1,22836.66,25103.86,20615.31,15373.71,2070.23,7804.26,3860.57,8333.57,3105.14,0
3936,100000,2,1,2,24,0,-1,-1,2,-1,-1,58199.26,60332.09,56796.47,43450.56,43159.72,32592.45,13847.96,19497.39,24465.05,13321.18,21412.7,16342.0,0
3937,50000,1,2,2,29,-1,-1,-1,-1,1,-1,34109.9,35369.64,36882.73,33103.07,34453.52,35550.61,18595.74,11668.23,2439.44,3625.78,9115.28,4104.34,0
3938,20000,2,2,2,35,-1,1,-1,-1,-1,-1,10707.47,10724.79,9592.95,8574.91,6776.81,6054.05,3824.56,4071.88,2250.94,3708.29,1208.45,1126.71,1
3939,20000,1,2,1,36,-1,0,-1,0,1,-1,7148.97,6564.98,6508.55,5874.35,4361.56,3223.32,609.44,3170.78,1596.03,2790.43,1328.71,1178.15,0
3940,50000,1,3,1,36,-1,-1,2,-1,0,0,17360.15,14238.32,14350.63,11778.71,8255.21,7245.78,9979.97,8042.09,2648.8,4400.45,1536.03,2034.43,0
3941,200000,2,1,2,33,3,-1,-1,0,-1,-1,131208.55,116844.85,127676.14,101778.35,100947.53,84412.35,30560.92,66768.89,32735.72,46574.12,26803.06,50249.33,0
3942,200000,1,1,1,34,1,0,0,1,-1,-1,126216.31,125628.87,106204.06,91781.39,94466.52,92200.91,62817.14,68447.56,26623.71,39411.36,38009.44,41101.51,0
3943,10000,2,1,1,42,-1,1,-1,-1,0,-1,4376.02,4513.07,4962.06,5304.95,4114.71,3187.38,1580.34,2066.43,2824.66,2958.13,594.86,545.54,1
3944,50000,2,1,2,41,0,-1,-1,-1,0,0,19141.56,20007.03,20334.4,18865.36,16814.95,18061.26,3528.53,8377.44,10513.19,5908.71,7539.48,8187.78,0
3945,20000,1,1,1,29,2,-1,2,-1,-1,-1,11922.05,12306.23,11529.72,10232.03,9556.82,9675.94,1515.83,1410.89,5784.4,3541.67,5188.66,2379.85,1
3946,10000,2,3,3,61,-1,0,-1,0,-1,-1,3497.29,3137.55,2758.12,2146.37,2325.11,1991.7,625.87,1289.57,142.85,546.65,605.44,124.38,0
3947,100000,2,1,1,24,0,-1,0,0,-1,-1,87061.17,87777.39,86777.66,92890.73,98982.28,76737.1,30448.05,11962.67,21784.84,22671.02,58004.86,15723.83,0
3948,100000,2,2,2,30,-1,-1,0,-1,-1,-1,57718.04,62954.43,53041.5,51125.29,36109.55,36362.41,19015.39,28963.0,7204.96,25550.39,15489.35,20637.78,0
3949,20000,1,2,2,55,0,0,0,-1,0,-1,11471.08,9646.61,10457.25,11455.21,8244.2,6161.97,2276.67,1341.9,2284.12,6424.98,3021.09,742.28,0
3950,20000,2,3,2,29,2,-1,-1,0,2,-1,4181.33,4262.49,3645.82,2798.24,3032.06,2228.41,570.42,1810.81,520.52,616.64,658.47,812.92,1
3951,10000,1,4,3,36,2,0,1,2,-1,0,5877.18,5424.61,5599.77,4794.21,3467.36,3370.1,1427.37,486.78,505.5,1345.48,204.77,1980.46,1
3952,200000,2,2,1,38,0,0,-1,0,0,-1,67188.02,58285.48,52663.49,43872.62,40924.42,31925.79,9233.95,12961.93,18657.59,10694.99,11349.84,10741.21,0
3953,500000,1,4,2,30,0,-1,-1,0,-1,-1,230731.76,206738.61,178777.97,148899.47,108951.23,104291.59,75772.64,52883.68,83645.43,77436.31,60080.45,24152.26,0
3954,20000,2,2,2,41,0,1,-1,-1,-1,0,10611.19,9018.89,9403.09,6705.9,6482.92,5459.42,3060.57,2006.86,3015.39,3831.03,3191.17,2070.23,1
3955,20000,1,4,1,35,-1,0,-1,0,-1,0,9647.23,10077.52,10746.17,9835.02,7609.19,5618.22,2863.87,2226.37,2233.22,5370.87,4493.57,1073.77,0
3956,200000,1,2,2,35,-1,0,2,-1,0,-1,149502.92,136980.32,109815.25,103613.55,73944.83,70232.04,28955.52,46962.45,11596.32,5934.25,36542.33,33471.29,0
3957,300000,2,1,1,31,3,-1,0,-1,-1,-1,53871.2,58250.16,63623.48,45736.74,37116.84,35578.68,5459.61,29298.64,33297.09,6632.09,16748.54,18659.87,0
3958,50000,2,2,2,60,-1,1,0,-1,-1,1,11693.16,12744.55,11808.8,12422.05,11335.58,10384.06,4354.99,6758.89,4739.14,6736.99,1108.46,2531.09,1
3959,10000,2,2,1,62,-1,1,-1,1,2,0,2255.92,2458.33,2037.52,1590.41,1453.63,1220.4,1321.29,222.26,272.02,538.95,855.94,579.81,1
3960,10000,2,2,2,61,0,-1,2,-1,1,0,7534.67,6379.7,5971.23,4532.47,4557.02,4855.72,3148.46,993.99,1273.97,1167.63,959.66,2473.53,0
3961,100000,1,1,2,57,3,0,-1,0,-1,0,19457.94,17588.34,14696.3,11346.79,8217.25,7987.95,10475.91,3871.44,7067.5,3106.85,1512.76,2191.78,1
3962,50000,2,2,1,40,0,-1,1,-1,-1,-1,43857.7,39169.99,34376.93,29862.39,21001.42,19358.06,4517.55,16689.22,16097.16,15028.53,1389.05,11079.98,1
3963,10000,2,3,2,54,0,-1,1,0,1,-1,8753.32,9425.61,9116.95,6682.27,6586.6,5877.98,730.27,2557.55,3784.7,3319.25,1784.01,2523.97,1
3964,100000,1,1,1,42,0,-1,-1,-1,0,1,89345.32,73794.11,66987.28,68966.18,74600.45,77376.16,42112.14,23040.69,6783.48,34861.69,40438.87,23301.41,0
3965,10000,2,2,1,38,0,-1,0,2,1,0,8837.51,8630.58,7494.39,7284.52,5660.68,6139.04,2651.92,4155.09,3032.65,3761.13,2678.7,2368.31,0
3966,200000,2,2,1,36,0,-1,0,0,-1,-1,43843.16,41458.6,35610.65,31653.25,24055.28,22200.58,22132.06,16709.94,13734.43,2791.74,8958.56,7177.93,0
3967,50000,2,4,1,25,2,-1,-1,-1,-1,-1,31296.69,34203.56,33894.93,30513.81,25545.61,18386.93,9840.64,12761.4,13064.4,14220.18,11769.51,2587.75,1
3968,10000,2,3,1,21,0,1,-1,-1,-1,-1,4197.52,4571.06,4904.32,4229.52,4148.71,3719.3,382.22,1686.66,2464.48,1632.55,327.94,1131.61,1
3969,100000,2,2,2,39,0,0,0,0,-1,0,68545.86,63555.69,51920.4,51206.25,51447.93,49297.7,20534.42,10146.84,5980.9,9706.22,7893.07,17583.86,0
3970,50000,1,2,2,30,1,2,-1,-1,1,-1,21236.72,19801.37,17291.9,18697.32,20093.56,20636.35,8841.73,2195.81,1114.72,7028.36,6178.08,2854.62,1
3971,500000,1,1,2,41,1,-1,-1,-1,0,-1,203295.45,186088.62,186018.41,171396.93,174956.82,144200.5,67921.4,42735.83,32943.03,73036.01,73126.43,77929.74,0
3972,100000,2,2,1,33,-1,0,-1,0,-1,0,82316.09,85341.34,93551.55,86568.88,61559.42,59749.46,13946.06,40335.54,10334.37,31521.1,22341.29,22595.15,0
3973,50000,1,2,2,44,-1,0,0,0,-1,-1,24781.87,20570.3,20660.91,18779.11,14695.61,10558.91,13834.96,10681.86,9708.3,4580.6,1976.96,3221.74,0
3974,100000,1,3,2,43,3,0,-1,-1,-1,-1,69180.66,57755.06,47115.83,50133.5,42223.03,35491.76,28777.06,28218.07,4386.53,9248.69,21192.41,17087.67,1
3975,50000,2,2,1,43,0,-1,0,-1,-1,-1,30996.69,31350.29,26762.46,25540.2,27551.87,22581.02,10525.52,4288.51,6686.21,2489.38,3434.09,10645.63,0
3976,300000,2,1,2,31,0,-1,0,0,0,-1,187850.03,151220.41,136748.61,143557.98,135266.65,99317.91,58459.39,83986.68,74412.54,11669.77,25441.4,26102.32,0
3977,50000,1,2,2,22,-1,1,-1,1,-1,-1,18964.71,18989.53,16088.32,15022.84,16502.99,16185.78,7337.28,4997.43,8745.35,3663.17,9419.93,4786.36,1
3978,100000,2,1,2,26,0,-1,-1,0,-1,-1,30195.87,25322.52,21642.73,21194.43,17528.82,14853.67,9225.46,12932.53,5346.06,3816.98,9918.26,4578.59,0
3979,10000,2,1,1,31,0,-1,0,-1,0,-1,8083.45,8373.29,7386.05,7107.29,7594.51,5978.07,1775.44,3302.24,2826.68,2289.13,1070.72,787.87,0
3980,50000,1,1,1,35,0,-1,2,0,-1,-1,5983.59,6114.58,5575.48,4885.7,4785.32,3631.34,1578.01,2973.93,882.57,1758.88,841.87,1629.49,0
3981,200000,2,1,2,29,-1,2,-1,-1,-1,0,47668.09,40740.88,37381.93,28219.49,29766.65,31596.59,7426.84,2715.86,3460.73,7303.09,12021.75,4658.81,0
3982,200000,2,3,2,32,-1,-1,2,-1,-1,0,41245.96,42362.89,40236.83,34956.12,37369.84,28233.27,19333.86,12246.61,18932.9,9056.65,19101.85,2534.11,0
3983,20000,2,1,1,56,2,0,-1,-1,0,-1,17190.19,17827.42,19226.35,20164.68,17769.32,18591.57,8481.65,6836.88,1038.16,9308.4,6337.91,7796.41,1
3984,20000,2,1,1,48,2,-1,-1,0,-1,-1,2080.42,2242.01,2461.73,2369.04,2484.61,2255.73,944.43,568.16,1245.3,126.17,507.34,214.9,1
3985,200000,1,4,2,43,1,0,-1,1,-1,0,21283.57,21652.48,17450.05,18800.98,20555.03,14644.56,6486.57,10483.42,4104.49,11257.95,4246.55,7713.94,0
3986,300000,2,2,2,47,0,0,0,2,-1,-1,84414.78,89503.33,84860.84,68863.36,66580.32,72126.22,14196.0,40096.6,10417.81,20143.63,4651.12,16744.52,0
3987,10000,1,1,2,44,0,-1,-1,0,-1,0,3232.7,3204.39,3286.5,2920.77,2347.18,2162.28,1873.14,847.24,1078.38,1089.39,124.58,384.9,0
3988,50000,2,1,1,34,2,2,0,-1,0,-1,27392.99,27054.82,22238.75,22179.31,17914.88,14816.42,12982.08,7884.28,13008.23,4081.99,2159.12,4226.35,1
3989,50000,2,1,1,55,1,0,2,-1,0,-1,43449.17,43562.28,47149.91,35503.11,35537.16,28688.81,20714.79,13952.01,21436.42,5870.05,21185.37,9055.13,1
3990,200000,2,1,1,47,1,-1,2,-1,0,-1,94406.8,87034.14,94111.18,69582.36,57854.93,47839.64,37144.8,30445.95,44048.99,29227.3,9136.88,6130.38,1
3991,10000,1,1,1,41,-1,-1,-1,-1,-1,-1,3310.24,2875.18,2479.89,2482.66,2146.06,1686.68,679.22,615.47,679.15,1452.33,755.61,911.45,0
3992,20000,1,2,1,33,0,-1,-1,0,0,-1,15072.01,13926.45,14423.95,13935.08,12689.4,10128.73,2270.51,2450.94,4291.42,7658.83,1834.58,1495.62,1
3993,200000,1,1,2,28,0,1,-1,-1,0,-1,81725.14,79928.58,77885.59,69501.81,73996.77,63018.63,9116.94,8952.34,40032.42,39094.76,38955.13,20847.01,0
3994,10000,2,2,2,64,-1,-1,-1,0,-1,2,2133.97,2148.92,1740.99,1265.17,1245.6,1131.33,838.29,273.3,167.56,416.83,515.63,430.55,0
3995,50000,1,3,2,64,0,-1,-1,-1,-1,0,36783.17,34466.24,30647.06,29146.61,23795.13,23563.75,5463.86,10587.67,2456.36,7211.39,10900.95,9612.84,0
3996,50000,2,2,1,64,0,-1,-1,1,-1,0,5096.58,4581.99,4027.63,3896.3,2935.75,2410.96,1306.19,1903.58,1728.32,1836.12,1464.36,795.84,0
3997,50000,1,3,1,54,0,-1,0,-1,-1,0,13204.59,11541.7,12279.4,10071.62,8217.64,6196.78,6613.15,4804.17,2454.92,3507.02,4076.58,1196.6,0
3998,50000,2,2,1,62,1,-1,0,-1,-1,-1,30405.33,25995.33,27795.51,20455.76,17048.0,12073.95,6368.12,7826.46,16666.76,10170.88,920.15,1072.49,1
3999,100000,1,2,1,43,-1,0,0,-1,-1,0,18196.99,17158.14,13903.93,12536.66,12449.51,10567.71,3568.95,6697.42,8299.24,5446.28,5223.08,6012.05,0
4000,20000,2,2,2,29,0,-1,2,-1,-1,0,6093.09,6165.71,6303.96,5639.03,4906.51,4986.82,2708.59,3560.39,2543.73,1410.11,2465.0,2440.86,1
4001,100000,2,1,1,21,-1,1,-1,-1,0,-1,41464.35,43494.21,36359.25,29742.55,32692.26,27185.07,13948.12,25672.74,11074.34,2605.53,2626.3,5486.78,0
4002,200000,2,1,1,56,2,2,0,-1,0,-1,83426.99,75384.09,78194.19,72370.18,51657.66,40647.55,29974.98,38796.22,4245.99,15353.02,17715.09,4311.1,1
4003,200000,2,2,1,36,-1,-1,-1,-1,-1,-1,175648.48,172723.8,181996.16,171699.61,144519.66,153862.69,21234.94,95500.1,69350.11,87027.53,20895.17,90388.98,0
4004,20000,2,2,1,45,1,0,-1,-1,-1,-1,12808.73,12082.64,9880.88,10563.04,7757.21,7485.06,2653.47,1507.65,980.12,3208.8,1295.71,3986.07,1
4005,20000,2,2,2,38,0,0,-1,0,0,-1,2592.34,2825.34,2536.81,2561.0,2158.13,2352.93,656.33,574.46,1388.21,1285.13,1107.49,907.49,0
4006,50000,1,3,1,54,-1,0,-1,0,-1,-1,13854.01,14750.61,13480.71,13799.62,12053.77,11141.72,8083.6,8477.04,1524.15,5985.91,3651.45,3725.65,0
4007,50000,1,2,2,58,0,-1,-1,-1,-1,0,29657.24,31575.53,34308.22,26563.65,28063.39,25716.04,2159.16,3841.13,3589.23,5841.67,4251.93,5345.24,0
4008,50000,2,2,2,23,2,-1,-1,1,-1,-1,33536.91,32656.92,29759.45,26285.36,22872.07,24902.78,17452.47,17341.96,13273.78,7692.39,10529.41,6053.09,1
4009,100000,2,2,1,40,-1,1,0,0,0,0,40447.7,37658.82,33019.22,25857.55,18364.07,17340.55,4807.97,10980.04,4427.71,10633.31,9922.06,9131.68,0
4010,10000,2,4,1,39,-1,-1,0,0,-1,-1,7852.57,7817.69,7707.53,5972.1,6462.26,5854.12,4658.59,4583.02,2869.87,3179.72,2736.01,2156.69,0
4011,10000,1,3,2,33,0,0,0,-1,0,-1,8547.42,7247.32,6143.32,5542.37,4201.69,3342.39,1334.42,3218.52,2995.55,397.34,2338.03,1815.43,0
4012,50000,1,3,2,37,-1,0,0,-1,-1,-1,29562.49,31480.86,31088.15,25244.73,25484.16,21742.44,6178.78,7409.7,1592.84,15037.22,5289.65,11455.0,0
4013,100000,1,1,1,34,2,-1,-1,0,0,-1,54991.17,48467.56,45441.85,35709.74,27857.42,25763.38,27836.28,5570.74,6080.97,9788.77,8023.28,7255.66,1
4014,20000,1,2,1,50,-1,0,0,-1,-1,-1,14012.89,14686.48,14971.87,14826.07,15854.01,14676.29,3459.85,2663.9,2215.07,1801.34,1711.24,1902.72,0
4015,100000,1,1,1,42,0,1,-1,-1,2,-1,72563.5,64548.89,62847.77,44845.74,35455.84,31278.6,29500.49,28228.61,22294.27,10412.59,3203.57,17791.72,1
4016,50000,1,1,1,63,-1,-1,-1,-1,-1,-1,13617.4,13026.48,11111.26,11120.68,11588.49,11307.74,5055.42,2951.68,5434.63,5423.16,3149.25,5566.07,0
4017,200000,1,3,1,63,-1,1,-1,-1,-1,1,97371.18,100456.18,108614.53,115073.17,99633.0,75996.77,41622.23,57461.52,56825.59,42100.2,42362.28,19086.51,0
4018,200000,2,1,1,49,-1,-1,0,0,-1,-1,91589.23,84090.05,78593.45,77171.15,67822.43,71009.55,46056.37,28939.12,6644.52,8563.0,31527.94,38140.13,0
4019,50000,1,4,1,22,0,0,0,0,1,-1,42658.67,38708.53,39613.09,30789.18,29301.54,29153.66,9156.51,13105.67,13058.87,8114.65,3896.16,7286.54,0
4020,20000,2,1,1,28,0,0,-1,-1,0,-1,3788.26,4039.65,3876.38,3854.55,3449.7,3551.92,2010.06,1995.32,2047.91,310.31,1336.96,1445.35,0
4021,50000,1,3,1,34,-1,0,-1,-1,-1,-1,42738.82,35074.58,37164.38,33477.88,27943.9,19956.05,25057.15,17133.46,3311.96,2902.14,9465.53,4441.48,0
4022,20000,2,1,2,54,1,-1,0,-1,-1,0,11161.51,11747.05,10585.36,10111.02,8058.91,8162.62,4687.79,5026.19,680.25,1733.63,3983.85,4483.39,1
4023,100000,2,2,2,33,0,-1,0,-1,-1,2,33044.24,35636.87,35339.63,30288.84,24427.77,24326.65,11940.78,20443.04,2680.82,7365.6,11011.58,1726.77,0
4024,200000,1,1,2,30,-1,1,-1,-1,-1,0,159094.95,154154.78,126995.16,98564.07,96733.38,68498.23,94008.27,56863.95,71407.91,42507.26,31439.01,29029.4,0
4025,100000,2,2,1,28,-1,-1,-1,0,-1,0,14033.99,14157.37,11656.07,8265.43,6145.34,5409.96,1409.01,7719.57,3142.01,490.84,1139.6,841.23,0
4026,200000,1,1,2,27,-1,0,-1,-1,-1,-1,71030.43,75181.05,79170.25,78890.9,72944.61,59952.48,18577.05,23211.05,6581.83,17624.19,38834.93,6138.22,0
4027,50000,2,2,1,33,-1,2,-1,-1,0,-1,35101.46,32667.47,34154.27,29737.06,25330.15,20321.38,6312.24,15323.72,20417.94,7334.07,3596.41,7513.15,1
4028,20000,1,1,2,46,0,-1,0,-1,-1,0,15243.07,16213.08,14718.04,11728.06,9866.22,7526.08,1447.35,2898.06,8461.12,2583.48,1904.37,3405.75,0
4029,100000,2,1,1,52,1,-1,0,-1,-1,-1,23399.83,21333.12,21392.94,20305.37,20025.09,16046.83,12298.45,11045.48,5986.35,2604.42,8427.41,9551.47,0
4030,50000,2,1,1,39,2,1,0,-1,-1,0,42670.78,38059.83,39913.17,40592.53,36585.69,36763.1,10183.52,9287.76,4261.18,21248.95,12460.83,4339.26,1
4031,100000,1,2,2,35,1,1,-1,-1,1,-1,14297.8,15655.52,13200.05,12032.29,8794.13,9349.28,1800.49,7033.78,6057.41,2727.22,944.58,1652.5,1
4032,50000,2,3,2,22,-1,-1,0,-1,-1,-1,22342.19,18082.53,19807.98,19898.05,21168.09,17790.42,5823.03,4110.41,1643.71,10236.73,6701.39,10476.11,0
4033,10000,1,3,2,57,-1,0,-1,0,-1,-1,1779.58,1594.27,1699.1,1419.48,1503.53,1224.11,460.72,915.55,671.57,219.29,172.71,215.12,0
4034,500000,2,1,1,39,3,2,-1,-1,0,0,89079.1,83517.45,84125.02,80862.38,70361.8,57504.42,10635.02,12935.77,39445.96,36185.5,7732.71,22518.67,0
4035,20000,2,2,1,53,0,-1,-1,-1,0,1,16622.38,14848.19,14298.34,13532.34,9547.1,8723.41,5697.04,5046.75,2386.05,2169.27,1821.8,3639.95,0
4036,500000,2,2,1,59,-1,-1,0,2,0,0,411586.02,364109.1,389042.51,299298.21,216722.01,155660.06,43703.34,97220.14,221319.56,71309.02,31316.27,77062.89,0
4037,500000,1,1,2,53,-1,0,0,0,0,-1,296103.34,269810.61,275692.37,274415.62,246051.7,228792.17,47783.37,92853.23,164776.6,115965.83,146518.03,57293.96,0
4038,200000,2,2,2,21,0,-1,-1,-1,-1,-1,174606.2,160536.13,156589.33,157229.86,115182.1,123022.12,78172.64,28397.67,38730.72,55250.75,66438.3,14974.15,0
4039,100000,2,2,2,59,0,0,0,-1,-1,-1,49284.26,40486.1,43217.96,41604.89,36499.58,32739.51,10696.14,13239.9,25067.29,8183.68,16364.84,2490.94,0
4040,100000,1,1,1,48,2,0,-1,0,0,-1,72628.44,74994.14,64733.88,55140.92,42783.79,36768.07,29401.73,9188.1,11484.88,29484.23,21893.91,3628.37,1
4041,200000,1,1,2,37,-1,-1,0,0,1,-1,35563.1,30245.49,26413.76,24260.39,24769.58,17732.23,5898.86,5356.46,12972.57,7517.56,13475.12,6344.26,0
4042,50000,1,1,1,26,-1,1,2,-1,-1,-1,20824.7,16916.04,18252.98,15976.7,13532.74,12437.72,7102.03,7097.39,8350.19,7726.99,4619.05,3111.24,1
4043,50000,2,2,1,64,0,-1,-1,-1,-1,-1,25603.68,25017.7,20517.74,14386.75,12248.81,9242.44,2731.05,7701.92,1492.33,7541.11,6057.66,4656.81,0
4044,100000,1,1,2,40,-1,-1,-1,-1,-1,0,72251.97,72293.73,58836.09,41451.21,29429.27,26034.08,5329.73,23372.44,11330.64,12330.47,16080.38,7115.4,0
4045,50000,2,1,2,33,0,-1,-1,-1,0,0,18379.26,18895.41,19605.55,15268.18,14680.44,12090.44,6479.71,10627.15,5128.07,3560.33,1141.31,4064.93,0
4046,50000,1,1,1,32,0,0,0,0,-1,0,44213.45,36535.14,33765.74,35967.45,36305.04,29201.5,21136.88,6147.87,1959.98,12746.88,17913.26,16723.17,0
4047,50000,1,1,1,50,-1,-1,-1,-1,0,-1,34393.2,29286.41,31479.28,29985.79,24150.26,26154.97,15029.7,10351.75,17979.61,2859.1,2309.04,8962.51,0
4048,100000,2,1,1,41,0,-1,-1,-1,-1,-1,52637.43,44988.96,40049.49,34280.18,32453.68,32942.97,25009.14,15401.44,6685.77,14606.22,18475.27,16079.44,0
4049,200000,2,3,1,22,-1,2,-1,-1,-1,-1,72922.39,71324.81,63205.88,59592.96,57135.23,42726.29,23085.38,21029.9,35323.57,27703.71,23991.21,20061.86,0
4050,20000,2,1,1,38,0,2,-1,-1,0,-1,12272.78,13094.03,14235.37,10328.58,9831.42,8125.69,5315.21,6632.25,4156.02,1119.52,5889.86,1547.97,1
4051,300000,2,2,1,48,0,-1,0,-1,0,0,191535.13,193819.78,187255.17,138895.41,136023.44,133485.83,18172.37,70119.4,22483.71,29576.98,36928.01,46229.48,0
4052,100000,2,2,1,24,-1,-1,0,-1,-1,0,64334.56,57541.62,56627.43,41472.18,42052.59,43289.93,32766.02,28841.64,16168.84,19569.49,21982.85,5706.39,0
4053,200000,1,2,3,62,0,0,0,1,-1,2,113791.88,120158.31,128500.09,131946.62,132371.49,120537.94,26902.12,62844.55,49755.71,29562.5,76238.8,21385.0,0
4054,100000,1,2,2,63,-1,0,-1,0,-1,-1,42038.74,42078.17,38469.8,42315.13,39336.69,41701.61,22307.74,3752.45,11966.34,16408.85,8326.9,24178.38,0
4055,200000,2,1,2,26,-1,2,0,-1,-1,-1,150664.82,151649.29,132595.83,104674.65,112582.82,95091.06,55422.89,85804.32,29810.36,39839.34,58948.88,13518.3,0
4056,10000,2,3,3,58,-1,-1,-1,-1,0,-1,3066.19,3333.59,3237.99,2891.76,2926.99,2138.03,321.98,1565.85,1612.36,557.02,748.62,1237.0,0
4057,200000,2,2,2,29,-1,-1,-1,-1,0,0,120061.87,130280.27,120249.54,90554.57,95656.72,102984.6,33660.28,41218.24,69235.3,42665.19,26791.8,44917.96,0
4058,10000,1,3,1,40,1,0,-1,2,-1,0,4773.37,4370.99,3711.31,3906.92,3528.46,3053.89,2350.91,2189.74,380.01,1256.91,1867.39,1606.34,1
4059,200000,1,2,1,50,-1,0,0,0,-1,-1,162854.04,161347.72,134818.98,102777.31,100741.35,71448.99,29869.89,28467.65,47475.6,11931.53,34921.68,11976.06,0
4060,500000,1,4,2,57,0,0,0,-1,0,-1,286221.96,246324.36,250668.93,228099.76,238417.18,235479.87,42997.49,123328.72,56421.57,24169.31,64980.86,61823.61,0
4061,50000,2,2,2,58,2,1,-1,-1,1,-1,39226.84,36228.87,29354.85,27374.52,25072.59,20075.94,2334.56,12896.19,13524.6,15180.48,3348.06,10241.53,1
4062,20000,2,4,2,24,-1,0,0,0,-1,0,17253.06,15217.61,14582.47,13011.16,13656.68,10056.86,7395.26,4478.95,5820.59,3385.19,3966.3,4848.76,0
4063,200000,2,2,2,58,-1,-1,0,-1,-1,-1,40323.86,36703.16,32992.27,23899.92,23663.16,24553.51,10342.89,13359.93,2151.97,8477.15,10688.48,10902.71,0
4064,50000,1,2,1,33,-1,0,-1,1,0,-1,27207.7,27279.03,23058.22,22462.24,22496.22,17930.14,3980.43,12114.34,9207.85,9040.49,9659.98,3831.79,0
4065,200000,2,2,1,55,-1,-1,-1,2,-1,0,161436.13,139331.25,148694.32,156767.54,167888.23,154012.05,61423.62,28220.79,66671.73,70266.78,80650.52,47746.65,0
4066,20000,2,3,1,50,-1,-1,-1,0,0,-1,15953.18,13625.59,13927.56,10250.89,8529.96,8060.02,2059.04,1411.84,6599.59,2842.38,3971.14,2490.5,0
4067,20000,1,4,1,62,0,2,-1,-1,0,0,5134.55,4691.96,4841.77,4799.28,4501.08,4852.19,2303.12,2574.68,2614.66,1528.42,1118.37,2766.57,1
4068,500000,2,1,1,24,-1,0,0,-1,0,0,242546.8,201178.35,187250.04,192578.38,155808.24,133776.13,89931.38,115232.47,106718.82,87019.71,79653.3,54297.31,0
4069,100000,1,2,1,45,0,-1,1,-1,-1,-1,27847.72,29077.7,28917.9,22130.41,20175.71,18169.49,5178.47,11444.3,5689.75,9115.05,1439.27,4328.74,0
4070,200000,1,1,1,51,-1,-1,-1,0,2,-1,163490.83,177804.38,147073.2,161432.77,141650.73,116249.26,86799.21,58827.99,60858.34,62908.62,9300.95,38566.26,0
4071,50000,2,2,1,32,-1,-1,-1,-1,0,0,5129.17,5336.4,4492.09,3680.0,3249.33,2880.75,1833.54,425.07,1600.56,969.12,1871.16,1550.04,0
4072,100000,2,1,1,35,-1,-1,-1,-1,0,-1,27472.0,26357.25,23636.41,19474.52,15256.94,10723.0,3321.48,7344.56,11859.45,11317.43,8117.55,4793.05,0
4073,100000,2,1,1,46,-1,0,-1,-1,0,-1,42722.72,42818.46,40135.15,37202.93,35350.23,36887.23,19025.43,10154.86,2847.66,5636.0,9595.89,14206.6,0
4074,100000,2,3,2,30,-1,0,0,-1,-1,0,27690.93,28844.91,23887.78,24547.57,24995.1,18155.96,6174.52,7524.58,6577.08,2801.81,12839.48,6306.67,0
4075,100000,1,1,1,32,0,-1,-1,2,-1,-1,87886.51,72108.11,69908.26,61761.68,49870.28,39818.17,41848.96,32134.62,16668.34,12800.25,20324.21,13093.59,0
4076,100000,2,2,2,42,0,-1,-1,1,-1,-1,29522.13,27320.88,23822.18,21876.85,16398.24,16195.58,7995.14,6794.36,9745.06,4121.15,2353.4,4847.18,0
4077,50000,2,2,2,60,-1,-1,-1,0,-1,0,19492.6,16434.87,16966.83,16064.02,12885.65,12326.67,1784.5,7972.81,4749.01,9292.53,3877.01,6656.53,0
4078,50000,2,1,1,41,0,-1,0,1,-1,0,11962.87,9895.96,7918.16,8053.01,8069.86,8075.53,4744.5,5887.33,2110.3,439.73,684.54,575.37,0
4079,200000,2,1,1,55,-1,-1,-1,-1,0,-1,168267.11,172926.74,183271.83,175703.42,127448.59,114971.09,37132.98,60605.93,47012.58,93834.61,29849.98,24944.04,0
4080,20000,1,2,2,27,-1,0,-1,0,-1,0,8580.42,9073.12,9252.53,7102.75,6727.16,7207.74,4874.07,1838.93,4664.86,1942.62,1102.18,3171.15,0
4081,100000,1,1,2,38,1,0,0,-1,0,-1,30947.84,25536.26,24613.17,23137.81,23783.9,25639.0,15673.64,14729.86,7774.16,8378.22,11934.21,13637.19,1
4082,20000,2,3,2,47,2,2,-1,-1,-1,-1,5937.9,5068.83,5176.6,4064.37,4148.35,4161.48,1452.56,2293.58,1396.28,1753.57,1889.78,2424.47,1
4083,100000,1,4,1,55,1,0,0,-1,1,-1,56849.28,49245.48,44782.56,39157.18,42877.69,35531.95,3654.07,8551.45,23564.19,2925.62,3584.29,20369.33,1
4084,100000,2,1,2,22,-1,0,-1,0,-1,-1,88211.63,93247.27,79146.03,82810.92,84135.46,60279.9,30494.3,55660.07,4035.96,27710.9,29099.83,15478.02,0
4085,20000,1,1,2,52,3,-1,2,-1,0,0,17586.75,18889.42,15163.17,11364.96,8568.43,7880.66,7125.94,1050.95,3416.51,815.88,3849.64,4189.85,1
4086,10000,1,2,2,35,0,-1,-1,0,0,-1,8853.45,9114.56,8791.6,7426.81,6229.97,4383.55,3767.37,3343.18,3697.86,772.87,2447.11,1541.33,0
4087,20000,1,2,1,44,0,0,-1,0,-1,-1,8186.29,8504.84,7548.75,6979.78,5491.64,5622.1,1982.08,3627.01,811.44,2757.47,437.62,1429.53,0
4088,100000,2,1,2,40,3,-1,-1,-1,0,0,83153.53,75071.57,64847.33,67978.85,57819.55,54073.88,10631.44,11285.75,23911.79,13676.11,9167.04,29665.19,1
4089,200000,1,1,2,30,1,0,1,-1,-1,-1,91102.49,84041.53,89092.68,90123.94,86047.28,81535.78,32585.14,6574.37,26465.61,11555.22,22493.62,31331.6,1
4090,10000,2,2,2,44,0,-1,0,0,-1,0,5084.54,4495.48,4574.37,3977.85,3245.66,2350.41,1617.42,243.05,1912.03,307.25,390.77,1112.01,0
4091,100000,2,4,1,44,1,2,-1,-1,0,-1,51592.0,56107.02,61552.36,55380.06,41618.53,38885.88,30788.29,31382.53,21046.68,27260.6,5433.56,7327.03,1
4092,50000,1,2,2,44,-1,-1,-1,0,-1,0,7543.68,7681.7,7669.95,7965.02,7850.97,6060.13,2761.45,2846.34,1204.98,3172.15,2060.7,1622.33,0
4093,50000,2,2,1,60,0,-1,-1,-1,-1,-1,12082.71,10903.49,11651.57,12243.5,9144.4,7873.78,1811.39,1571.25,1433.18,828.43,2924.58,604.57,0
4094,300000,2,4,1,54,-1,1,0,0,-1,-1,242662.53,204007.02,170448.03,155350.55,167648.31,138757.17,60381.69,79280.49,37252.41,61907.66,14547.92,16641.08,0
4095,50000,2,2,2,61,3,-1,0,0,-1,-1,40854.26,35071.05,35661.25,27803.37,26341.77,21034.36,13980.01,1802.06,20271.82,2967.53,11888.23,8565.74,1
4096,50000,2,2,1,60,0,1,-1,-1,0,0,13079.74,11264.6,9303.06,8365.84,8414.05,7394.51,6679.63,2878.39,1539.98,1924.96,2933.73,1271.78,0
4097,10000,1,2,2,31,1,-1,0,-1,-1,1,3421.1,3367.88,2789.85,2987.16,3075.91,3090.59,1076.01,1590.87,847.23,1233.56,1779.89,860.94,1
4098,10000,1,4,2,46,0,0,-1,-1,-1,-1,7638.47,8179.94,8649.06,8166.78,7817.28,6201.36,3744.78,857.49,4952.1,1687.38,1597.25,1716.29,0
4099,50000,2,2,1,21,1,-1,2,-1,-1,-1,13166.72,13964.67,12680.28,12798.06,12552.32,11349.7,1786.04,5335.3,2042.9,5977.34,2427.86,5359.44,1
4100,10000,1,3,2,50,-1,-1,1,0,-1,-1,8046.6,6605.57,5911.52,4182.3,4249.79,3581.13,2092.95,1477.3,1090.78,1402.05,1005.58,1295.87,1
4101,100000,2,2,2,63,0,0,0,-1,-1,-1,75855.28,76819.94,65691.41,62652.85,55237.05,53119.74,25449.52,8005.25,20561.54,11722.54,19290.55,22447.68,0
4102,50000,2,2,1,38,1,-1,1,0,1,-1,37302.01,31718.12,29988.93,28171.39,19751.01,18305.67,2350.27,15971.72,3231.97,10031.62,4305.36,2141.12,1
4103,100000,1,1,2,46,-1,-1,-1,0,-1,1,81339.67,72645.07,62552.84,55597.96,60423.59,58008.07,38033.86,25538.61,5884.14,3823.92,13108.15,22257.54,0
4104,20000,2,1,1,29,-1,0,0,0,-1,-1,16190.73,15593.97,14991.33,14566.0,11610.39,12689.17,8220.58,7565.76,3243.82,4244.74,6069.11,4949.23,0
4105,50000,1,2,2,29,0,2,-1,-1,-1,-1,41688.32,43867.59,43785.62,45770.97,34780.25,31399.46,9516.28,25560.11,5631.82,10483.05,3597.56,10776.1,0
4106,100000,1,1,1,21,-1,-1,1,-1,-1,-1,80363.38,69998.4,69751.54,74752.32,79811.94,59149.5,46367.77,10567.03,19855.29,20945.0,25930.89,6249.18,0
4107,300000,1,2,1,27,-1,-1,-1,0,0,-1,175661.36,186578.55,169673.58,136200.19,124826.79,89616.72,79376.14,23381.24,18602.84,52601.87,58021.3,42499.65,0
4108,10000,2,1,1,64,-1,0,-1,0,1,-1,2261.8,2307.99,2333.87,2104.98,1705.59,1228.28,1144.98,1360.49,870.73,595.89,982.85,429.29,0
4109,200000,1,3,3,62,-1,0,0,-1,2,0,117462.49,117730.18,103581.98,84997.87,91177.73,76668.68,48178.64,20993.22,33244.46,30167.84,48773.6,26693.74,0
4110,100000,2,1,2,36,1,2,0,-1,0,-1,85376.93,71705.65,74739.11,64832.41,67564.78,66878.94,42741.17,20422.2,28093.3,7214.69,11262.99,34598.37,1
4111,100000,2,3,2,58,2,-1,-1,-1,-1,-1,87414.0,82367.4,65896.76,59276.06,52300.73,54185.81,51632.16,42005.64,35945.31,13065.26,15865.9,9955.34,1
4112,100000,2,2,1,31,0,0,-1,0,-1,-1,68277.09,60257.17,65678.48,66605.57,72098.74,67601.13,35315.99,10647.35,15754.15,18813.83,26661.22,22220.86,0
4113,10000,2,1,2,45,-1,-1,-1,0,-1,0,6550.68,6396.37,5949.08,6344.08,4677.42,4172.23,2034.06,2822.81,1175.63,504.49,1069.73,1907.12,0
4114,10000,2,2,1,49,1,-1,-1,-1,-1,0,8507.48,8525.17,7674.35,7175.1,7713.54,8011.71,3402.31,4115.75,2807.52,4101.72,1736.23,4417.42,1
4115,100000,1,1,1,39,0,-1,-1,0,-1,1,33302.18,27294.81,26949.38,29561.48,26136.67,18888.68,12282.59,8816.72,5008.6,16208.04,3969.32,9776.47,0
4116,50000,2,1,2,38,1,-1,-1,-1,-1,-1,11039.26,10964.81,11663.59,10809.41,9561.72,7930.83,3638.82,3487.75,1009.93,2521.71,743.16,3768.36,1
4117,300000,2,2,1,49,0,0,-1,0,2,-1,99600.18,94563.85,85653.23,87583.05,77189.43,55803.94,47149.98,16623.1,7050.37,34597.73,36917.3,29608.02,0
4118,50000,2,1,1,36,-1,-1,-1,0,0,-1,42957.94,45174.89,37089.16,28022.36,24441.11,26211.67,12513.23,17810.86,3205.69,8700.78,7243.11,5170.77,0
4119,20000,2,4,2,60,0,1,-1,0,-1,-1,5396.92,5601.89,5076.15,3568.95,3265.41,2402.29,1189.15,899.02,916.69,1282.83,1729.04,709.24,1
4120,100000,2,1,2,28,0,0,0,0,-1,-1,27979.03,25849.59,20719.12,14727.45,16171.69,17527.2,2048.67,5026.99,9352.36,1721.65,2515.98,10322.28,0
4121,50000,2,2,1,54,2,-1,-1,-1,-1,-1,12717.96,13898.97,11890.75,12566.18,8869.11,8801.07,1251.13,5253.73,1601.45,4378.43,2254.84,512.9,1
4122,100000,2,2,1,26,0,1,-1,0,-1,-1,48783.97,47616.69,38836.28,28346.42,25512.57,22905.58,8385.01,9648.38,7447.74,5371.67,6261.78,13617.95,0
4123,100000,2,2,1,50,-1,2,-1,0,-1,-1,73711.08,80278.26,73557.01,69523.05,56553.66,46659.12,9925.25,24493.07,38462.36,26840.63,21656.5,5025.06,0
4124,300000,2,2,3,64,0,0,0,0,-1,-1,121644.51,123563.96,101066.02,94043.2,72280.59,66124.62,7997.12,70764.72,29336.86,44402.73,23015.11,36415.73,0
4125,200000,1,2,2,54,0,-1,1,-1,-1,-1,36019.36,33219.4,36381.15,36827.41,39406.72,37715.27,15591.2,12526.98,2645.81,20111.51,15133.78,13545.18,0
4126,100000,2,2,2,41,-1,-1,-1,-1,-1,0,69216.17,60227.31,62309.66,51429.53,43910.24,39190.82,32407.59,27884.27,11594.16,3521.71,10761.52,8344.58,0
4127,100000,2,2,2,32,0,-1,1,-1,-1,-1,58786.35,55236.98,51141.71,43025.73,39521.67,42169.6,14397.4,24118.22,11025.26,14543.7,22441.19,24145.12,0
4128,300000,2,1,1,26,-1,-1,-1,-1,-1,0,144996.0,156713.77,162532.02,136745.84,146612.18,110797.56,85901.1,89956.65,24675.95,37533.62,82586.4,42321.77,0
4129,50000,2,2,3,59,-1,-1,-1,-1,-1,-1,43563.95,36553.12,33819.26,25951.87,23142.92,17388.66,16266.58,3975.58,19676.5,4506.72,11060.69,9365.39,0
4130,10000,2,1,1,26,-1,0,-1,-1,-1,-1,4763.4,4468.52,4442.26,3478.99,2836.35,2869.84,500.2,674.92,1215.32,679.07,1695.14,747.61,0
4131,50000,1,1,1,24,-1,-1,-1,1,0,0,34301.16,31010.46,32451.05,25280.2,18674.85,17260.95,8598.62,13246.82,8683.36,12713.28,3076.3,7074.17,0
4132,20000,2,2,2,29,-1,-1,0,0,-1,-1,4536.0,4808.99,4834.58,3666.08,3443.72,2969.99,1680.01,2478.96,2841.32,1670.42,991.59,724.28,0
4133,100000,2,2,1,25,1,-1,-1,-1,-1,2,43322.86,45108.52,37230.46,37542.88,39969.55,41095.95,24935.3,20776.25,13102.06,20527.36,15880.1,24470.31,1
4134,100000,1,2,2,30,-1,-1,0,-1,0,-1,26981.37,26054.33,21183.36,19996.01,14643.17,15750.58,11480.12,3418.59,2020.55,9631.97,3869.94,5569.71,0
4135,100000,2,2,1,28,0,-1,-1,2,-1,-1,37851.14,34994.15,33978.32,31522.08,27688.02,25192.94,2076.61,14833.8,9987.0,2561.54,4853.98,11034.37,0
4136,10000,2,1,2,43,0,-1,-1,-1,-1,-1,4837.73,4863.15,4177.1,4054.42,3915.97,3631.85,2023.19,1923.37,1712.15,451.56,288.94,793.92,0
4137,100000,2,1,1,24,-1,0,-1,2,0,-1,23959.74,26018.47,28496.16,23878.23,17676.69,12762.56,9829.86,8984.56,10361.73,10113.99,10076.79,6043.59,0
4138,50000,1,1,1,57,3,0,-1,0,0,0,37121.81,30824.04,24809.91,24612.64,18003.8,16192.24,19451.14,11104.28,12773.28,10146.12,3182.89,4654.03,1
4139,100000,2,2,2,27,0,-1,0,-1,-1,-1,40080.88,42872.45,43925.3,35553.57,27795.72,19676.24,4905.58,16459.99,25457.34,19225.57,8594.91,10741.27,0
4140,100000,2,2,2,26,1,1,0,0,1,-1,81726.98,72595.56,59000.81,60598.43,45601.83,39325.17,40368.59,10857.1,4856.33,20589.19,2836.85,13780.89,1
4141,50000,2,1,3,62,0,0,-1,-1,1,-1,31986.27,25629.48,25200.48,23844.63,20294.84,22051.29,17003.97,5968.0,4798.24,8745.43,7017.63,5739.58,0
4142,20000,1,2,2,35,0,-1,-1,-1,0,0,4825.69,4933.31,4568.31,4699.24,4060.49,4080.89,2369.98,1908.25,2488.96,1585.24,2072.92,2054.37,0
4143,10000,2,2,2,55,3,-1,-1,0,-1,-1,6135.77,6359.9,6295.32,4544.38,4004.05,3979.08,1691.85,595.85,3334.35,1925.15,1208.96,1518.16,1
4144,200000,2,2,2,52,-1,-1,2,0,0,-1,23719.62,21144.33,21748.79,22559.92,20223.8,20505.81,10201.51,9315.76,1280.17,6031.58,11151.11,9880.32,0
4145,300000,2,2,1,34,0,-1,-1,0,0,-1,223770.45,231274.41,187323.05,138725.94,100340.56,104341.33,111796.78,106392.83,68879.12,53757.44,16825.06,45464.27,0
4146,100000,2,2,1,55,0,-1,-1,0,-1,-1,87937.94,91403.18,87416.01,84569.95,81625.75,58532.34,50183.35,11800.01,19732.79,27056.44,13178.97,18182.38,0
4147,20000,1,2,1,31,3,0,0,0,0,-1,12844.12,12877.4,13942.39,11030.88,10959.03,11526.7,3002.13,2655.86,4765.52,6290.54,4156.0,4742.68,1
4148,50000,2,1,2,30,-1,1,-1,0,-1,0,42059.76,34135.37,29538.53,21228.71,16025.4,16183.19,6898.63,6045.37,5050.72,5957.46,7942.46,7556.0,0
4149,100000,2,1,1,37,0,-1,2,0,-1,2,33583.93,33591.5,27653.89,22226.66,17576.55,17111.93,15654.91,5557.94,12116.86,2675.96,926.03,7423.31,0
4150,200000,2,1,2,33,-1,-1,0,0,0,2,87774.2,94771.72,97737.08,84183.39,68375.91,58960.08,9088.18,23851.25,22699.17,42290.66,12958.14,13393.9,0
4151,20000,2,2,2,54,2,-1,2,-1,0,-1,8793.56,8671.28,8865.8,6716.48,5819.66,4773.38,3161.47,4032.35,3574.25,2198.04,1086.5,1275.51,1
4152,10000,2,3,2,25,0,2,0,0,0,-1,1896.24,1725.72,1582.57,1170.87,1007.68,782.74,992.19,472.32,144.68,162.0,334.08,448.82,1
4153,100000,1,2,1,30,1,-1,0,-1,0,-1,73715.45,71433.55,74939.09,82245.75,64338.22,53828.17,12721.89,24584.16,43433.96,46077.67,25050.38,11864.45,1
4154,50000,2,1,1,52,2,-1,0,-1,-1,-1,24802.66,27231.92,26228.98,19192.57,13998.83,14717.14,6533.45,3198.73,4966.33,2247.61,4878.42,7311.29,1
4155,50000,1,2,3,32,0,-1,0,-1,-1,0,24617.11,23183.77,21853.21,16962.62,13844.65,10003.93,12390.17,8994.12,5992.67,1485.77,2551.08,1522.0,0
4156,10000,1,3,1,33,0,0,-1,-1,1,-1,6347.75,6680.79,6991.82,5601.38,5666.84,5612.84,2070.7,4005.25,1814.44,1104.3,2997.47,1490.62,0
4157,100000,2,3,1,41,0,-1,-1,-1,-1,-1,23678.98,19927.29,16528.53,13666.64,9885.63,7256.66,3499.7,8987.25,6244.16,5605.87,4704.41,1712.96,0
4158,200000,2,2,1,53,0,0,-1,-1,0,0,149624.98,122235.27,105998.75,79764.75,67517.89,50417.34,14388.24,38712.47,11485.09,8898.83,26985.92,19593.41,0
4159,300000,2,3,1,61,0,-1,-1,-1,-1,-1,117809.21,108036.27,100823.84,104443.08,81164.17,63299.63,41996.61,33408.14,23551.22,60802.98,20666.74,35486.2,0
4160,100000,2,1,1,52,-1,-1,-1,-1,2,-1,16371.28,13773.67,11371.96,12166.44,11984.0,11618.97,1014.37,7677.19,6077.01,4188.73,2761.73,5200.38,0
4161,100000,2,1,2,32,-1,-1,-1,-1,0,-1,25226.02,22682.18,24922.31,22918.17,19081.17,19855.18,5977.53,6222.14,6698.36,8377.55,8740.31,2628.37,0
4162,10000,2,1,2,55,3,1,-1,0,-1,-1,3022.82,3067.04,2742.11,2541.43,2182.86,1651.79,1168.72,1378.62,495.45,1455.5,256.87,739.03,1
4163,100000,2,2,2,56,-1,-1,-1,0,0,-1,24235.63,22627.51,24535.54,26928.06,28727.95,22797.13,1284.6,8722.54,13413.5,8273.25,1971.21,1378.57,0
4164,50000,1,1,1,58,1,0,0,-1,0,-1,14689.04,13166.73,12407.47,13071.53,12345.78,11776.19,7747.82,5197.06,4606.05,5658.08,7189.63,4886.84,1
4165,100000,2,2,2,48,-1,-1,0,0,-1,-1,89668.15,95716.38,103120.57,88990.28,91618.02,80849.87,51678.25,9193.89,28769.63,6214.31,52420.31,43105.84,0
4166,50000,2,2,2,33,0,-1,0,-1,-1,-1,26509.07,21282.24,19834.95,19905.53,19387.28,18483.65,7313.64,8857.26,11225.69,1399.17,11022.25,4633.82,0
4167,20000,2,1,1,32,-1,0,-1,-1,-1,-1,11646.82,12161.71,12701.9,10239.12,11099.23,8472.31,842.9,4902.54,5512.81,4696.18,3897.42,3767.49,0
4168,10000,1,3,1,42,0,-1,-1,0,-1,0,2328.21,2296.5,2354.67,1697.13,1576.0,1392.93,474.93,1051.63,984.88,959.89,162.66,553.93,0
4169,50000,1,1,1,64,-1,-1,-1,1,0,-1,6760.83,5502.88,5965.5,4228.73,3382.85,2828.68,2803.51,2325.55,1373.07,1893.57,1099.78,285.19,0
4170,10000,1,2,2,22,0,-1,-1,0,-1,-1,3482.81,2821.93,2797.2,2561.05,2504.05,2190.26,255.99,1506.65,1000.99,345.72,621.09,482.88,0
4171,20000,1,2,2,49,0,-1,-1,-1,0,-1,14317.04,12191.97,10584.16,9524.55,9792.21,8015.35,7441.84,7297.93,3262.84,4811.19,3608.86,3406.01,0
4172,500000,2,1,2,33,1,-1,0,-1,-1,-1,273512.73,299010.07,287818.27,218824.14,237868.73,180137.66,134519.62,46359.53,77576.4,82166.83,129597.52,11865.46,0
4173,50000,1,2,1,55,0,-1,0,-1,-1,-1,5431.33,4484.72,3784.04,3940.19,3731.75,3607.54,1653.79,2415.75,202.87,338.74,1145.33,1269.46,0
4174,100000,1,3,2,33,2,-1,-1,-1,-1,-1,73101.55,74684.69,67250.65,62756.06,64562.58,62471.27,34631.13,15733.07,14237.23,16478.31,32246.81,21864.15,1
4175,200000,1,3,1,54,1,-1,2,-1,-1,1,36639.94,33726.25,34965.9,29812.29,29342.65,23642.96,5258.99,6546.1,20583.74,14189.31,9380.13,11343.36,1
4176,500000,1,3,1,39,-1,0,0,-1,-1,-1,226152.36,196977.28,158407.24,142938.65,144370.15,134389.19,130296.49,34172.61,75905.38,23368.95,82770.34,78934.24,0
4177,100000,1,1,2,29,-1,-1,0,-1,-1,0,89957.89,87484.17,86282.07,63759.41,59876.99,64947.23,29128.49,30655.24,33495.46,32057.44,18529.47,5010.0,0
4178,200000,2,2,1,51,-1,0,-1,-1,0,1,39418.72,35889.02,36172.4,38340.92,31302.54,28637.17,23329.04,12195.64,10101.74,14033.09,13810.07,2883.43,0
4179,50000,2,1,2,53,-1,-1,1,-1,0,-1,37601.05,33579.8,35928.28,29325.34,21555.31,17796.02,12767.47,17387.2,3316.29,8734.78,6500.57,3901.22,0
4180,50000,1,1,2,47,0,0,-1,-1,0,-1,36968.32,32232.19,33100.52,25482.16,25175.48,20730.07,16275.61,9394.69,12750.3,1306.91,6838.28,7587.5,0
4181,50000,2,1,2,22,2,0,-1,-1,-1,0,22801.64,21373.01,19681.26,17130.24,17675.08,18249.51,11169.1,10278.97,3932.34,3302.11,8161.68,1104.67,1
4182,100000,2,1,1,35,0,0,0,2,-1,-1,89061.22,75780.54,78029.21,63396.34,63932.87,57244.74,43204.94,44396.92,28627.6,31720.85,29396.2,12030.01,0
4183,100000,1,3,2,39,1,0,-1,0,-1,2,34637.47,36562.77,36110.98,29721.42,21276.04,17133.78,15767.05,5735.68,20613.73,3232.45,3605.99,1987.25,1
4184,50000,2,1,3,51,-1,-1,1,-1,-1,0,17631.29,17234.99,16821.78,17322.85,12506.99,11911.09,2207.2,1654.88,8113.03,5714.84,3440.97,4704.86,0
4185,20000,2,2,2,36,-1,-1,0,-1,-1,0,4438.31,3634.38,2987.9,2745.3,2034.96,2128.37,1219.88,880.94,1727.92,184.11,111.35,941.29,0
4186,100000,2,2,2,63,1,0,-1,-1,-1,-1,39580.35,37091.26,35678.26,38272.35,39411.96,39056.67,13773.02,21402.45,18222.54,7376.37,2370.07,2425.05,1
4187,20000,2,2,2,35,-1,-1,-1,-1,0,-1,6742.62,6667.63,7068.54,7635.06,7209.41,5295.59,2963.9,3204.22,694.08,1075.38,935.12,2989.14,0
4188,100000,1,4,2,26,2,-1,-1,-1,0,0,58359.13,61772.15,57513.29,63070.19,59026.24,49385.11,15625.44,18521.54,5940.38,17616.1,27718.03,22481.37,0
4189,100000,2,1,1,34,-1,-1,-1,-1,2,-1,13258.62,10700.29,10820.64,8143.73,6395.54,6555.97,4725.63,1082.8,4571.14,3074.38,584.92,1516.57,0
4190,100000,2,2,2,47,1,-1,-1,-1,0,-1,34820.69,32622.9,34943.08,36995.66,27029.86,23443.06,9857.73,6947.63,14362.0,10778.07,15334.88,10484.89,0
4191,200000,2,2,2,58,1,0,-1,-1,2,0,20753.06,20996.95,20162.34,16489.6,16793.79,18463.95,9181.94,11291.56,5220.86,8268.68,2627.46,5550.69,0
4192,200000,1,1,3,39,0,-1,-1,-1,-1,-1,21009.65,18043.89,14912.15,14191.9,14636.98,12247.88,1966.08,2430.44,1185.35,2035.46,7867.79,5180.86,0
4193,50000,2,2,2,57,1,-1,0,1,-1,0,37811.98,32760.45,26741.52,28108.88,22502.3,23919.9,16743.55,13427.17,11835.09,10981.75,12888.14,6747.1,1
4194,100000,2,3,1,63,-1,2,-1,-1,-1,-1,69985.27,66269.2,68874.33,50770.72,52313.24,46233.32,35782.1,25659.31,7418.51,26525.81,14913.07,13548.78,1
4195,100000,2,1,2,24,-1,-1,0,2,2,0,69531.27,74075.02,59986.76,45634.34,37656.58,40458.21,3961.16,16356.91,23963.22,17351.33,12709.04,6225.25,0
4196,20000,1,1,3,46,-1,-1,-1,0,-1,-1,7658.16,7041.53,7743.4,7691.3,7881.96,6845.66,2634.44,2638.88,592.01,2287.46,1784.33,3607.14,0
4197,10000,2,1,1,29,-1,0,-1,-1,-1,0,6593.95,6233.56,5225.3,4382.48,3188.13,2829.09,1238.48,2839.32,784.0,1994.8,1736.75,1562.17,0
4198,50000,2,2,1,61,0,-1,0,-1,-1,0,15261.42,15119.91,15611.93,15018.93,12584.24,11531.21,4393.1,1246.73,5559.15,1511.55,4158.7,3107.62,0
4199,50000,2,2,2,60,2,1,-1,-1,-1,2,17376.05,15520.9,16457.05,12270.41,12370.61,8856.32,7994.3,7580.79,6229.1,7129.32,7296.87,2328.36,1
4200,100000,2,2,1,35,-1,-1,0,-1,-1,-1,54998.75,58305.59,52004.43,56630.68,46182.86,33880.68,26204.78,17675.47,21821.76,13372.73,26920.89,4641.34,0
4201,200000,2,2,1,61,2,-1,0,-1,-1,0,131939.41,143623.68,138235.92,124481.66,89143.62,92872.72,35741.07,24725.84,15329.81,19948.75,51140.77,21205.32,0
4202,20000,2,3,1,57,2,-1,0,-1,0,1,6251.63,6220.95,6754.16,7079.83,5381.64,4337.93,627.34,2156.16,1989.28,4088.41,1323.58,2130.53,1
4203,20000,2,2,2,24,0,0,-1,-1,0,-1,12868.55,12759.72,13864.03,13447.88,14586.57,13870.44,4957.2,1051.85,1713.74,710.05,1390.07,3870.25,0
4204,300000,2,3,1,46,2,2,0,-1,-1,-1,260998.35,261537.37,282207.61,304980.37,286710.98,230515.8,53115.61,134145.28,159444.09,147387.01,119847.42,111188.06,0
4205,20000,2,3,1,38,1,0,0,-1,-1,0,9901.38,8497.06,7498.42,6960.03,5364.68,4510.8,1127.92,5061.68,3815.88,1953.28,2845.23,2345.12,1
4206,50000,1,2,2,61,0,0,0,1,0,-1,21284.29,21703.84,17750.77,14600.98,14003.47,13187.44,4749.85,9174.0,6401.31,7241.92,3430.95,3147.09,0
4207,100000,2,2,3,55,0,-1,0,0,-1,-1,28599.95,25857.02,21482.97,20310.15,19280.93,16108.29,10558.94,5816.94,6163.55,10612.36,11173.25,9562.52,0
4208,100000,2,3,3,61,0,1,-1,0,-1,-1,38491.9,42264.33,35610.36,39127.01,33771.31,33444.58,21157.47,22865.78,8141.38,8735.42,18605.01,12611.04,1
4209,10000,2,3,1,61,-1,0,-1,-1,0,-1,5230.56,5364.73,5372.8,5513.24,5329.71,4832.01,881.51,1188.54,2590.52,2972.27,2112.16,1134.7,0
4210,10000,2,1,3,49,-1,-1,-1,-1,-1,0,8552.86,8340.15,8679.85,7655.5,5701.23,5716.61,4021.26,2075.19,2867.59,4550.97,651.02,648.08,0
4211,20000,2,1,1,44,0,0,-1,-1,-1,1,6172.04,6626.74,5401.44,5545.17,4594.53,3609.35,3235.71,3692.62,306.12,3171.49,2485.32,815.21,0
4212,100000,2,4,2,24,-1,1,-1,1,0,0,28517.06,31112.46,33200.78,32574.36,23291.75,22313.18,3746.64,12174.26,12074.73,11095.92,2737.83,2939.09,0
4213,100000,1,1,2,41,3,0,-1,0,-1,-1,86846.87,90791.66,92988.01,100007.49,106586.52,87969.89,4607.87,23524.58,48481.15,16007.79,35988.48,41483.87,0
4214,20000,2,3,1,59,0,-1,-1,-1,-1,-1,11693.5,12008.98,11517.64,9742.99,10300.23,8665.12,6664.63,3520.26,4418.16,4814.82,623.97,1681.03,0
4215,100000,1,2,2,27,-1,2,-1,0,0,-1,68821.61,56309.63,61771.0,44237.53,34575.25,26783.31,7161.23,23879.41,5484.66,25121.74,4668.31,6421.06,1
4216,200000,1,1,1,43,-1,-1,1,0,0,-1,152751.32,154554.52,135939.33,99856.98,98165.62,73762.65,21193.44,63220.69,50942.46,57802.42,35344.78,16619.39,0
4217,10000,2,1,2,60,0,0,-1,0,-1,2,1654.32,1490.09,1289.53,1298.51,1331.27,1401.22,453.77,372.51,596.32,687.91,67.67,534.48,0
4218,50000,2,1,1,41,-1,-1,0,0,0,0,24392.53,26318.9,23698.62,23141.88,19968.7,21536.46,5177.8,3044.85,10810.79,3890.87,2661.03,5270.27,0
4219,100000,2,1,2,21,-1,1,-1,-1,-1,-1,21208.17,20858.85,19981.87,19849.01,20380.51,17474.75,12507.84,5872.91,6951.03,8040.62,3492.82,2256.13,0
4220,50000,1,2,1,61,3,-1,0,-1,-1,0,29972.55,27310.87,25018.16,24194.64,21701.58,21819.01,15109.44,11429.1,11611.57,13487.13,1595.36,8601.17,1
4221,50000,1,2,1,45,-1,0,-1,-1,-1,-1,43149.28,38907.43,40808.07,36027.13,36707.4,37493.04,17559.35,7634.39,4686.2,11455.54,13538.44,12341.44,0
4222,100000,2,4,3,51,0,-1,-1,0,-1,0,14500.28,14013.79,14971.59,10887.86,10919.87,8263.51,935.9,7516.46,2902.08,5433.89,5134.03,3860.0,0
4223,200000,2,2,2,64,-1,0,2,2,-1,-1,63856.75,60501.04,65946.15,68202.87,63071.5,67841.86,11695.42,14317.03,11532.01,7332.91,4455.82,12931.85,0
4224,200000,1,2,3,58,2,2,0,0,-1,0,179949.05,165060.51,172566.7,133275.63,120340.33,123142.52,28118.62,26835.74,41719.39,63233.76,33567.97,64511.8,1
4225,100000,2,2,1,25,0,1,0,-1,-1,-1,10439.0,9004.01,8845.85,9694.58,7921.55,8047.08,2019.58,2531.33,3540.04,830.2,2760.67,2091.79,0
4226,100000,2,2,1,51,0,-1,-1,-1,0,-1,21164.47,21988.65,21638.7,16924.97,14632.83,15654.15,12108.94,3973.67,7199.04,5982.72,4935.41,6148.29,0
4227,50000,2,2,2,21,1,-1,0,0,-1,-1,8230.85,7654.88,6552.18,4805.96,4117.25,3463.24,2252.41,2297.18,2010.66,1372.4,1303.95,2061.17,1
4228,100000,2,1,2,50,0,-1,-1,-1,-1,1,71125.06,59010.24,51867.86,44099.21,32690.93,34478.31,37745.52,5829.94,18677.82,6653.22,3352.67,14803.99,0
4229,50000,1,1,1,38,-1,-1,-1,-1,0,-1,35037.17,28927.43,31796.39,26396.65,24011.21,26393.14,10867.8,8406.25,8599.32,7665.09,4486.59,8824.03,0
4230,20000,2,1,2,28,0,0,-1,0,-1,-1,14441.36,12584.7,11054.27,12056.35,11238.03,8906.57,5993.27,5741.3,6418.42,5375.37,6296.23,1765.37,0
4231,100000,2,1,1,46,-1,0,-1,-1,-1,-1,71988.5,69517.06,65350.35,56059.13,60970.12,45640.64,40874.28,14269.69,3747.05,26281.34,9191.62,12294.12,0
4232,100000,1,2,1,60,0,-1,-1,0,-1,-1,76817.62,64864.3,59389.3,42679.71,34705.15,25803.95,28441.79,38355.51,13044.9,23771.64,16702.77,2528.57,0
4233,50000,2,1,1,35,0,-1,0,-1,-1,0,35915.17,31048.85,31249.97,34213.6,29416.29,25033.09,8840.62,4706.62,18502.03,14834.29,3849.2,4718.33,0
4234,300000,2,3,2,39,1,0,0,-1,0,-1,146051.15,138823.22,125030.99,126854.99,116801.78,119547.49,45280.37,33154.5,69775.33,75856.68,53470.83,28332.68,0
4235,10000,2,3,2,30,-1,-1,-1,-1,-1,-1,6963.88,6026.04,6055.47,6656.04,6930.36,6932.66,2143.51,1931.88,3078.03,1380.63,2934.02,3550.98,0
4236,50000,1,4,2,44,-1,-1,2,0,-1,-1,28904.66,30564.35,33261.36,27507.65,22093.75,17209.49,14163.63,15706.48,4499.25,3715.04,13161.54,1736.7,0
4237,10000,1,3,2,36,3,-1,0,0,-1,-1,3932.18,3841.75,3364.28,2513.44,1994.98,1823.19,922.69,1110.72,1661.03,260.27,268.43,502.25,1
4238,200000,1,1,1,63,2,-1,-1,-1,-1,0,153851.94,127042.93,115761.91,99448.46,90771.89,76667.26,11326.97,57753.82,11659.91,36947.53,18316.79,25417.4,0
4239,100000,2,2,2,51,3,-1,-1,-1,-1,1,73043.17,61499.85,55513.0,41966.62,31534.81,32567.07,30694.01,3582.86,5157.71,10093.3,16192.22,18780.12,0
4240,50000,2,1,2,64,0,2,-1,-1,-1,-1,11939.66,10250.82,9124.33,6922.97,6774.62,6921.42,6212.17,656.79,862.57,1120.15,2414.35,1773.28,1
4241,100000,1,3,2,36,-1,-1,-1,0,0,-1,11954.28,11822.4,10416.55,11052.67,11538.04,11815.59,3893.58,837.87,3857.55,1846.96,2668.19,6960.66,0
4242,50000,2,3,1,36,2,0,1,-1,0,-1,17638.99,14670.26,14509.08,15924.61,11335.17,10316.2,2239.84,920.33,6231.05,3835.02,1504.96,3341.36,1
4243,200000,2,3,2,48,-1,0,-1,-1,0,-1,84602.8,68780.97,66334.63,72820.21,56653.3,57955.54,10975.92,11174.25,12658.84,31123.48,20204.64,25564.47,0
4244,50000,2,2,2,40,-1,0,-1,-1,0,-1,11974.3,12196.28,11618.18,10170.34,9475.17,9412.1,6473.96,4607.26,4753.53,3872.96,2988.86,948.04,0
4245,50000,2,2,3,55,-1,-1,-1,0,-1,-1,39205.05,36987.53,38473.56,30614.05,31566.65,28722.63,3537.94,17928.47,11618.44,14876.06,5856.61,12306.37,0
4246,300000,2,1,3,29,0,-1,-1,-1,-1,0,38059.34,40138.82,33875.52,26043.97,23336.18,23548.6,12429.96,14538.16,19832.36,5857.69,9236.98,2439.55,0
4247,50000,2,1,2,60,-1,-1,-1,-1,-1,-1,24344.76,25266.38,21499.61,18335.81,18587.77,15813.44,5644.89,2393.17,5144.24,8119.56,7908.09,5435.95,0
4248,20000,2,2,1,30,1,0,-1,-1,-1,-1,2887.64,2547.05,2429.68,2282.87,1983.59,2007.24,581.46,1113.04,1034.45,1206.4,703.86,470.31,1
4249,100000,1,2,3,38,-1,0,2,-1,-1,-1,52930.98,45397.72,41135.7,41030.21,35081.4,33304.5,7659.69,16076.58,4950.75,20970.97,14600.27,7565.37,0
4250,300000,1,4,2,35,-1,1,-1,-1,2,-1,141275.82,134903.27,114956.02,104212.83,80521.2,84124.64,30353.48,30205.47,9462.0,42984.11,15344.29,8079.89,0
4251,50000,1,1,2,50,0,-1,-1,-1,0,0,36206.09,29834.95,30049.45,31164.17,23704.64,25054.22,16063.16,4392.98,11847.4,16118.56,12978.62,10766.59,0
4252,10000,2,3,1,52,-1,-1,1,-1,-1,-1,6517.4,6451.3,6121.14,6536.56,6524.21,5581.41,2468.05,609.99,1159.71,644.2,516.35,1978.51,1
4253,50000,1,2,1,60,3,-1,0,1,-1,-1,38758.21,31148.19,26808.36,28263.15,21698.86,17687.63,3699.64,10032.86,14830.43,8830.79,3118.46,4705.49,1
4254,100000,1,3,2,47,3,-1,-1,0,0,-1,53547.72,55739.51,49012.96,41547.42,35859.41,29119.05,24879.18,28575.01,2875.23,8491.21,6181.38,17097.15,1
4255,20000,2,3,1,47,-1,-1,-1,-1,-1,-1,15158.99,16177.82,16451.48,17771.2,16313.97,13547.89,3713.59,1704.78,9342.28,5669.23,9369.86,903.36,0
4256,100000,1,3,1,39,2,0,-1,-1,-1,-1,67530.84,74206.95,66655.8,71270.32,57426.65,41363.4,11444.76,8040.09,4083.08,8526.8,11927.83,16783.5,1
4257,500000,1,1,2,30,0,-1,0,0,-1,2,361800.35,326789.72,281482.14,243386.93,251409.03,269634.37,180754.57,65673.04,114329.8,26979.4,141421.06,83851.19,0
4258,50000,1,3,1,64,0,1,-1,-1,-1,-1,29027.09,28114.99,30636.35,26608.4,22933.96,17191.13,11603.71,7282.11,15753.87,2941.87,7161.58,8935.94,1
4259,50000,2,1,1,26,0,-1,0,2,0,1,33783.05,35772.48,29562.85,21616.86,18389.31,19330.5,15111.68,21325.38,8468.99,2171.96,8181.0,9236.45,0
4260,50000,1,1,1,44,2,-1,0,1,-1,0,21068.6,19775.87,16692.3,17940.85,13837.25,12384.72,4595.81,6855.24,6894.78,5708.3,2806.42,1685.29,1
4261,20000,2,2,1,29,-1,0,-1,-1,0,-1,3359.71,3019.63,3065.48,2254.31,1776.21,1883.03,1551.83,1526.21,648.49,260.83,775.82,478.24,0
4262,200000,2,3,3,47,-1,-1,-1,-1,-1,1,86653.66,70592.19,65489.32,58708.35,47936.07,51437.15,17458.61,12283.52,20013.8,30035.99,25343.6,22551.88,0
4263,50000,2,2,1,27,0,1,2,-1,0,-1,11936.02,10959.91,11243.55,11114.99,9333.61,9599.46,5061.22,6033.41,1632.59,2309.23,3429.88,2662.18,1
4264,50000,2,3,1,26,-1,0,0,0,-1,-1,30175.17,24854.3,24005.12,25250.16,24758.26,21361.07,5128.29,11410.71,4222.85,14567.45,13667.99,9122.13,0
4265,100000,2,2,2,53,-1,0,0,0,0,1,31059.39,28229.84,22924.46,21283.06,23379.92,20223.31,12381.08,6601.97,12421.85,7703.91,6169.63,10646.54,0
4266,50000,1,1,2,41,0,2,-1,-1,0,0,43325.66,39119.15,39324.31,38263.79,34537.79,37527.76,13044.11,18186.81,17327.64,15241.85,13508.32,16802.44,1
4267,100000,1,3,1,58,1,-1,-1,0,-1,-1,31695.49,31510.21,32825.1,32301.61,31724.74,26480.69,4311.7,16939.4,16843.77,12676.94,6444.73,9196.12,1
4268,10000,1,1,2,64,-1,-1,-1,-1,-1,-1,1785.06,1624.09,1568.55,1108.01,883.62,763.86,672.26,402.32,430.08,258.52,116.33,371.5,0
4269,200000,1,3,2,37,-1,1,0,-1,2,-1,160899.75,147263.69,131398.65,141515.6,152672.49,124632.69,9060.23,74719.88,15792.2,74763.95,21255.28,66363.29,0
4270,300000,1,1,2,51,1,-1,0,-1,-1,-1,129458.72,114688.15,92284.57,77885.29,79766.7,72227.9,55608.03,33813.76,50940.3,46413.02,23468.92,19635.33,0
4271,100000,1,2,2,57,-1,-1,0,-1,0,2,38462.93,37785.77,40506.52,31230.88,30419.83,28721.56,21915.89,17379.93,23543.17,4338.32,17202.76,14969.04,0
4272,300000,2,2,3,31,1,-1,2,-1,0,0,242493.21,222318.99,225007.7,200107.17,165159.88,159415.27,131636.25,47111.1,116686.1,64165.88,35253.62,78455.14,0
4273,20000,2,1,1,48,3,-1,0,0,-1,0,12455.28,13508.7,10988.5,10915.91,7997.45,6105.21,7303.87,5808.05,3952.23,3567.57,811.56,1683.93,1
4274,50000,1,2,1,25,3,0,0,-1,0,2,26286.86,28063.63,29527.92,30441.39,33098.61,27757.65,7650.08,14925.88,9614.47,14621.69,9783.6,2274.48,1
4275,100000,2,1,1,32,0,-1,-1,0,-1,-1,36170.3,31507.05,25707.18,25394.7,25142.82,27616.55,18310.32,9886.88,13937.71,7281.8,3224.64,15062.59,0
4276,100000,1,1,1,23,-1,-1,-1,1,-1,-1,33399.53,30767.37,31180.97,26817.33,20237.14,14745.4,4272.21,14712.45,8621.03,11331.19,3350.93,2623.45,0
4277,50000,1,1,2,61,-1,-1,-1,-1,0,-1,28180.45,27909.21,28138.62,27368.19,25198.9,21391.05,1672.84,9943.05,10491.35,6767.17,13894.37,11382.72,0
4278,50000,2,2,2,58,0,-1,-1,-1,0,-1,25055.79,20167.24,21676.64,18918.28,17866.49,14020.28,3439.28,10426.78,6022.1,1590.66,7208.88,6133.94,0
4279,20000,1,2,1,22,3,1,-1,-1,-1,-1,6416.04,5570.56,4732.91,5181.34,4546.01,3694.39,1885.7,1005.06,441.09,1569.13,1528.27,2196.18,1
4280,50000,1,2,1,46,-1,0,-1,-1,0,-1,12361.93,10946.6,10620.18,11667.18,10368.69,9195.92,1724.45,688.18,5706.91,5426.2,1799.59,1509.32,0
4281,20000,2,3,1,22,-1,-1,0,2,-1,-1,15088.15,13891.95,13383.66,10705.83,9832.19,10762.61,4523.46,5815.51,5985.23,4347.67,996.87,2249.39,0
4282,100000,2,2,3,32,1,-1,2,0,0,0,65019.75,69362.66,56218.0,50221.29,51255.97,52535.06,11681.38,33113.82,17166.2,17047.7,29126.15,5300.35,1
4283,20000,2,2,2,60,-1,-1,0,-1,-1,-1,17892.69,14831.22,14705.04,13684.61,14022.29,11165.67,3021.9,1382.2,2048.32,7559.79,4832.63,6632.26,0
4284,10000,1,2,2,22,-1,-1,-1,-1,-1,-1,5126.4,4202.37,3682.15,3514.6,3810.66,2876.97,2848.85,1732.46,542.52,1107.06,463.13,1124.27,0
4285,100000,2,2,2,61,2,0,-1,0,-1,0,89551.03,89490.63,80518.97,70338.86,54073.71,50963.34,30097.85,14830.26,33434.13,17540.34,16437.18,10086.8,1
4286,100000,2,2,2,36,-1,-1,-1,-1,-1,-1,46866.12,42617.63,37179.88,33823.19,25167.81,26439.55,19731.27,25331.52,21023.44,9062.07,9767.18,8357.41,0
4287,200000,2,1,2,50,-1,-1,-1,-1,-1,0,105593.08,90104.29,73595.11,67833.06,64049.06,49965.0,28438.88,43301.07,21024.73,30392.59,27422.36,29186.46,0
4288,100000,2,3,1,56,0,0,0,-1,0,-1,26728.56,27010.33,22958.47,19633.61,19271.06,14994.23,3763.71,3647.29,6764.09,4533.92,1930.17,3614.89,0
4289,50000,2,2,2,24,1,0,-1,-1,1,0,10980.36,9584.56,8263.74,6843.83,5721.29,5570.48,4862.3,2983.3,3529.62,2751.99,2508.27,2755.11,1
4290,200000,1,1,2,31,-1,0,-1,-1,-1,-1,170435.12,165269.56,160839.95,153416.82,167828.72,137431.59,50100.44,79860.18,83681.51,40223.34,80038.03,16732.94,0
4291,100000,2,2,2,44,0,0,-1,0,-1,-1,88497.26,81649.95,68625.71,60172.13,62367.07,44691.94,45378.95,27513.37,33768.47,22062.34,15728.15,20106.77,0
4292,10000,2,1,3,38,0,-1,0,-1,-1,-1,5380.48,4887.44,5259.93,5727.33,5138.86,4218.94,510.78,2875.18,2330.52,1009.82,2148.87,1097.13,0
4293,100000,2,1,2,47,0,-1,0,-1,0,-1,31780.32,32299.69,28085.74,23880.63,23634.18,18535.57,8293.41,9300.47,5406.56,3804.74,2464.49,2903.17,0
4294,300000,2,1,2,57,-1,0,1,-1,-1,-1,258336.68,254209.15,253071.16,196974.68,173578.71,144253.74,35829.48,136710.01,36539.07,68392.73,103574.89,77088.96,0
4295,50000,2,2,3,22,-1,-1,2,-1,-1,0,36869.92,35179.53,29806.71,25951.35,20238.14,20760.07,15918.99,3545.88,1608.15,5125.07,1815.1,7316.69,0
4296,50000,2,2,1,35,0,-1,-1,-1,0,-1,12192.33,10222.36,10616.33,10221.09,7806.33,7566.88,2872.03,3597.86,6192.06,1062.67,1261.79,1940.76,0
4297,20000,2,3,2,31,1,0,0,-1,-1,-1,6773.45,6608.8,5428.83,4759.57,3883.77,3153.22,1889.47,3948.11,1565.98,929.23,1815.07,858.71,1
4298,20000,2,1,2,47,1,0,0,-1,-1,0,2067.3,2083.48,2127.81,1732.62,1833.62,1583.26,500.76,881.78,339.17,463.1,1059.73,142.68,1
4299,50000,2,2,1,43,0,-1,0,0,-1,0,28280.1,29536.86,27113.35,24350.32,20704.91,16265.08,14490.89,3975.77,3181.31,5487.08,3936.83,5221.78,0
4300,100000,1,2,2,55,1,-1,0,0,2,0,52111.7,46370.11,43571.94,38290.98,40691.16,37494.85,18759.04,19166.63,5762.05,14718.25,4239.24,16833.81,0
4301,10000,1,1,2,50,-1,0,-1,2,0,-1,2311.11,2032.15,1849.04,1992.63,2030.97,1605.48,1016.18,577.02,433.28,491.49,259.41,807.06,0
4302,300000,2,2,2,44,2,-1,1,0,0,-1,111438.38,114183.31,105118.78,74377.7,70120.79,75092.62,50986.29,49931.36,54897.41,11559.43,29855.99,38098.76,0
4303,200000,2,1,3,39,2,-1,-1,0,-1,-1,170275.29,160098.98,128334.95,110109.01,116602.04,94204.72,74749.79,38950.04,74904.31,60632.36,38544.9,48427.2,0
4304,100000,2,1,1,49,0,0,-1,0,1,-1,61919.49,57074.7,46107.5,38564.11,29917.47,29462.99,35263.19,18373.1,15166.89,14195.92,16028.38,15215.96,0
4305,200000,2,2,2,33,-1,-1,-1,0,0,-1,158079.94,134081.23,139200.57,109881.93,80267.53,68835.99,64619.54,22718.69,31341.59,19290.8,8465.17,21194.79,0
4306,10000,1,2,2,43,0,-1,0,0,-1,-1,7706.49,7168.94,6194.29,5689.44,5690.29,6017.09,3135.73,993.16,907.49,1321.91,1853.81,1734.09,0
4307,50000,1,1,1,32,0,-1,0,-1,0,-1,41826.38,42572.48,41814.23,39540.55,41998.65,34698.24,20711.71,9119.33,8700.74,14367.65,16249.08,3852.83,0
4308,100000,2,1,1,61,-1,0,0,0,0,-1,13323.26,12459.45,12409.59,8737.37,7455.06,5266.01,786.11,5939.43,4845.55,1057.16,3909.66,1107.68,0
4309,200000,1,1,2,49,0,0,-1,-1,0,-1,61995.34,65827.84,66446.25,64483.68,45258.65,33601.97,5086.63,32016.15,37867.13,16850.7,16046.58,5847.41,0
4310,200000,1,1,2,26,1,0,-1,0,0,-1,86491.69,69302.57,67861.25,57890.18,58268.35,42369.64,16139.86,24182.78,21723.46,8827.58,8763.21,16343.7,0
4311,50000,1,1,2,43,1,-1,0,0,0,-1,30603.91,26135.43,25838.43,27626.72,23371.54,19258.21,4586.22,3991.62,3278.88,6920.22,12593.7,4392.53,1
4312,300000,1,2,2,51,-1,0,-1,0,1,-1,175950.42,173202.95,168777.86,168340.01,157271.41,152390.28,23624.69,85738.73,96271.04,48760.0,82751.52,52284.12,0
4313,20000,2,2,1,41,-1,1,-1,0,-1,-1,5937.7,5947.17,6413.74,5807.79,4551.91,4126.09,2101.42,3133.08,3717.24,2046.96,2413.75,1063.66,0
4314,200000,1,2,1,44,0,-1,-1,-1,2,2,50848.63,44884.62,44856.59,48472.13,47140.5,37693.82,8024.6,4770.74,24327.47,3028.83,17574.19,20338.77,0
4315,500000,2,2,1,28,1,-1,-1,1,0,-1,224964.71,243539.47,220617.65,215093.76,196328.69,215864.55,130836.87,67664.98,115281.05,92728.45,113836.81,61225.3,0
4316,20000,1,2,3,64,0,0,-1,2,-1,0,6009.91,5404.07,4901.44,5015.28,3567.1,2590.71,908.25,1907.8,2340.85,2766.01,1268.37,1323.71,0
4317,100000,2,1,1,29,0,1,-1,2,-1,-1,87208.95,80525.0,66343.1,71819.46,50449.37,47890.8,12347.77,39719.18,7920.43,15520.6,6647.64,3479.65,0
4318,10000,1,1,3,42,-1,2,1,-1,-1,-1,8723.67,9534.22,10464.15,11051.56,9671.14,9870.88,3185.73,3791.52,2406.44,1183.7,2608.42,671.6,1
4319,50000,2,3,3,24,0,-1,0,-1,0,1,9534.11,8997.88,9602.81,6993.43,5353.99,5799.47,1426.75,2489.07,4463.22,3819.28,2696.76,2620.14,0
4320,100000,2,1,3,33,3,2,0,-1,-1,0,66407.5,65335.69,53112.73,41645.01,44237.6,37237.86,27618.47,19926.35,27960.83,11854.2,26016.65,16396.39,1
4321,100000,1,1,2,54,0,-1,-1,-1,-1,-1,28258.23,27185.93,28777.23,27391.05,20317.14,18855.77,14754.74,7774.13,5038.83,11732.7,10300.86,1185.48,0
4322,300000,2,1,3,23,2,-1,0,-1,-1,-1,202183.71,172513.56,145174.86,110966.84,109465.94,87646.05,58568.28,20663.41,56834.52,43011.45,27342.33,27893.4,0
4323,100000,2,2,1,57,0,2,-1,-1,1,-1,71368.53,78323.42,68275.68,60485.32,50806.48,36248.28,17301.81,37777.91,5630.67,31473.76,2813.9,2799.22,1
4324,50000,2,2,1,48,1,1,-1,1,0,-1,6926.68,5664.1,5688.09,5074.18,5449.61,4943.22,2973.41,483.01,2962.1,1614.0,806.59,700.28,1
4325,200000,1,4,1,46,-1,0,-1,0,-1,-1,131255.73,143731.42,146471.56,129661.82,97657.69,91433.46,64723.94,61420.78,35314.37,56550.17,6869.17,52989.3,0
4326,300000,2,3,2,54,-1,1,0,1,-1,0,245231.28,230615.18,219482.21,225847.36,228351.95,184988.32,53109.99,30947.99,34706.88,17118.75,114633.42,43858.49,0
4327,10000,2,2,1,35,-1,0,-1,-1,1,0,2730.42,2339.65,2550.97,2285.1,2476.34,1963.57,1355.17,656.45,1302.79,126.69,541.29,605.05,0
4328,500000,1,2,2,28,0,-1,-1,-1,-1,0,96227.07,81800.63,77455.75,81133.54,87850.58,71367.84,45389.63,9539.65,11137.54,38767.45,37977.45,30363.41,0
4329,10000,1,1,1,55,-1,2,-1,-1,-1,-1,5534.6,5516.19,4840.5,4886.16,3921.05,3567.11,1746.66,2069.73,1468.51,2312.61,1077.18,1983.97,1
4330,200000,2,1,1,44,0,2,0,-1,0,-1,102793.48,104154.71,83606.86,80010.15,65495.26,63673.85,31034.01,56839.23,8574.8,10715.26,13102.64,8395.68,1
4331,50000,2,1,1,57,2,-1,0,0,-1,-1,40430.8,43245.12,45848.05,42693.68,32438.41,32057.68,4348.7,16642.48,13513.57,16629.88,10980.82,5602.78,1
4332,20000,2,1,2,24,0,-1,0,-1,-1,0,9217.37,8027.93,7374.39,5847.12,4964.52,4025.41,905.36,2136.95,4116.97,1368.19,1584.04,1440.27,0
4333,50000,2,1,2,32,-1,-1,-1,-1,2,-1,21541.98,20033.25,20729.64,20879.41,20312.28,21175.65,9938.08,11336.02,8944.6,3298.14,10210.6,8756.33,0
4334,100000,2,1,2,39,2,0,2,-1,-1,-1,67117.6,73249.31,75604.72,77251.21,54408.23,48646.75,24952.31,15607.59,44712.44,43723.96,23554.61,14073.95,1
4335,50000,1,1,2,35,0,0,0,0,-1,-1,8097.12,7517.37,6112.15,5474.99,5256.66,4832.2,2583.24,1434.24,1811.72,3086.15,1160.33,1977.78,0
4336,10000,1,4,3,50,0,2,-1,-1,-1,0,1456.35,1365.87,1429.35,1126.54,796.61,630.38,109.68,605.64,770.51,474.65,393.02,35.48,1
4337,100000,2,2,2,57,2,-1,0,2,0,0,50393.42,44676.75,39616.86,39776.98,38462.8,32819.1,4068.51,25746.18,21836.55,23744.62,14575.52,5207.97,1
4338,300000,2,4,2,32,3,0,-1,0,-1,0,51367.58,54515.66,57370.6,58520.97,60637.76,43698.86,28583.4,26064.95,5722.56,8621.05,14357.07,22302.19,0
4339,50000,1,2,2,39,0,1,-1,0,0,1,42565.26,38721.04,36694.06,34009.85,28706.5,26723.1,17599.6,10154.28,21593.28,17192.23,14231.84,12446.16,0
4340,20000,2,2,2,54,1,-1,-1,-1,-1,0,12467.86,12351.44,12073.25,11818.06,10194.85,10190.25,3270.1,2487.53,6528.13,4237.64,2585.2,4072.46,1
4341,50000,2,1,2,27,0,0,-1,-1,-1,-1,35145.94,30042.04,24947.25,25183.45,24958.33,22896.92,15289.45,9160.86,9842.19,3774.2,1973.41,8055.46,0
4342,10000,2,1,2,48,0,0,-1,-1,0,-1,2830.98,2787.73,2547.39,2080.28,2129.6,1768.88,543.19,1275.14,878.94,818.58,1135.89,283.19,0
4343,200000,2,1,2,48,0,0,1,-1,0,-1,99044.21,106986.52,116751.0,94928.87,104408.35,107947.67,27246.8,21853.49,30571.05,56544.47,30754.82,21531.74,0
4344,200000,2,3,2,49,0,0,-1,0,0,-1,41415.39,42784.15,46111.35,45336.49,41539.27,30035.15,12589.16,21888.7,17174.12,7808.55,9446.6,17430.16,0
4345,100000,1,4,1,57,0,0,-1,0,-1,0,26248.29,21531.68,23647.39,21400.02,22295.25,17824.91,1756.83,8613.24,10762.9,6578.37,12317.2,909.38,0
4346,50000,2,1,2,40,0,-1,-1,-1,-1,-1,27728.35,27456.31,26167.64,23679.82,17107.4,12317.54,16526.47,8667.72,11506.4,2464.02,3225.02,3604.71,0
4347,200000,2,1,1,31,-1,-1,0,-1,0,-1,64786.01,62687.07,65538.22,71009.88,52748.56,45216.26,16838.72,6249.01,14101.91,13832.65,30783.61,2516.54,0
4348,100000,2,2,2,59,0,0,1,1,-1,0,83370.25,75164.32,70392.49,71781.87,75239.34,60202.13,48516.93,21140.71,29525.54,15281.22,4943.09,14346.21,0
4349,200000,2,1,2,62,0,-1,0,0,-1,-1,179238.87,188704.62,204257.72,163899.15,139539.33,135776.35,72828.63,34302.52,10735.65,59893.06,58374.93,31061.62,0
4350,100000,2,2,3,43,2,-1,-1,0,-1,-1,10314.13,10701.04,11726.17,10114.42,7994.67,5847.49,5786.68,3531.3,1681.67,876.93,662.16,664.94,1
4351,200000,1,1,1,40,-1,-1,0,-1,0,2,141455.81,140689.38,149600.34,154388.95,133097.76,94961.13,11297.53,57633.75,19975.72,82795.6,13307.78,8374.27,0
4352,100000,1,2,1,40,1,-1,-1,0,0,-1,19226.87,19673.98,19405.41,14152.12,12881.93,11866.45,11121.46,4425.77,8879.2,8179.72,7451.19,6154.95,0
4353,50000,2,1,1,31,2,0,1,-1,0,-1,27984.92,24009.62,26331.02,21813.08,18097.09,18072.58,7664.49,11934.85,14306.61,9251.23,10065.44,4126.06,1
4354,300000,1,2,1,22,0,0,0,-1,2,-1,84836.05,91292.89,99976.93,83569.18,65105.54,57770.75,10621.76,48110.73,9746.57,34977.8,33470.51,20672.06,0
4355,100000,1,1,2,33,1,0,0,-1,0,-1,87189.91,87225.63,82212.23,70381.83,50309.08,40876.5,36545.0,15680.88,45340.63,15140.47,21302.31,19060.81,1
4356,100000,2,2,2,33,0,0,0,1,-1,-1,80064.56,75288.32,67091.79,53918.64,54297.98,48836.93,37585.36,4916.96,14668.81,29174.79,16653.6,16913.1,0
4357,20000,2,4,2,61,3,-1,0,-1,-1,-1,11526.37,9888.84,8467.09,8100.97,8599.91,7183.66,4694.68,1427.14,3323.1,4060.75,3637.42,2087.28,1
4358,100000,1,1,2,35,0,-1,0,-1,-1,-1,24081.33,24197.62,24272.72,20826.52,14721.93,12049.87,8357.16,7246.43,3402.12,2396.59,5248.6,3844.23,0
4359,100000,2,3,1,51,-1,1,0,0,0,-1,72614.5,60198.52,48787.25,44733.11,37566.23,33015.6,36235.71,25279.06,13247.56,19865.59,19485.86,16821.22,0
4360,20000,2,3,1,43,0,-1,-1,0,-1,-1,10324.77,9250.21,9519.84,7701.9,8141.42,7698.68,4412.36,3498.04,2894.74,917.4,3736.23,2632.4,0
4361,10000,2,4,1,42,0,-1,-1,-1,-1,-1,5892.51,5728.31,4670.84,4878.81,3455.51,3218.67,2299.24,2122.4,1195.81,878.99,1467.02,486.6,0
4362,100000,2,2,2,36,-1,0,2,0,2,0,67435.46,67019.28,58950.94,46117.83,45776.18,34025.03,15123.58,11873.1,29603.5,23124.58,7154.07,5178.35,0
4363,200000,2,2,2,62,1,-1,-1,-1,-1,-1,86613.12,69740.8,66211.86,69583.8,55480.47,43680.2,46127.03,9641.65,24562.67,21710.62,22881.24,14230.42,0
4364,100000,1,3,2,49,-1,-1,-1,-1,-1,0,10619.12,8523.36,7067.83,5453.79,5504.04,3868.34,4571.65,593.3,2282.02,1632.76,1747.84,622.65,0
4365,20000,1,1,1,40,0,-1,-1,0,0,1,7826.75,6523.11,5289.52,4485.79,4358.86,3815.15,4263.37,1872.18,2545.23,850.7,2083.08,1850.8,0
4366,100000,2,2,1,48,0,2,-1,-1,-1,-1,43090.09,44404.29,41915.01,42403.94,45647.16,46014.68,16519.53,9578.56,18448.68,16529.15,13697.17,24413.92,0
4367,10000,2,4,3,47,1,-1,0,0,0,0,3935.4,3817.86,4069.94,3650.99,3003.48,2600.12,1928.03,1342.21,438.22,466.33,972.51,360.66,1
4368,50000,2,2,1,64,0,-1,0,-1,-1,-1,38242.2,37573.88,34661.69,27551.84,20956.56,23046.62,20514.66,14325.45,11605.23,13456.87,5832.52,6716.47,0
4369,20000,2,4,2,49,1,0,-1,0,0,-1,7317.64,7178.81,6174.38,5960.56,5352.67,5353.39,2545.81,1496.08,3018.28,2046.45,3165.03,2476.37,1
4370,20000,2,2,1,25,2,1,1,2,-1,0,8661.4,7024.78,6480.4,4867.23,5324.41,4525.57,3839.43,2488.47,2598.01,2505.44,2004.87,434.55,1
4371,20000,2,3,1,62,0,0,0,-1,-1,-1,2985.65,2542.83,2585.53,2032.53,1455.64,1585.6,1095.95,978.34,1142.95,654.31,802.44,597.53,0
4372,50000,1,2,2,58,1,-1,-1,-1,-1,-1,33674.31,34292.57,27859.59,22362.7,17249.48,16495.19,15030.12,18312.18,10178.14,4726.16,9133.59,5815.76,1
4373,10000,1,2,1,58,-1,-1,-1,0,-1,-1,2723.35,2706.24,2189.95,2044.93,2132.68,2277.21,919.33,353.21,1227.3,115.72,989.61,1087.18,0
4374,50000,2,2,2,64,1,-1,0,-1,-1,-1,14400.46,13444.08,12621.77,11623.33,11327.17,8324.76,7056.52,3511.63,4202.52,3212.85,3709.41,4778.5,1
4375,100000,1,3,2,22,-1,0,-1,-1,-1,0,56948.33,45907.18,46045.28,41800.67,36365.05,33566.28,28133.9,10320.15,16578.91,23843.79,12587.84,10665.39,0
4376,50000,1,3,2,40,2,0,0,0,-1,-1,44342.14,41018.84,40367.76,29830.27,26771.57,28468.33,3351.45,7799.99,21538.59,15211.66,15095.3,5837.21,1
4377,50000,2,3,2,63,-1,-1,-1,-1,-1,-1,21405.79,18716.93,18554.96,18778.44,15066.35,14468.5,3467.79,5314.76,7201.47,11251.0,2664.98,1102.6,0
4378,200000,2,2,2,33,-1,0,-1,-1,0,0,72345.21,73009.39,62037.2,46696.28,50664.51,55492.06,11317.11,41497.3,18032.54,6357.41,24373.88,27829.32,0
4379,20000,2,1,1,46,-1,0,1,2,1,-1,2579.3,2701.57,2597.88,2794.02,2339.19,2569.13,586.35,1387.89,492.21,1119.6,499.61,379.1,1
4380,100000,1,1,2,55,-1,1,0,0,-1,-1,72989.91,69423.77,63410.06,46041.18,39224.65,39884.21,22772.87,23416.92,36842.69,5686.53,3219.51,20720.49,1
4381,10000,1,3,2,28,0,0,-1,0,-1,-1,3090.3,2846.34,2371.43,2494.71,2214.37,1796.97,1403.82,767.35,1124.2,1366.63,591.66,698.9,0
4382,10000,1,2,1,48,0,0,0,0,-1,-1,7150.72,6306.31,5287.33,4330.91,3401.75,3542.67,1539.56,1813.28,505.09,1045.31,1147.47,508.59,0
4383,100000,2,1,2,61,2,0,-1,-1,0,-1,32581.24,26970.2,26797.67,26259.89,20445.81,20065.54,13298.72,5095.84,3186.83,14219.0,2505.16,6289.07,1
4384,100000,1,1,2,35,-1,-1,-1,1,2,2,12391.12,11294.81,12279.33,10232.21,9620.9,7143.86,6488.8,4650.52,2000.88,1654.58,4434.68,2853.97,0
4385,200000,2,3,2,28,-1,-1,0,0,0,-1,99713.86,100053.84,83233.78,82235.46,83047.93,71011.88,29528.07,19539.65,15009.54,11315.91,38056.0,27316.71,0
4386,100000,2,3,2,31,0,0,-1,-1,-1,0,82484.64,82470.07,78220.15,69808.29,69868.88,73348.65,33944.21,9170.09,31663.05,10359.77,31571.68,4442.23,0
4387,300000,2,3,1,49,-1,-1,0,2,0,0,80541.85,74407.24,65060.05,59250.84,54880.78,53953.57,41577.09,16854.67,22325.07,28374.53,12432.82,20162.2,0
4388,10000,1,2,2,25,2,-1,0,-1,-1,-1,2231.36,2431.72,2150.82,2121.94,2027.66,1765.98,1001.21,773.04,386.49,1113.82,656.53,972.37,1
4389,10000,2,2,1,27,0,1,-1,2,-1,-1,2478.28,2681.55,2325.81,1752.33,1621.74,1532.87,264.89,1208.3,307.66,126.52,236.19,608.95,1
4390,10000,2,1,1,38,0,0,1,0,-1,1,6522.21,6931.12,6679.58,5387.33,5656.54,6079.15,870.32,2204.25,2875.46,709.59,1645.4,2204.55,1
4391,20000,2,1,2,48,-1,0,-1,-1,0,-1,7878.35,7332.69,5990.91,6208.37,5308.01,4984.47,750.07,506.91,472.76,321.61,3054.33,2322.47,0
4392,100000,2,3,2,32,-1,0,-1,-1,0,0,30484.87,31215.27,31925.4,32433.81,24303.23,19225.54,6256.75,13653.75,5445.95,2701.81,5258.52,6495.99,0
4393,100000,1,1,1,32,1,-1,0,-1,0,-1,37015.8,39928.95,39210.98,42979.9,37572.95,36361.05,1931.7,18995.89,8338.19,4273.09,2889.8,16668.2,0
4394,10000,2,2,2,56,0,0,0,-1,-1,0,3472.77,3546.71,3246.83,2302.6,2413.85,1946.71,1338.11,378.48,486.08,488.34,535.42,283.36,0
4395,300000,1,2,3,49,3,2,-1,-1,1,-1,160506.5,143609.69,124273.37,94059.33,99732.31,94506.95,10367.49,64144.56,45452.66,15719.79,50795.06,52555.31,0
4396,200000,1,2,2,31,0,-1,1,1,0,0,41333.37,33909.99,32583.97,27205.21,25458.5,24384.85,12268.87,13944.89,14480.86,11266.81,13970.21,7053.01,0
4397,50000,1,3,2,26,1,0,-1,0,-1,0,25348.86,27564.44,29950.03,29271.93,21219.09,17921.94,8150.18,7294.52,8207.92,17523.3,1172.3,4667.39,1
4398,10000,2,1,2,41,3,0,-1,0,0,-1,3493.99,3835.45,3883.13,3208.31,3172.83,3161.0,1415.07,1871.67,550.02,1326.62,996.8,1453.15,1
4399,20000,2,2,1,30,-1,-1,2,-1,-1,-1,16922.1,17059.04,15076.9,12640.26,12150.07,9928.6,3073.78,7519.84,4082.36,636.18,6943.33,3700.59,0
4400,20000,1,1,1,52,1,-1,0,-1,-1,-1,8749.06,7826.96,8006.01,6332.55,5576.92,3936.69,4613.22,2841.71,2451.74,769.14,664.38,721.27,1
4401,20000,2,1,2,53,-1,-1,-1,-1,2,-1,3600.15,3814.39,3628.3,3859.92,2953.61,2481.8,1178.42,1790.66,1937.02,425.33,249.41,494.07,0
4402,100000,1,2,2,37,0,-1,0,-1,1,-1,84688.71,91975.02,74904.94,68839.28,64886.97,67801.7,36380.44,26653.61,25645.17,19252.67,30298.56,27156.23,0
4403,20000,2,1,2,23,0,0,0,-1,0,0,17000.0,16182.86,15944.34,12179.46,10875.29,10122.12,4086.23,6227.98,1299.13,2472.11,4372.06,2681.19,0
4404,50000,1,2,2,63,0,2,0,0,-1,-1,12019.77,10739.6,9345.26,8718.05,6313.35,6564.3,2366.02,778.33,5495.03,5058.55,2819.88,1814.68,1
4405,500000,1,2,2,38,-1,-1,0,0,-1,-1,376569.79,347162.67,320395.62,244719.08,210243.68,157985.5,139787.84,103501.69,49280.23,35045.34,41944.84,66554.14,0
4406,100000,2,1,1,30,0,-1,0,0,-1,-1,78955.27,64913.42,61248.43,49534.02,53272.77,41403.38,42824.08,24848.11,20861.53,20614.54,14481.44,16140.24,0
4407,300000,1,1,1,61,2,0,-1,-1,-1,1,115343.14,111848.29,116299.0,113791.75,98383.34,75346.68,51268.55,5831.02,27650.61,15905.86,35958.56,10756.87,0
4408,20000,2,2,1,59,2,2,-1,0,-1,-1,4552.01,4158.97,4050.92,4064.18,3543.01,3592.79,1977.13,1115.88,1758.06,1415.61,1660.35,1921.13,1
4409,50000,1,3,2,63,0,0,1,-1,-1,-1,36937.94,39352.29,35496.9,30997.11,28609.54,27032.51,11881.08,13529.23,5500.4,1974.38,6445.09,6232.96,0
4410,100000,2,2,1,28,-1,0,-1,-1,-1,-1,12264.49,10825.44,10794.86,8278.24,6778.64,5657.19,659.94,2747.19,3582.21,634.03,1850.64,2367.62,0
4411,10000,1,2,2,54,2,0,-1,2,1,0,5955.26,4779.16,4098.75,3215.93,2345.74,2374.5,3175.76,1191.46,1364.11,216.82,809.37,1324.68,1
4412,10000,2,2,1,57,2,0,-1,-1,-1,-1,3735.8,3814.81,3993.49,3657.4,3439.81,3006.93,682.25,1991.86,1629.66,497.2,183.87,877.75,1
4413,100000,2,2,2,61,-1,-1,-1,-1,-1,-1,57682.14,46273.91,39815.42,37250.37,33451.9,31653.56,17924.66,26859.67,14736.52,1946.07,17255.51,10140.62,0
4414,100000,1,1,1,53,-1,-1,0,-1,-1,2,73107.8,70460.66,68174.89,71410.09,69503.21,72414.27,11410.94,7266.09,8130.64,22907.13,27328.27,30507.0,0
4415,50000,2,2,2,30,2,-1,-1,-1,0,-1,38149.53,32594.11,28081.08,22668.6,20187.86,17565.44,18986.17,17955.78,12126.4,5969.05,1924.16,4053.61,1
4416,50000,1,2,1,60,2,-1,-1,-1,-1,0,44938.69,44181.19,39660.08,37470.73,29936.64,29964.01,3079.15,11411.76,12083.65,3159.68,7316.12,7321.76,1
4417,50000,2,2,1,38,-1,-1,1,0,-1,-1,30609.01,26304.32,24377.44,17090.06,14590.63,13514.67,12580.38,4756.15,3732.66,1589.2,2166.79,5071.6,1
4418,10000,1,2,2,45,3,0,0,0,-1,-1,2787.71,2649.9,2412.0,2143.06,1511.72,1607.07,213.9,350.6,651.39,1020.15,108.63,357.98,1
4419,50000,2,4,1,62,0,-1,-1,0,-1,-1,16044.09,14448.04,15606.19,13409.5,10218.86,9014.92,8904.89,6662.48,3950.46,851.76,2259.26,2003.17,0
4420,20000,2,1,2,61,3,-1,-1,-1,-1,0,8978.32,7674.37,6654.04,4977.62,5049.32,4137.71,720.27,3437.6,1955.51,2767.67,2676.99,2030.45,1
4421,10000,2,4,2,56,0,0,0,0,0,-1,7787.76,7647.16,6531.01,6899.99,7401.4,5978.53,4200.59,780.73,3540.18,1752.31,644.3,409.73,0
4422,300000,2,2,2,22,0,-1,2,1,-1,-1,118045.21,97347.82,92992.57,69114.27,58474.03,45395.06,22268.94,56239.43,49226.74,8916.56,31138.66,2912.54,0
4423,100000,2,2,2,39,-1,-1,-1,-1,0,-1,65061.6,70418.82,76381.52,61577.32,65948.18,55569.24,26626.24,6328.54,4829.54,32234.87,11211.34,11784.95,0
4424,100000,2,1,1,30,2,2,0,-1,-1,-1,13607.02,14062.02,13372.97,13287.32,12678.61,11077.51,5447.05,4546.43,4442.32,3254.65,7295.64,4757.02,1
4425,50000,2,2,2,23,0,-1,-1,-1,-1,-1,22202.32,23862.17,25957.56,20046.85,16281.77,12280.03,11510.54,9662.34,2345.28,7298.8,2781.32,2678.36,0
4426,50000,2,2,2,39,1,-1,0,0,-1,2,11681.05,9493.65,8137.07,5945.83,5588.5,5556.63,3172.1,5112.49,569.54,1910.91,2910.48,2200.8,1
4427,20000,1,2,1,46,-1,-1,-1,2,0,-1,17015.09,13622.99,10940.31,11900.23,12176.86,13092.08,5803.12,2701.14,1818.04,4508.57,6754.6,2715.95,0
4428,10000,2,1,1,45,1,0,0,2,0,-1,7331.48,6652.43,5926.54,4844.44,4913.91,4249.3,1920.39,1311.56,3443.77,718.44,2737.82,284.11,1
4429,20000,2,2,1,37,0,0,-1,-1,-1,-1,4219.85,4156.57,4121.07,2984.8,3146.1,3366.58,1732.25,1993.9,2315.97,799.52,371.44,1515.08,0
4430,200000,2,1,2,30,-1,-1,0,-1,-1,0,84296.21,73617.46,71969.53,54438.88,55248.58,47999.98,18617.65,20321.58,31831.7,11565.96,23154.46,16743.11,0
4431,100000,2,4,2,31,-1,0,-1,-1,-1,2,16447.34,15868.35,13845.41,10923.79,10685.84,8421.41,6613.53,2588.8,3042.71,5211.54,5373.48,3405.03,0
4432,100000,1,3,1,31,-1,-1,-1,-1,-1,-1,69724.69,68455.74,68351.16,74048.64,63199.07,65957.3,32374.73,4225.95,11364.43,35593.11,28740.82,9729.17,0
4433,50000,2,1,1,32,1,-1,-1,-1,0,1,12654.62,10699.33,11224.39,7929.34,6120.62,6491.64,1537.08,4923.87,1619.09,4732.47,1899.94,2529.12,1
4434,300000,1,3,1,60,0,0,-1,2,0,0,223040.15,229878.95,231294.75,235253.9,175278.86,167475.38,57732.78,13393.14,14288.06,140942.33,99514.24,82900.88,0
4435,10000,1,3,2,28,-1,-1,-1,-1,-1,0,1592.18,1721.0,1752.59,1774.27,1818.74,1944.27,110.29,689.54,512.11,183.15,270.81,247.34,0
4436,50000,1,2,2,44,-1,-1,2,-1,1,-1,27918.3,27696.02,24712.66,22237.76,22386.59,18793.12,2792.13,7917.6,9476.03,6788.71,11924.75,3864.97,1
4437,50000,2,2,1,34,0,-1,0,-1,-1,1,29328.05,31802.01,30490.57,32721.26,34611.73,28640.89,2238.31,12687.69,11490.24,15101.88,6320.26,13903.94,0
4438,200000,1,2,1,43,-1,1,0,1,-1,0,73493.56,64221.62,52200.08,36820.54,26814.93,27939.85,32190.92,30058.88,22751.64,15429.76,7985.42,11289.81,0
4439,500000,1,2,2,56,0,2,0,2,-1,0,115683.29,93813.87,85157.14,76478.11,72969.41,59275.56,68129.78,38107.27,28175.04,24232.53,22211.7,9100.29,0
4440,20000,2,1,2,37,0,0,-1,0,-1,-1,7181.27,6278.08,6558.82,5256.14,5194.05,5435.51,2774.53,1922.0,2253.15,550.11,1086.48,1084.55,0
4441,200000,1,1,2,25,0,1,0,-1,-1,-1,99281.88,98729.22,102385.44,102874.01,88988.28,70775.58,23496.79,54214.53,59144.3,31666.76,18355.13,38776.49,0
4442,200000,1,2,2,23,0,0,2,-1,-1,0,175057.22,171431.87,185530.43,142728.19,130249.34,127380.54,83116.77,8910.31,66882.78,82207.4,33273.12,32840.04,0
4443,20000,1,1,1,29,-1,1,-1,-1,0,-1,9151.07,8054.97,8784.98,9224.5,8289.34,8516.09,3014.79,614.18,4661.59,2683.73,473.47,860.87,1
4444,50000,1,3,1,40,-1,-1,2,0,-1,-1,12575.27,11599.61,12664.48,10919.19,9543.12,9993.92,1586.73,3683.84,1500.54,716.82,1747.12,4145.81,0
4445,50000,2,1,1,40,1,0,-1,-1,-1,-1,6035.45,5494.01,4654.61,3511.19,2865.99,3112.6,3276.94,1021.8,2348.1,950.16,1642.72,843.12,1
4446,500000,1,2,1,39,2,0,-1,2,0,-1,53291.77,57828.38,48355.52,34521.0,37821.32,31019.49,6357.54,16580.7,20728.05,10609.65,16850.13,14029.35,0
4447,20000,2,3,2,41,0,1,-1,0,0,-1,8667.81,7751.63,8236.3,8036.83,8465.58,7768.59,5088.8,1611.95,438.02,3669.09,2493.72,870.08,1
4448,200000,2,2,2,36,-1,-1,2,-1,-1,0,67409.49,57832.88,52913.69,56690.81,57520.18,62271.01,16790.29,10247.18,8771.86,9944.33,2906.99,13641.94,0
4449,50000,1,2,1,53,0,-1,0,-1,-1,-1,9603.28,9312.14,8447.56,9190.5,9528.22,6708.99,4320.02,5193.08,1422.63,3399.71,4187.2,1784.57,0
4450,100000,1,4,1,25,2,2,0,0,-1,0,23774.03,19909.5,19115.14,20065.77,20766.8,19647.86,13733.1,3367.8,5132.83,2917.52,6668.35,7192.45,1
4451,50000,2,3,1,44,0,0,-1,-1,-1,-1,18996.24,18091.28,16923.01,14482.95,10571.28,8032.28,7150.3,1814.73,4491.18,5631.01,4344.39,1218.97,0
4452,100000,2,1,2,35,1,2,-1,-1,-1,0,64930.41,65325.41,56631.39,60162.0,55944.83,49013.15,38094.84,11376.35,13709.72,20279.61,14930.59,11127.38,1
4453,200000,1,2,1,46,-1,0,1,0,-1,0,117534.07,127286.92,134081.97,128379.61,114037.27,83660.27,17464.64,36273.06,38749.81,67104.82,5750.62,39422.26,0
4454,200000,1,4,1,64,0,0,-1,1,-1,-1,32792.85,35012.18,37560.31,27243.5,21236.2,17722.96,2668.25,6050.91,18963.37,8288.73,7878.67,2725.97,0
4455,200000,2,2,2,45,0,-1,-1,1,0,0,42884.25,45129.87,46224.36,35516.3,28572.32,27905.26,17346.35,4682.12,3595.48,7353.29,13817.2,7227.51,0
4456,10000,1,2,1,48,0,-1,-1,-1,-1,0,8267.22,7590.65,6181.99,5279.63,3994.15,4092.66,887.59,1501.17,3190.24,1805.96,675.59,1085.95,0
4457,100000,1,1,1,53,0,0,-1,0,0,-1,15686.5,16756.2,13997.71,11512.99,10238.7,9465.81,5145.26,9191.68,7771.47,4118.33,4243.79,1555.01,0
4458,20000,2,1,1,38,0,1,0,-1,-1,-1,5181.96,5259.65,4753.69,3966.39,3183.15,2783.61,2474.07,2440.41,673.04,399.52,774.56,1475.15,1
4459,50000,2,2,1,38,1,0,0,-1,-1,-1,17717.69,16521.0,15976.02,15879.99,12466.0,10434.24,8932.28,2945.95,4016.16,5774.72,6335.7,3476.6,1
4460,100000,1,2,1,58,2,-1,-1,0,0,0,28409.53,27535.18,27063.07,19581.54,18004.94,19134.87,10222.65,10571.8,11045.09,8455.69,5236.3,5019.71,1
4461,50000,2,4,1,53,-1,0,-1,2,-1,-1,16633.53,15483.05,12850.91,12109.6,9506.76,7405.98,5086.64,8064.35,7559.08,6496.74,803.12,3539.57,0
4462,100000,1,2,2,47,0,0,-1,-1,-1,-1,68219.23,58602.8,63764.09,53221.1,49806.75,48494.4,6854.92,34225.93,33565.02,8912.76,16987.84,3404.74,0
4463,500000,2,1,2,35,2,1,-1,-1,2,-1,88005.26,82329.47,78943.35,83124.41,63358.73,47919.37,37312.87,7479.83,36117.45,25017.26,24342.64,28704.68,0
4464,20000,2,1,2,64,-1,-1,0,0,0,-1,7635.73,7958.14,7397.28,5347.25,5252.33,5566.74,3512.69,1289.92,4191.7,439.09,1186.03,3220.52,0
4465,100000,2,4,2,33,0,-1,-1,-1,0,-1,58938.34,51864.35,44465.14,48407.8,39756.38,32367.51,15596.97,29505.86,26248.36,6790.11,3684.83,3177.96,0
4466,50000,2,1,1,54,-1,-1,-1,0,-1,-1,6953.64,6898.72,7486.86,5483.15,5512.54,4677.52,2405.72,3702.18,4072.63,3064.4,2559.07,2518.76,0
4467,20000,2,1,2,24,-1,-1,-1,0,-1,-1,2708.71,2616.57,2444.45,2135.93,2175.68,1682.37,513.3,561.23,372.74,1209.23,756.02,371.59,0
4468,20000,2,3,1,55,2,2,-1,0,-1,-1,9977.08,10735.66,8967.88,9351.95,10234.01,10987.67,2628.05,1704.12,3969.46,680.15,1692.23,1181.04,1
4469,300000,2,2,1,39,0,-1,0,-1,-1,0,245957.89,251824.2,247872.95,205427.02,145157.76,153153.97,92706.68,125526.08,66825.73,70643.7,22218.48,55686.53,0
4470,200000,1,1,1,51,0,2,-1,0,-1,-1,91162.95,82814.01,74950.47,77951.09,79818.75,70983.3,42596.39,8933.23,37441.5,9793.83,27958.54,37456.92,0
4471,300000,2,3,1,45,-1,2,-1,-1,-1,-1,127594.72,123577.77,128817.33,139801.18,124808.32,88869.84,10573.8,48308.48,10374.88,61163.2,27495.09,12247.92,0
4472,500000,2,4,3,60,-1,-1,-1,-1,0,-1,54063.12,58029.38,55919.42,41889.15,31378.82,33318.49,17385.56,31869.09,28293.63,16455.03,13498.37,19445.02,0
4473,20000,2,1,1,32,2,1,0,1,0,-1,13723.38,11911.13,9906.6,8825.74,8852.92,9605.85,1223.6,1775.09,2099.7,2948.75,2140.84,2019.53,1
4474,50000,1,3,1,32,0,-1,0,0,0,2,11563.41,10896.72,11171.11,8851.07,6428.74,4680.09,6308.55,1295.0,5293.81,2972.59,1984.93,1699.98,0
4475,100000,2,2,1,62,-1,0,-1,-1,-1,-1,65879.49,57084.86,50885.44,51232.13,53643.74,50612.23,26514.82,23051.43,7252.0,19918.28,4444.19,21050.29,0
4476,50000,2,2,1,45,3,-1,1,-1,0,-1,18940.25,17529.72,16170.7,12017.99,11452.56,12395.46,5947.35,6798.18,1242.54,3511.52,3476.17,3010.74,1
4477,50000,2,3,1,53,0,2,0,-1,1,-1,6799.54,5558.4,5740.12,5796.95,4495.38,4399.18,496.59,483.59,2339.23,2623.42,249.81,2344.17,0
4478,50000,2,4,1,57,0,0,-1,2,0,1,18116.03,19253.55,16017.72,15539.88,15110.27,13697.16,6168.44,4788.0,4713.53,6864.37,3752.99,8161.2,0
4479,100000,1,1,1,48,0,1,0,0,-1,-1,62764.83,68631.69,75037.34,71475.83,54816.21,45871.4,24855.73,38419.84,38699.87,16854.21,12094.07,12597.15,1
4480,100000,1,1,2,63,-1,0,-1,-1,0,-1,71467.09,69347.56,70084.44,61234.48,56713.3,56487.34,20121.07,12232.23,38692.55,27322.29,26424.13,7333.75,0
4481,20000,1,1,1,29,0,0,1,-1,0,2,12168.71,11757.67,10085.48,9083.28,6376.39,6982.58,2549.37,4007.2,2757.11,2167.31,3014.92,3746.13,1
4482,50000,1,2,1,34,0,-1,-1,-1,-1,-1,33442.43,36343.46,29708.51,21989.15,23636.02,22588.73,19298.39,8863.71,11563.53,8212.83,6625.5,7663.66,0
4483,100000,2,1,2,23,-1,-1,0,0,-1,-1,28873.13,26504.74,25533.62,20630.01,14968.97,13500.51,4726.13,14510.4,5203.21,3431.68,8782.77,6170.9,0
4484,100000,2,2,3,25,0,-1,2,-1,-1,2,87219.85,86027.32,78609.82,83747.43,83741.33,64242.17,50903.74,28936.85,15135.98,18729.71,15705.2,15869.16,0
4485,20000,2,1,1,46,-1,1,-1,-1,0,-1,5630.57,5918.73,4787.37,4197.52,4121.99,4305.38,321.06,1762.2,2501.35,714.09,581.89,483.62,1
4486,100000,2,2,1,61,0,-1,-1,0,-1,-1,23607.93,22468.21,22080.99,19014.88,18266.19,15590.57,7928.72,12140.78,2870.58,11293.83,9094.25,8147.7,0
4487,10000,1,1,3,38,-1,2,0,0,-1,-1,2998.49,2598.04,2319.08,1667.26,1193.17,1202.42,725.31,1050.41,683.68,644.18,394.41,379.59,1
4488,50000,1,3,1,58,2,1,0,0,2,0,43882.21,45804.71,41068.26,43274.7,41639.11,34940.0,8904.76,11287.79,12309.53,18215.64,6555.06,3842.89,1
4489,200000,1,1,2,41,2,-1,0,1,0,-1,30392.58,26786.22,22732.16,22763.15,21514.05,16099.77,7415.42,15970.44,8443.4,9121.17,5015.22,2464.02,1
4490,100000,1,1,1,59,-1,-1,-1,1,-1,-1,71875.62,75694.57,63743.42,46957.2,44752.72,43297.25,27935.76,41911.72,25316.2,3085.56,4567.38,19823.23,0
4491,50000,2,3,2,36,2,1,-1,0,0,-1,9211.46,9979.55,8415.78,6396.63,5854.93,5376.43,2546.02,1951.28,2422.91,2847.61,2534.72,2858.66,1
4492,100000,1,2,3,60,0,-1,-1,-1,-1,0,71863.32,69262.93,73821.68,55326.76,46041.84,35006.08,10674.73,4753.76,21625.78,26470.55,14882.34,7086.91,0
4493,100000,1,1,2,43,0,-1,-1,0,0,-1,32161.92,26205.19,25154.97,24180.92,19191.51,19801.82,12682.44,3051.68,9857.8,5738.65,6915.54,4043.81,0
4494,200000,1,1,1,49,1,-1,-1,-1,0,0,136259.7,148071.42,139309.71,106371.7,93875.87,77074.11,77929.37,19998.11,60778.01,39634.92,8532.17,8164.52,0
4495,100000,2,2,1,30,-1,2,0,-1,0,1,13920.05,14607.66,14773.32,16221.69,13852.76,12150.94,8194.38,6634.79,7186.23,1057.28,6020.74,3406.86,0
4496,100000,2,2,1,25,-1,0,-1,0,-1,-1,36767.63,30708.61,27512.78,25572.13,24935.06,22408.8,18450.53,7887.47,11724.73,4265.62,5276.37,12107.04,0
4497,50000,2,2,2,31,-1,-1,-1,0,-1,-1,23584.98,23321.21,24409.55,25582.54,20677.55,16512.06,3517.87,5516.92,1321.64,3982.86,2853.65,2318.07,0
4498,20000,2,2,2,49,0,-1,-1,-1,0,0,2330.8,2085.33,1791.63,1777.34,1806.99,1627.77,374.3,745.16,317.39,339.36,512.41,778.95,0
4499,50000,2,1,1,47,-1,-1,0,-1,0,-1,12233.93,10999.52,11448.29,8125.92,8873.08,6451.7,684.94,1369.91,1422.35,2113.22,4614.09,1099.33,0
4500,50000,1,2,2,54,0,-1,-1,-1,0,-1,11751.93,11447.46,9350.45,8120.42,7953.3,6162.19,5766.02,2309.26,4641.82,1381.36,2022.86,994.81,0
4501,100000,2,2,1,34,-1,1,-1,-1,0,0,48512.14,49170.16,41649.67,35179.34,31834.78,25795.09,6952.76,15573.14,13099.91,6183.16,3500.74,1501.78,0
4502,100000,2,3,1,61,0,0,-1,-1,-1,0,20653.84,16592.68,17717.6,19150.52,14717.81,12417.82,11844.93,5105.29,4621.5,11029.71,8362.63,5195.01,0
4503,50000,2,1,2,62,-1,0,-1,0,-1,-1,44086.8,37288.7,31050.39,25937.69,28346.08,22663.8,13154.3,14408.52,14359.91,4908.33,11382.77,5955.67,0
4504,10000,2,2,1,30,-1,-1,-1,0,-1,-1,8095.44,8668.92,7573.75,7384.21,5974.43,5307.1,608.73,1911.05,697.26,2671.42,1289.71,3107.64,0
4505,50000,1,1,1,62,-1,0,-1,2,2,-1,13973.45,13253.78,10772.8,10081.1,9348.71,9009.09,5642.42,3449.49,4708.28,4064.9,3464.8,706.45,0
4506,50000,2,2,1,31,0,-1,0,-1,0,-1,14368.4,13614.97,13337.21,13265.94,11634.24,9750.7,1591.06,1155.33,4498.96,2927.92,1159.65,841.15,0
4507,100000,1,3,2,31,2,0,-1,-1,-1,-1,85794.2,90263.6,81084.99,58746.81,45806.52,32750.01,35287.82,36734.46,22903.94,5148.65,16506.3,6761.22,1
4508,10000,2,2,2,55,-1,0,-1,0,-1,-1,3396.35,2848.9,2820.55,3024.51,3061.8,2919.42,1444.0,924.82,1165.08,939.09,1532.83,1009.47,0
4509,100000,1,3,3,39,1,-1,-1,-1,-1,-1,43863.11,44481.55,36729.94,40300.21,30109.95,31673.33,3398.04,3246.89,2261.28,23939.19,3797.01,14621.59,1
4510,300000,1,2,2,44,2,-1,-1,0,-1,-1,198355.05,188807.76,173425.9,159854.75,139382.2,104511.57,105686.8,61856.12,18462.89,33092.17,70951.17,22643.57,0
4511,20000,2,3,2,21,3,0,-1,-1,-1,0,7504.59,7673.26,6994.2,5355.68,4201.78,3252.35,1970.89,1486.02,1880.18,280.91,1487.83,759.26,1
4512,50000,2,2,1,32,0,-1,0,0,2,-1,41098.27,41253.63,39646.78,41540.91,38210.7,27200.1,9337.02,5391.5,4012.2,20281.55,5953.37,12121.43,0
4513,10000,1,1,3,34,-1,0,0,-1,1,-1,5712.29,5711.98,5075.15,4866.7,5082.4,4001.89,2346.92,301.63,1601.46,916.3,844.75,1014.0,0
4514,100000,2,1,2,23,-1,0,0,-1,-1,0,55378.87,58525.02,64109.87,60877.1,64305.61,52619.52,31271.1,34519.99,24192.0,31523.29,34449.88,21516.53,0
4515,100000,2,2,2,52,-1,-1,-1,-1,-1,-1,54343.64,52454.32,46936.61,49469.54,45126.1,39818.67,31719.62,29970.63,18986.2,9424.67,14064.26,8871.91,0
4516,50000,1,1,2,36,0,0,0,0,0,1,9481.89,8745.67,8823.6,8758.22,6977.24,6836.67,4811.19,4405.12,1590.04,4636.0,1434.28,4070.59,0
4517,100000,2,2,2,58,0,0,-1,0,0,-1,73235.35,62949.34,57276.98,61166.46,52198.65,45577.61,34647.21,10630.15,26938.36,33804.16,9858.3,25256.91,0
4518,200000,2,2,1,30,0,0,-1,-1,0,-1,111538.18,100740.51,96719.98,104750.99,102185.1,86442.82,38992.02,53176.9,9684.54,38696.11,27597.22,32214.03,0
4519,20000,2,4,1,37,-1,-1,-1,-1,0,-1,2856.31,3030.48,2630.46,2204.2,1796.71,1749.09,990.37,1646.94,1475.17,1121.13,858.36,1011.87,0
4520,10000,1,2,2,60,-1,0,-1,-1,-1,-1,7802.88,7032.29,5990.36,4667.48,3553.74,3404.4,3010.78,667.3,748.7,2458.96,229.94,1222.12,0
4521,200000,1,2,2,24,3,-1,0,-1,2,-1,136713.31,149786.81,163524.88,139679.93,113323.85,98544.77,80766.07,50451.87,47226.25,33836.67,12378.29,51059.03,0
4522,100000,2,3,2,35,3,-1,-1,-1,0,-1,33111.13,32528.26,31301.35,34024.67,25471.03,21279.91,2269.43,3538.84,2228.1,14023.94,7503.11,12213.45,0
4523,200000,2,3,1,53,0,-1,0,-1,0,-1,65766.28,68692.25,64450.05,50049.45,40573.2,34566.16,20336.02,23575.83,20377.95,19145.59,22284.97,20280.42,0
4524,100000,2,1,1,59,-1,0,-1,-1,-1,0,50377.28,47756.58,47397.06,44384.64,31841.72,27444.67,8373.58,24564.8,26523.79,12679.84,17066.54,16042.38,0
4525,200000,1,2,2,30,3,-1,-1,-1,2,0,21157.09,21080.21,18277.3,13410.05,9721.65,7154.19,8119.41,8319.45,3069.97,6252.13,4663.27,3792.86,1
4526,50000,2,1,2,27,-1,0,1,2,-1,0,37384.83,41005.89,42916.42,44332.42,46255.37,35742.24,13876.63,3469.96,23538.39,13716.51,27214.91,9550.77,1
4527,100000,2,2,2,53,0,0,-1,0,2,-1,85363.64,81102.37,70921.65,68601.27,52912.18,50932.22,48182.91,4493.66,23215.29,13513.26,5775.95,30337.75,0
4528,300000,1,2,1,37,-1,1,0,0,1,-1,137184.56,120586.29,116095.53,105512.73,109471.12,117410.21,33084.15,12282.78,12697.41,21370.56,58664.63,56209.31,0
4529,100000,2,3,2,32,0,0,-1,-1,0,-1,52925.93,52659.35,44136.65,42017.94,46150.44,33864.1,25279.48,28952.26,20940.16,2114.56,2815.44,17548.5,0
4530,20000,2,2,2,37,1,0,-1,-1,0,0,14956.56,16091.49,15646.88,11685.4,10004.94,7487.53,6710.81,9524.38,4544.9,1068.66,2784.22,3666.78,1
4531,50000,1,2,2,36,1,0,-1,-1,-1,-1,16103.96,12966.26,12251.65,12797.78,11250.71,8319.31,4698.28,4095.7,3843.02,1633.92,1958.07,3037.55,1
4532,20000,2,4,1,34,0,0,0,-1,2,-1,9867.69,10832.42,9577.96,8007.71,6521.39,5230.95,3353.66,2669.05,3708.16,3522.12,1627.58,1818.57,0
4533,20000,1,1,1,23,2,0,-1,0,2,-1,3775.9,3637.57,3245.65,2491.52,1862.86,1894.58,1147.31,870.74,1643.22,284.82,1091.04,526.14,1
4534,50000,2,2,2,64,0,-1,0,-1,0,-1,33076.31,34393.85,27616.32,19494.85,18612.83,19252.34,18666.87,9758.83,7607.99,3330.67,4298.95,2289.34,0
4535,100000,2,2,1,50,0,-1,0,2,-1,-1,73428.4,61346.97,49580.31,35910.07,37318.2,39434.97,8201.96,16404.33,22984.59,11193.04,14787.43,15623.15,0
4536,100000,2,1,2,61,-1,0,1,-1,-1,-1,15352.45,13624.54,13355.56,12936.96,12519.82,12690.13,5763.79,6430.51,1849.44,3031.63,5365.97,2878.32,0
4537,50000,2,2,2,55,-1,0,2,-1,0,-1,40296.78,44050.33,44733.68,44169.45,32850.45,29024.75,10517.09,15000.75,3416.88,21199.82,11571.74,4515.38,0
4538,100000,2,1,2,46,1,0,0,-1,0,-1,39961.56,35420.78,34148.13,25937.21,24450.35,22674.14,4087.04,3454.2,2594.49,2744.25,2446.12,4398.86,1
4539,10000,1,3,1,32,1,0,-1,1,-1,-1,8377.65,7738.14,6380.66,6012.42,5746.14,5596.35,1543.85,760.9,466.2,3547.09,2992.65,1471.59,1
4540,10000,2,1,1,51,-1,2,0,-1,-1,0,8201.38,7251.75,7848.28,7010.13,6841.19,5466.55,3177.79,805.78,2663.78,3531.82,3304.42,296.85,1
4541,20000,1,1,2,37,-1,-1,1,-1,-1,-1,14654.4,13783.05,13976.42,15022.91,10933.53,10037.51,6765.52,3639.39,3698.5,4864.16,5053.84,2429.6,1
4542,100000,1,2,2,57,-1,-1,0,-1,0,-1,76411.97,64775.65,56433.35,54519.21,53387.6,48363.5,25315.3,12829.35,27213.08,6530.24,29403.61,19371.51,0
4543,20000,1,1,1,28,2,-1,-1,0,0,1,6629.97,6316.07,6325.21,5744.13,5410.15,5446.41,2183.06,1601.8,327.05,591.67,1304.15,872.55,1
4544,50000,2,1,1,39,-1,2,-1,-1,-1,0,19691.47,17516.19,14598.65,11876.15,12437.27,9871.34,7963.88,1778.2,6120.28,1631.64,4562.46,1647.39,1
4545,50000,1,2,3,46,-1,-1,-1,-1,0,-1,14602.46,15252.82,15768.61,13950.77,10687.12,11414.41,1924.37,8369.96,4033.32,2077.8,5138.4,1557.25,0
4546,200000,1,2,1,24,-1,0,-1,-1,1,0,76720.76,70347.5,66427.54,53065.02,38464.41,32877.3,11395.85,35563.27,20518.08,24668.37,11325.57,5957.5,0
4547,10000,1,2,2,35,-1,-1,0,-1,-1,-1,5495.24,5703.05,5262.83,5112.08,5240.66,4704.21,3173.99,2039.91,653.84,2989.77,3037.86,303.4,0
4548,100000,1,2,1,34,0,-1,0,-1,-1,1,79122.44,78531.11,63040.37,59108.75,43810.05,36538.37,45848.48,28596.11,29710.86,27524.12,22640.06,21490.4,0
4549,100000,2,2,2,50,3,0,0,-1,-1,-1,53774.67,57782.41,57536.41,47094.21,40126.86,29943.34,25641.98,18910.54,30405.61,22253.35,13717.11,2625.65,1
4550,200000,2,2,2,62,-1,0,-1,-1,0,0,131469.78,137147.6,143826.74,101373.16,106195.25,81880.35,63733.85,24075.41,9982.86,57859.73,13914.65,36890.25,0
4551,300000,1,1,2,44,-1,-1,-1,-1,2,0,62589.76,66992.04,59387.72,64917.55,52668.21,57729.82,6335.84,27459.94,14010.78,6745.3,17223.79,11452.82,0
4552,10000,2,1,1,63,2,-1,1,-1,-1,0,8516.54,8156.23,6553.78,4726.56,4143.67,3480.36,2162.04,819.21,1827.13,494.48,678.82,1125.56,1
4553,20000,2,2,2,54,1,-1,0,-1,-1,-1,11330.83,12169.7,12566.37,11546.04,10918.82,8147.74,3398.1,4520.62,6545.56,6266.66,2987.59,1895.12,1
4554,200000,2,3,1,39,-1,0,0,-1,-1,-1,144129.54,121994.39,120859.77,125791.7,120213.9,105559.29,18565.54,35634.09,58902.15,44435.41,23567.32,61631.93,0
4555,50000,2,1,2,23,-1,-1,0,0,0,-1,44942.64,37092.59,38319.12,36343.01,34076.55,25724.5,2849.27,3033.74,13478.8,6776.58,16940.01,6360.92,0
4556,100000,2,2,2,24,3,0,0,0,0,0,78778.05,75454.13,72548.77,67816.56,49116.78,46462.43,13532.73,21721.59,10811.73,10853.09,9463.39,13766.04,1
4557,100000,1,2,2,31,0,-1,1,0,-1,-1,50349.5,52756.94,49500.97,48809.92,49364.65,35031.54,29282.79,19796.27,17559.22,18735.01,18526.9,20800.97,0
4558,100000,2,2,1,33,2,0,-1,0,0,0,79443.26,68611.37,59404.26,48904.57,49783.99,46010.51,44464.54,6434.23,17374.36,19572.52,3917.66,4809.83,0
4559,300000,2,2,2,38,-1,-1,-1,-1,1,1,188142.13,205184.89,169000.83,144640.43,107283.42,104569.21,33520.1,43935.99,92397.21,67587.08,49850.86,22232.08,0
4560,500000,2,1,1,39,0,-1,-1,-1,-1,-1,342007.26,292612.01,275474.8,202146.04,201309.51,147416.39,193902.88,47215.6,54357.57,81947.01,59766.68,38620.43,0
4561,100000,2,2,1,64,0,-1,0,0,0,-1,60983.58,61752.58,65489.8,45965.9,41440.96,31460.67,14467.09,3895.31,31923.19,20520.9,11552.69,9354.54,0
4562,50000,1,1,1,53,2,0,0,0,-1,-1,16505.35,17735.59,14504.24,11687.85,8240.38,8321.5,7697.61,1684.23,5234.4,5174.49,2384.64,4797.74,1
4563,200000,2,2,1,58,3,0,-1,-1,-1,-1,73516.36,80104.01,87852.35,90109.53,88097.73,76502.24,18943.33,12335.38,6000.97,7061.38,38942.03,19889.32,0
4564,10000,2,3,1,23,-1,2,-1,-1,-1,-1,5466.71,5458.09,5917.11,5589.54,4942.97,3642.43,416.2,2073.78,1110.01,2466.4,1419.33,746.15,1
4565,20000,1,2,1,55,0,1,-1,0,0,-1,15985.22,15541.83,15420.93,11654.63,8748.73,9142.03,9287.13,8839.81,1878.84,1605.05,3985.93,2037.3,1
4566,200000,1,1,2,21,-1,0,2,-1,-1,-1,92406.87,76444.35,82121.36,71493.75,55074.34,54786.46,18408.43,31440.99,25260.28,23264.41,11324.5,6545.29,0
4567,50000,2,4,1,55,1,0,-1,-1,-1,0,26622.7,21456.36,20728.1,14671.6,14717.2,11403.29,2112.31,12643.01,10068.99,2767.93,8511.07,1452.85,1
4568,20000,2,3,2,56,1,0,-1,-1,-1,-1,7905.55,8662.33,7981.25,8148.1,8784.58,7369.3,4714.89,5043.9,2975.4,3457.42,2905.6,1349.69,1
4569,20000,2,2,1,58,2,0,-1,-1,0,-1,2290.17,2020.64,1963.06,1736.18,1329.21,1232.42,921.25,679.58,450.92,374.68,493.1,178.25,1
4570,200000,2,2,2,59,-1,0,1,0,0,-1,122966.31,101037.98,107400.01,87075.24,74967.22,53124.45,36288.12,17384.21,48301.48,48052.17,32405.36,12522.87,0
4571,100000,2,1,2,45,-1,-1,0,0,-1,0,55274.86,53149.19,57786.79,58205.92,48187.09,43172.35,27835.01,29348.54,22597.73,4443.17,17904.51,5486.71,0
4572,100000,1,3,3,60,-1,-1,0,0,-1,-1,88260.51,78885.41,82942.19,90252.72,84360.2,70545.25,39343.74,27171.94,7318.75,27954.53,30391.24,25473.07,0
4573,20000,1,2,2,33,-1,0,-1,-1,-1,0,10127.47,9188.43,7846.04,6757.68,5258.17,5628.0,2886.18,1226.86,858.59,1926.72,269.9,3224.05,0
4574,200000,1,3,2,24,-1,0,0,0,-1,-1,105591.64,95679.65,93528.89,94106.48,87670.53,69290.44,13890.31,24705.64,9886.64,14606.51,26543.66,22446.97,0
4575,200000,1,1,2,26,2,-1,-1,-1,-1,-1,65161.91,56991.05,53196.97,44074.12,45505.47,39107.72,27017.07,13313.52,11990.28,3899.4,23969.26,11559.51,0
4576,50000,1,1,1,31,0,-1,-1,2,-1,0,8983.96,9795.25,9250.43,9280.15,8875.97,6789.34,4837.28,2430.2,3408.2,1615.99,4953.75,1033.09,0
4577,50000,2,4,2,21,0,-1,-1,-1,-1,-1,33302.91,29292.12,27196.89,29537.0,22971.23,17259.1,11115.5,3064.37,15288.57,3582.74,4790.28,2973.88,0
4578,20000,2,2,1,28,2,2,0,0,-1,-1,14934.65,14443.52,11847.55,11375.31,11370.73,9232.12,5338.18,4388.37,4947.91,1732.65,4998.09,3619.55,1
4579,500000,1,1,1,54,2,-1,0,0,0,-1,397879.41,346786.65,365433.55,290730.87,257029.07,263842.36,204900.39,117673.2,160690.67,151866.13,134214.99,30287.99,0
4580,100000,1,1,1,60,0,0,-1,1,-1,-1,42341.74,43550.94,47623.39,46482.87,34637.69,29478.79,24125.73,23171.31,4920.11,20848.57,10120.3,4343.39,0
4581,300000,1,2,2,29,-1,2,-1,2,-1,-1,198855.59,172746.94,149066.75,154708.02,128539.62,99566.87,69249.01,14742.87,16091.31,19798.71,48694.05,37036.71,0
4582,50000,2,1,2,56,-1,-1,0,-1,-1,-1,15507.68,15265.71,15060.95,12974.79,10335.49,7304.78,1162.92,7570.6,1898.55,7081.54,4154.37,3318.73,0
4583,200000,1,2,2,59,0,1,0,-1,0,-1,60446.59,63480.28,61002.7,57879.52,60042.85,55197.11,8088.16,25113.18,22599.97,31138.36,34341.79,31353.79,0
4584,200000,1,2,2,62,1,1,-1,-1,-1,0,179316.04,158065.23,168963.6,135343.05,107026.17,96111.49,102618.92,91937.87,77517.37,25516.24,33725.6,14154.0,1
4585,100000,2,2,1,57,0,-1,-1,-1,0,-1,77955.15,81149.17,82060.52,72363.08,65471.38,51345.82,39611.75,41029.21,39818.79,5524.21,31299.1,22834.41,0
4586,300000,2,2,2,62,0,-1,0,1,-1,-1,91491.16,75731.46,77617.07,59480.73,57156.44,48314.99,36513.11,22567.45,12867.45,25659.15,8734.1,8877.16,0
4587,50000,1,4,2,64,2,-1,-1,-1,0,-1,22335.97,18648.78,20244.58,20937.26,15127.73,12334.49,6877.1,8925.48,9057.19,7757.36,5629.99,1704.16,1
4588,20000,2,1,2,41,1,-1,2,-1,-1,-1,11039.49,10158.27,10148.55,7496.57,5670.21,5583.41,3046.58,5663.07,2310.13,1921.51,1704.75,2800.29,1
4589,100000,1,2,2,40,3,2,0,-1,-1,-1,11037.74,10177.66,9526.97,6881.68,6983.81,5915.71,819.69,3285.18,3398.74,525.93,1231.57,1265.35,1
4590,100000,2,1,2,58,2,-1,0,-1,0,0,86741.89,82833.66,67556.8,61730.63,51702.89,45906.05,45794.41,16270.91,22337.11,7500.68,2971.98,10669.98,1
4591,100000,2,2,2,21,-1,1,0,0,-1,-1,18701.72,15094.28,16179.69,15095.5,14805.77,16223.44,4778.81,4114.1,1458.76,5745.99,5553.97,4343.27,0
4592,20000,1,4,1,55,-1,-1,0,0,-1,-1,15075.83,12590.46,12299.85,13127.71,13176.38,13942.18,5056.56,3557.75,6303.84,5504.87,6522.91,1050.35,0
4593,100000,2,3,1,48,0,2,-1,-1,-1,-1,88074.42,70731.02,71063.1,55522.54,53139.12,51185.45,30467.83,26938.72,32261.84,9079.64,26247.36,27264.75,0
4594,50000,1,2,1,27,0,-1,-1,-1,2,0,33169.16,36033.54,34289.13,34673.21,32339.23,28880.65,16958.05,10249.09,14480.02,10269.75,8545.45,16869.55,0
4595,50000,1,2,1,63,0,0,0,2,-1,-1,43667.61,39039.06,35841.25,34322.57,30821.81,25916.85,6916.19,14838.56,8496.14,18230.81,4606.49,4223.3,0
4596,100000,1,3,2,64,-1,-1,0,-1,-1,-1,11575.2,11649.52,11080.63,11043.72,9466.48,10197.92,3602.86,794.92,6598.74,2011.8,5384.82,935.81,0
4597,100000,2,3,3,29,1,-1,-1,2,0,1,38363.88,37693.74,30703.48,23426.15,17798.89,18956.51,22090.44,9693.22,2596.11,12450.91,4626.69,6056.96,0
4598,20000,1,4,1,21,-1,-1,0,1,0,-1,9623.23,9790.8,10176.3,8940.73,9737.77,7459.34,4238.56,4087.99,2201.29,1865.8,2349.53,3074.18,0
4599,50000,1,2,2,56,2,-1,-1,0,0,0,36317.6,38673.0,32771.16,27607.48,26413.93,21153.6,9782.76,4301.69,4011.32,14413.39,10252.86,6797.89,1
4600,50000,1,4,2,54,0,-1,-1,1,-1,-1,31181.28,27125.98,24407.92,23915.41,18599.09,15924.52,12400.84,4562.81,4382.09,8797.59,5431.75,6511.76,0
4601,20000,1,1,1,54,-1,0,-1,-1,-1,0,13776.15,12780.48,10557.94,9897.15,10239.54,9040.74,5144.26,5776.95,3119.26,4596.83,2448.47,5181.45,0
4602,200000,2,1,1,37,-1,-1,-1,1,-1,-1,43145.89,38768.02,40550.72,44079.21,45356.43,41586.54,15093.97,16035.22,15696.08,10457.91,10374.15,9660.52,0
4603,300000,1,1,2,52,-1,0,0,-1,0,-1,232743.71,191952.93,163256.57,123339.66,123486.71,88349.31,80068.81,46098.8,16963.04,15601.71,32814.89,47582.05,0
4604,50000,1,1,2,22,-1,0,-1,-1,-1,-1,37889.03,30674.12,28210.24,25091.05,18724.82,13617.5,16860.03,18275.9,10425.04,3306.99,7994.21,4759.97,0
4605,200000,2,2,3,56,0,0,-1,-1,-1,-1,143026.0,147236.22,136140.98,133083.23,94111.45,83550.41,76528.27,32529.53,65095.7,18704.37,5301.47,36946.89,0
4606,200000,2,3,1,45,-1,1,0,-1,-1,0,150871.99,126546.63,113250.11,95981.0,94377.15,100726.68,41647.54,23531.44,62953.58,15422.38,15251.33,51136.83,0
4607,200000,2,2,2,63,1,0,1,-1,-1,0,54175.18,43589.85,46119.7,49314.75,38554.34,38437.13,31765.27,10357.31,7598.45,26404.36,7348.48,7552.78,1
4608,20000,2,2,1,46,-1,-1,-1,0,-1,-1,4244.27,3953.64,4078.31,4245.62,4399.72,4035.47,1152.84,1830.58,2205.14,1355.33,2638.77,990.17,0
4609,300000,1,2,2,46,-1,-1,0,0,0,-1,244814.77,219520.55,224592.2,235635.54,228352.23,162448.13,103373.91,22129.71,118827.22,40388.19,122451.15,11701.52,0
4610,50000,2,2,2,41,1,0,-1,1,-1,0,43280.41,35482.68,30782.47,29046.87,24682.95,17952.2,8597.05,7387.47,6310.14,11479.2,6952.12,8591.52,1
4611,50000,2,2,1,38,0,0,-1,-1,0,-1,21970.66,17916.58,15351.92,13642.85,12210.4,11624.23,10131.9,6886.44,6572.32,1308.69,5319.74,1033.84,0
4612,10000,1,3,1,49,0,-1,-1,-1,-1,-1,4576.0,4914.38,4295.06,3638.61,3278.74,2546.57,1206.1,2583.34,1853.09,549.9,589.02,716.03,0
4613,50000,2,2,1,44,-1,0,0,1,-1,0,34639.08,37476.09,34322.43,25668.99,21858.93,20336.59,9011.81,10867.22,19601.03,9100.25,12383.02,10174.18,0
4614,20000,1,2,1,48,-1,-1,0,1,-1,0,9919.99,9371.28,8843.0,9544.2,7365.72,6492.32,1596.17,2429.94,1566.43,3021.08,4127.9,692.92,0
4615,20000,2,2,2,32,-1,-1,-1,0,-1,0,7016.89,7399.21,6474.69,5215.04,5724.75,4429.94,620.32,1797.55,653.63,898.87,796.17,2641.93,0
4616,50000,2,3,1,31,0,0,-1,0,-1,0,12603.84,13108.35,12286.83,12542.78,12538.86,11111.97,3050.18,1037.8,4395.75,952.18,7029.5,4005.45,0
4617,200000,2,1,2,47,-1,-1,-1,-1,1,2,23624.2,23005.38,19676.84,13867.45,10574.85,11153.41,8975.01,13021.18,3767.07,5283.91,2915.93,1324.43,0
4618,200000,2,2,1,43,0,-1,0,-1,-1,-1,114031.79,116910.05,102960.97,87784.43,62662.94,49496.02,8581.64,8690.3,18502.88,47145.09,20100.06,2862.42,0
4619,50000,2,2,2,53,2,-1,0,0,0,1,10686.16,11532.1,10127.75,9403.04,7877.23,8529.13,1654.79,4140.5,5648.46,4446.19,3393.95,2004.13,1
4620,200000,1,2,2,36,-1,-1,0,0,0,-1,157336.15,152599.01,155366.51,128294.18,118258.92,93624.9,29072.69,74226.91,69560.36,20618.66,37044.75,16037.82,0
4621,200000,2,3,2,48,2,-1,-1,-1,-1,0,177258.98,169016.58,158461.25,123212.89,132475.53,116925.23,27142.32,88089.73,66297.47,53424.67,48367.82,35656.04,0
4622,200000,1,1,2,48,-1,-1,-1,-1,0,0,93238.42,74689.86,73537.03,53577.62,40341.77,39905.44,9944.93,11320.0,42189.18,9499.73,11947.65,12225.28,0
4623,20000,1,2,1,58,1,-1,-1,-1,0,-1,3849.12,3705.33,3708.26,4062.93,3559.5,3594.35,579.33,251.6,326.23,1911.93,309.54,487.89,1
4624,100000,2,3,2,26,1,-1,-1,0,0,-1,56641.39,59204.43,48580.45,51231.19,39522.23,32570.22,31977.01,27981.12,18116.7,23850.73,13941.93,13432.21,1
4625,300000,1,2,1,62,-1,-1,-1,-1,-1,2,167730.86,172533.17,179167.34,147802.48,107584.42,76018.5,80640.23,14453.0,56994.16,25356.58,8293.01,21044.69,0
4626,100000,1,2,1,49,3,-1,2,0,2,-1,20668.3,20538.89,18180.86,12841.46,12077.83,11478.16,11505.32,5963.99,3930.37,781.68,1271.35,4569.49,1
4627,50000,2,1,1,54,0,-1,0,-1,-1,-1,30877.21,24929.5,23755.96,21765.93,16139.89,13378.31,16658.19,6113.2,8852.65,7347.39,6907.41,7024.2,0
4628,100000,2,1,2,23,-1,0,0,-1,0,0,35285.03,38023.48,34278.77,28403.25,28064.57,25495.95,9533.77,4708.42,16801.76,11279.45,8650.71,3650.49,0
4629,100000,1,2,2,26,0,0,-1,-1,-1,-1,77639.35,72106.13,74419.05,55539.0,51173.91,37145.45,19650.63,24672.35,26698.54,11132.66,17753.05,10703.48,0
4630,100000,1,1,2,58,3,0,-1,1,1,-1,57033.43,55405.73,48118.6,48894.4,38773.67,33207.7,27237.13,7376.13,7008.45,13690.46,5527.66,17026.9,1
4631,20000,1,3,1,33,2,0,-1,-1,-1,-1,8927.22,8206.95,8938.44,7466.0,7598.88,7237.61,4870.94,3408.93,3218.23,2257.47,3243.61,3236.99,1
4632,50000,2,2,1,56,-1,-1,-1,-1,0,-1,43532.72,39382.47,36233.33,39463.19,38667.81,28354.65,20164.71,19228.42,5726.69,17781.69,3462.93,6180.3,0
4633,200000,1,1,2,35,0,2,-1,-1,0,-1,98595.87,93979.43,95247.26,93577.86,88947.13,79096.87,36459.97,16651.54,12678.81,14707.54,16840.11,36854.85,0
4634,200000,2,2,2,26,-1,-1,1,-1,-1,-1,161967.1,153611.16,152448.99,157920.07,124052.8,108521.0,57724.87,70212.08,53469.68,15908.28,67812.76,28224.99,0
4635,20000,1,2,1,53,0,-1,0,-1,-1,-1,6228.96,5649.2,5777.86,5481.53,5386.21,4442.66,1899.73,2291.04,625.98,1087.66,345.36,2595.64,0
4636,300000,1,1,2,61,0,-1,-1,-1,-1,-1,136026.06,141624.38,136712.96,126415.94,115828.64,126747.12,40815.58,28093.57,35121.42,40937.65,53308.9,24101.49,0
4637,50000,2,1,1,32,-1,1,-1,-1,-1,0,8355.53,6811.3,6233.28,5430.52,4961.97,5407.17,677.32,1071.65,2539.7,686.29,680.87,800.25,0
4638,100000,1,2,1,63,0,1,-1,-1,-1,-1,43820.62,36594.89,31247.57,22912.18,17133.95,15349.54,7382.91,19430.59,11584.46,4028.41,8708.62,8185.2,0
4639,200000,2,2,1,33,2,0,-1,-1,-1,-1,163118.85,134534.21,128592.22,127944.37,96476.95,74805.7,21055.22,21636.05,40644.32,41281.41,37074.82,24179.67,0
4640,200000,1,2,1,53,0,-1,2,0,-1,-1,152713.95,148055.85,121147.76,101271.85,72198.75,64000.97,47055.36,13801.29,22248.29,45248.63,4951.21,29393.01,0
4641,300000,2,2,1,48,1,1,0,-1,0,-1,264169.46,244027.85,199528.72,155367.62,124013.62,128868.64,55191.2,54897.19,42942.39,10055.1,6780.36,73790.16,1
4642,50000,2,2,2,56,-1,-1,-1,1,-1,-1,34989.36,32736.5,32213.29,24023.56,21557.84,18063.45,9029.88,17923.18,5506.5,8742.96,7900.35,2863.24,0
4643,200000,1,2,2,25,3,0,-1,-1,0,0,63438.12,61726.83,58279.19,42621.76,35955.52,30074.58,37067.9,22976.26,19754.68,11131.72,17496.09,3160.25,0
4644,20000,1,2,2,45,-1,2,-1,0,0,-1,4573.3,4103.12,3905.48,3476.53,3424.93,3505.68,2151.33,1826.0,2102.12,1248.95,1516.38,592.74,1
4645,100000,1,2,2,37,0,0,0,-1,0,0,24361.32,20827.42,18653.2,19302.23,16657.88,15845.49,3088.65,3547.97,9579.61,7764.95,3540.39,1792.32,0
4646,100000,2,1,3,57,1,-1,-1,-1,0,0,62910.61,56119.39,58205.33,43740.43,32249.68,27803.07,31139.43,18049.59,28516.03,3076.84,14453.75,16100.86,1
4647,100000,2,3,1,39,1,0,-1,-1,1,-1,40579.77,44564.56,38341.36,34733.22,34380.54,31199.02,11898.71,21616.12,7902.54,12021.98,6974.35,13801.97,1
4648,50000,2,2,2,55,-1,-1,-1,-1,-1,-1,21561.48,23411.6,22845.95,19456.59,15052.8,14116.87,11210.25,5932.42,7063.93,11087.56,4851.26,5797.85,0
4649,200000,2,3,2,63,0,-1,-1,0,2,-1,157691.84,171409.55,181375.89,166134.35,137228.61,104908.5,73775.65,76089.39,48138.51,46924.73,23555.44,60153.19,0
4650,20000,1,2,1,54,0,0,-1,0,1,-1,13626.64,11014.27,11567.42,8365.72,7531.22,6709.29,4568.23,4083.86,3930.13,4617.92,855.53,3946.05,0
4651,10000,1,1,1,26,-1,-1,-1,0,-1,-1,2674.19,2211.12,1787.88,1634.22,1506.21,1369.52,1192.18,518.36,527.01,954.88,870.78,756.19,0
4652,100000,1,2,2,39,0,-1,-1,-1,-1,-1,23688.1,19275.31,17033.51,15670.6,12818.34,14076.34,13394.23,5348.74,5131.77,6123.01,5211.17,5811.64,0
4653,50000,1,2,2,21,-1,0,-1,-1,-1,0,37877.31,39568.2,40138.78,42066.78,37199.01,29798.33,13109.48,18002.41,3514.24,14069.6,6445.8,9630.92,0
4654,200000,1,2,1,27,-1,0,-1,2,0,-1,172577.39,189388.24,193597.11,150967.42,109705.23,87671.63,22774.51,87462.04,31107.42,71728.58,12914.92,6501.49,0
4655,50000,2,2,2,54,-1,-1,-1,0,0,0,12405.7,11945.4,11286.3,11578.57,8846.4,8884.81,4497.73,6454.08,2897.06,5605.18,1694.91,4729.68,0
4656,20000,2,3,2,39,-1,-1,0,-1,0,-1,17228.18,17404.76,14981.03,14989.54,14084.41,11747.0,1306.07,6029.13,2674.52,5890.64,3580.69,1234.24,0
4657,200000,2,2,1,53,1,1,-1,2,0,0,88757.96,80385.15,71036.36,75709.46,53135.29,38389.54,26589.93,23641.75,37753.12,3802.64,27949.6,3738.06,1
4658,100000,1,2,2,46,0,-1,-1,1,-1,-1,82452.73,84895.01,88315.19,94070.97,72771.69,78824.66,14238.44,40711.65,48223.88,38479.39,30951.0,32388.88,0
4659,20000,2,1,2,61,0,0,-1,-1,-1,-1,14013.71,13969.22,11980.68,12058.02,11471.27,8220.68,5675.89,3663.72,5152.29,6445.87,2845.64,4169.99,0
4660,100000,2,4,2,62,-1,2,-1,-1,-1,-1,82408.86,85728.96,92818.22,99324.96,78754.96,84089.84,22219.3,32256.36,53316.37,8676.75,18060.84,35908.5,1
4661,100000,2,3,3,47,-1,0,-1,-1,-1,0,61611.8,58531.65,55620.32,44695.48,45909.9,47062.24,20521.02,27403.94,6132.03,9580.51,8297.82,11800.7,0
4662,100000,1,2,1,58,0,-1,0,0,0,-1,22560.78,19361.79,17135.69,13061.71,11194.01,10570.63,12193.17,10818.16,4123.38,6809.52,1253.27,5350.75,0
4663,50000,1,1,1,46,-1,-1,-1,0,0,-1,7414.65,6989.91,6408.94,5205.01,5130.41,5400.43,2244.28,3766.33,3790.69,2049.97,2686.84,286.09,0
4664,200000,1,2,1,55,1,0,1,0,0,-1,120337.97,107537.36,94305.29,97695.38,102973.68,80145.48,72026.25,44451.56,38519.63,11018.79,31862.71,11265.87,1
4665,200000,1,1,2,40,3,0,0,0,0,-1,29336.92,29578.42,27073.15,22346.43,19648.88,15227.2,3669.57,1812.99,15575.88,8451.04,11207.94,4957.46,0
4666,100000,2,2,2,44,2,0,0,-1,-1,-1,28878.93,24288.76,20384.07,20943.81,20315.68,17827.42,15061.16,11079.85,3389.4,8166.91,9729.35,9500.19,1
4667,20000,1,1,2,41,0,-1,-1,-1,-1,-1,5299.69,4767.46,4991.28,4236.55,4394.82,4828.16,1324.2,1106.87,1491.23,467.19,1895.31,516.96,0
4668,200000,1,2,1,46,0,-1,-1,1,-1,-1,88336.6,70843.58,77155.53,78683.35,62831.27,44213.25,43057.83,36018.01,14802.98,11372.45,15103.56,14424.31,0
4669,100000,2,2,1,40,2,-1,0,1,-1,0,57790.43,60371.21,60234.88,62576.2,65960.86,49921.66,18742.49,3908.3,33020.42,23205.65,20379.9,8146.71,0
4670,100000,2,2,2,26,0,0,-1,-1,-1,0,82893.16,76426.49,79680.29,77381.43,80795.65,79790.23,27994.14,8582.26,32036.35,21443.97,14586.12,13466.95,0
4671,50000,2,2,2,23,0,0,0,-1,-1,-1,42447.68,43842.35,38073.74,41570.1,30103.94,24183.46,14564.92,18825.26,16133.4,7360.26,14743.44,12402.16,0
4672,200000,2,3,2,30,0,-1,0,-1,-1,0,177179.8,146931.61,120311.44,119364.35,106045.64,97749.64,32408.2,28830.99,45989.9,47137.43,32498.49,13914.06,0
4673,100000,1,1,2,32,0,0,1,-1,-1,-1,71105.87,61018.71,60294.64,48118.45,35822.28,35309.77,5642.59,13718.19,29308.2,5323.04,17338.91,3087.84,0
4674,20000,1,2,2,53,0,0,-1,-1,-1,-1,16740.75,17663.85,18463.55,20194.78,21294.63,22065.67,6852.45,4771.66,6096.3,2267.03,2026.67,2141.16,0
4675,50000,1,1,1,42,0,1,-1,-1,-1,-1,36625.03,35842.64,37645.63,36648.96,29167.22,26912.83,2348.4,5540.6,19849.11,2041.83,6506.01,6528.99,1
4676,200000,2,1,1,36,0,-1,-1,-1,-1,2,165696.19,132850.25,127513.53,111484.51,94582.43,70025.63,74491.6,69441.62,9287.99,45676.66,9298.36,24344.35,0
4677,10000,2,1,2,37,1,-1,-1,0,-1,-1,1833.4,1964.56,1938.29,1738.21,1868.9,1826.93,418.05,193.61,948.51,977.21,699.94,102.87,1
4678,300000,1,2,2,30,0,-1,-1,1,-1,-1,260777.98,285564.77,259999.71,261676.45,242005.78,217907.93,69843.55,40998.8,15527.68,16045.42,108428.91,129996.11,0
4679,100000,2,2,1,32,0,0,0,1,2,-1,28765.05,28717.74,30130.68,30169.7,32306.59,31584.25,13349.45,7459.09,6975.34,8175.24,15559.91,17890.18,0
4680,100000,1,3,3,39,-1,0,0,0,-1,-1,55477.6,56495.47,57019.84,59097.78,52279.95,37791.57,7378.21,14502.26,17041.49,8653.58,13264.35,11561.37,0
4681,50000,2,2,2,60,2,0,1,0,-1,-1,25673.1,21567.46,18456.6,14696.75,16065.19,11268.46,10455.16,1693.68,6540.64,5958.48,2012.17,1470.05,1
4682,20000,1,1,1,43,-1,-1,-1,-1,0,0,11031.39,11360.95,10041.17,10836.69,11726.43,12463.07,4026.03,2682.87,5492.88,3208.62,6832.38,1729.04,0
4683,300000,1,2,2,60,0,0,0,-1,-1,-1,198487.09,164684.41,139250.03,112041.12,79330.43,73568.65,55448.68,77465.64,75876.71,41945.83,12254.66,19444.94,0
4684,50000,2,1,2,30,1,-1,0,0,-1,-1,26583.9,28363.02,26993.57,24083.48,20771.16,16024.3,10476.23,15310.25,13543.3,12333.43,4727.7,8844.47,1
4685,200000,2,2,1,30,0,0,1,-1,0,-1,130199.68,123877.41,106617.77,83646.88,90337.05,88696.04,32301.04,14637.17,63013.5,30355.4,19657.56,24569.36,0
4686,50000,2,1,2,30,-1,-1,0,-1,-1,0,26375.54,22217.53,18832.26,16454.02,16876.93,16589.04,5154.83,9072.11,4030.46,5672.24,7991.07,4363.32,0
4687,20000,1,1,2,59,-1,-1,-1,-1,-1,0,2192.69,1812.51,1537.24,1475.68,1158.11,1234.47,217.4,1014.33,701.78,190.33,590.72,685.06,0
4688,10000,1,2,1,50,3,-1,1,-1,-1,-1,6018.93,5609.85,4935.33,4425.7,4664.53,4696.16,2256.1,1205.86,419.26,1346.21,965.51,2801.49,1
4689,100000,1,4,2,24,-1,-1,-1,0,-1,-1,54416.1,43620.04,45482.99,36359.44,28383.39,29390.54,31456.29,23210.38,10266.48,14370.85,5841.87,7674.5,0
4690,500000,2,2,1,21,-1,-1,1,1,-1,0,284337.68,309464.03,334681.45,286088.68,307394.81,317892.76,140211.7,42108.81,76354.06,125465.98,131987.96,184186.06,0
4691,50000,2,3,1,63,0,-1,0,-1,-1,0,5062.42,4309.16,4734.72,4440.18,3255.63,2661.37,515.16,2256.0,917.12,422.16,1700.82,322.96,0
4692,50000,2,1,1,39,0,-1,-1,-1,0,-1,23749.87,21988.95,17856.88,18912.3,20397.54,18536.22,4053.98,6260.42,10482.07,8069.8,2717.61,2963.11,0
4693,50000,1,3,1,25,0,-1,1,-1,-1,-1,39999.09,39279.16,38127.17,33151.01,24297.46,17351.72,16286.03,19794.73,21714.53,5227.82,14362.03,5016.53,0
4694,100000,2,2,1,50,0,0,-1,1,-1,1,36604.43,36693.93,32288.2,30026.31,23755.26,17035.0,1871.46,6083.94,8596.17,12418.26,10113.87,4436.01,0
4695,50000,2,1,2,46,1,-1,1,-1,-1,-1,22795.28,22098.72,24235.06,25794.36,23897.6,25151.95,8199.62,1942.85,6162.15,5257.07,5159.14,4438.18,1
4696,200000,2,1,1,60,2,1,0,-1,-1,0,39591.07,33794.03,37014.55,38362.8,29739.35,21425.19,23188.13,12764.04,11772.65,14384.48,14007.95,6677.78,1
4697,100000,1,1,2,54,1,1,0,-1,-1,-1,46018.74,43328.49,46804.82,36233.43,31004.85,28510.99,11213.26,8513.81,13346.12,4905.96,2351.63,12933.57,1
4698,100000,2,2,2,22,-1,-1,-1,-1,-1,-1,41662.27,37361.85,30048.91,25382.23,19482.68,20874.89,22557.69,18442.56,6493.73,14674.18,10725.36,2843.69,0
4699,20000,2,1,1,44,0,-1,-1,0,0,-1,16128.65,13335.39,11286.49,11461.42,10580.18,8275.71,1762.86,6716.08,2199.13,4990.24,3304.7,2069.79,0
4700,500000,2,2,2,34,0,-1,2,-1,-1,-1,64176.18,58801.9,56787.06,56356.2,53221.16,46679.06,4849.33,26336.51,31905.17,10709.69,8882.91,3121.33,0
4701,20000,2,4,2,61,0,0,-1,0,-1,0,17219.46,16920.7,14487.28,14587.1,11497.29,11026.51,4150.5,5477.83,2322.75,7401.35,4850.27,6344.02,0
4702,10000,1,1,2,62,-1,0,0,0,-1,-1,5611.23,4660.77,4923.9,3760.82,3071.18,2840.02,2066.83,2599.48,1323.21,2167.5,310.78,1330.49,0
4703,100000,2,2,1,33,0,-1,0,-1,2,-1,52370.75,44488.6,44929.98,39719.69,39530.85,33421.42,26657.41,16550.98,19334.6,13847.45,12300.22,7659.97,0
4704,100000,2,2,2,49,2,-1,0,0,-1,0,80896.17,66810.72,57138.19,55885.67,41055.67,41673.67,12292.56,9957.22,33439.77,13520.02,23253.79,6069.55,0
4705,50000,1,3,3,21,0,0,0,0,0,0,12640.38,10116.54,10577.08,9121.19,8037.23,6942.34,2450.37,3743.97,4657.24,1404.55,3224.57,2372.51,0
4706,50000,1,2,1,54,0,-1,-1,0,-1,0,13360.54,14441.81,13712.24,12694.72,10359.29,8851.36,4186.58,5296.46,4785.99,4948.37,1056.29,1534.89,0
4707,200000,1,2,1,24,0,2,-1,0,0,-1,159908.14,168140.96,170312.25,170970.77,147879.03,104792.52,38414.51,67603.82,51939.34,32014.84,78667.93,36513.67,0
4708,20000,2,2,2,48,-1,-1,0,0,-1,-1,16871.11,14668.81,12350.39,11133.31,11513.8,12041.44,883.64,1534.56,4997.71,5986.91,5828.13,3297.82,0
4709,200000,1,1,1,39,0,-1,0,-1,-1,-1,154049.81,149935.12,143241.39,135232.91,147625.52,162352.41,35711.2,64288.81,61240.23,27020.88,67434.61,57719.68,0
4710,100000,2,1,2,21,-1,-1,0,1,-1,-1,13301.2,13839.64,14294.98,11968.51,9241.56,9216.73,2572.77,3761.85,8520.99,1297.16,1292.59,3185.56,0
4711,50000,1,2,1,56,0,0,-1,-1,-1,-1,31082.77,28284.11,25559.68,21624.19,15665.55,17050.31,10189.1,10910.54,6188.92,12841.47,6105.83,902.34,0
4712,50000,2,1,1,63,1,-1,2,-1,-1,-1,23045.5,23545.93,20156.43,15622.42,12166.38,10927.84,2623.18,13101.83,3362.9,4115.64,5864.79,4757.28,1
4713,50000,1,2,2,33,1,-1,0,-1,-1,-1,37312.99,39574.06,39251.16,43047.87,45158.22,42116.71,15924.66,9349.38,11141.62,17686.39,19979.49,15713.4,1
4714,200000,1,1,1,62,-1,-1,-1,-1,-1,-1,45301.42,43018.06,42726.45,40283.16,42369.2,44650.87,9591.71,15206.49,7922.63,7899.85,9892.37,17091.38,0
4715,100000,2,2,1,25,-1,-1,0,-1,-1,-1,83626.61,89180.49,76811.54,59741.56,48671.29,44270.82,14755.04,42243.94,5789.95,11205.11,27863.1,8852.25,0
4716,50000,2,1,1,53,1,0,0,-1,-1,-1,18416.03,15892.88,13044.95,9989.25,8310.5,6054.97,4005.96,1854.08,7592.34,2863.81,1326.63,3478.75,1
4717,100000,1,3,1,34,-1,-1,0,1,2,-1,35858.34,38383.96,32623.88,25819.37,24931.06,24815.46,10852.18,9398.14,2727.36,13329.33,7253.55,6342.27,0
4718,500000,1,3,2,36,-1,0,0,0,-1,-1,121370.94,126425.62,111590.61,110153.08,92165.68,69640.53,65320.13,15781.36,35128.81,39649.88,25394.01,12831.85,0
4719,50000,1,1,2,52,0,-1,-1,-1,0,-1,5278.01,5552.57,4502.49,4050.11,4299.71,3599.7,2259.35,2842.07,1408.69,1370.85,2334.84,243.44,0
4720,300000,2,1,1,47,0,-1,-1,-1,0,0,105058.37,84188.47,90655.78,82879.53,84572.32,87767.72,15502.17,39953.17,13776.4,21711.21,13934.94,33126.61,0
4721,50000,2,2,2,55,1,0,-1,-1,2,-1,10932.96,10922.99,9493.72,9288.88,7831.7,6351.97,4591.41,2448.7,3490.2,1728.32,3713.02,3232.01,1
4722,10000,2,1,1,23,3,0,0,0,-1,0,6905.12,6354.06,6491.79,6437.18,7009.54,7526.93,926.84,420.06,3268.14,3016.58,2402.22,1169.67,1
4723,20000,2,2,2,24,-1,0,-1,-1,-1,-1,14106.2,13843.4,12796.8,12779.59,12753.68,13086.39,3177.34,3810.71,6807.91,748.64,4901.87,5558.66,0
4724,50000,2,1,1,27,-1,-1,-1,-1,-1,-1,38117.3,31450.49,29896.68,21881.39,21945.28,23860.4,11615.39,1872.92,7510.7,12378.07,1322.13,1249.06,0
4725,20000,1,3,1,33,0,2,0,2,0,0,2087.07,1817.72,1746.97,1804.56,1956.4,1451.53,834.59,382.97,273.93,854.33,824.44,547.5,1
4726,10000,2,3,2,61,1,-1,-1,0,0,-1,3811.87,3451.21,3561.09,2741.15,2391.02,1955.57,1176.13,571.67,1170.99,618.84,415.24,173.81,1
4727,300000,2,2,1,23,-1,-1,0,-1,-1,-1,31393.86,31881.37,33041.02,31518.91,22585.37,22957.41,11645.39,5687.46,3864.79,16098.32,6766.26,12472.24,0
4728,200000,1,2,1,37,0,-1,-1,0,-1,-1,101234.4,97779.7,82367.85,65086.52,71359.79,69174.64,43077.04,41977.36,42637.27,15419.67,22239.47,14329.35,0
4729,100000,1,3,2,30,0,-1,-1,0,-1,-1,82720.62,66539.52,59286.92,61093.14,65621.01,65985.18,47890.57,29263.52,17973.03,13730.42,38001.92,21090.55,0
4730,20000,1,3,2,21,1,0,-1,-1,-1,-1,8526.24,7677.31,7461.67,7506.82,8155.91,8555.33,4674.02,3366.27,4024.43,1644.83,2495.8,2269.25,1
4731,20000,1,4,2,48,-1,-1,0,-1,-1,-1,15978.61,17288.67,15544.62,11970.83,10648.66,8613.68,5250.59,8663.08,1099.32,3242.32,2977.9,3171.84,0
4732,10000,2,1,2,30,3,2,-1,-1,-1,-1,8580.63,7327.47,6153.9,5662.27,4336.32,4722.04,3934.54,3563.84,3170.81,2858.01,2030.2,1050.55,1
4733,100000,2,1,2,27,0,-1,-1,0,0,-1,29029.32,25285.5,23326.64,23062.51,17950.14,18018.21,8456.37,9986.56,4497.03,4448.1,5046.98,10069.7,0
4734,300000,2,2,1,59,-1,0,-1,-1,-1,-1,32437.21,28940.98,25049.21,19230.27,17101.55,18454.87,18856.44,5059.6,14416.45,7509.93,9090.6,4223.37,0
4735,50000,2,2,1,23,-1,0,-1,-1,-1,-1,34582.77,30446.54,25667.72,19470.22,18889.14,14045.42,3206.95,7443.88,2372.53,2742.65,6442.99,4745.49,0
4736,20000,2,1,2,27,-1,1,1,0,0,-1,11264.16,9422.67,8397.56,7140.45,6326.85,5840.65,1834.45,2604.97,4292.84,4241.21,3349.15,1580.72,1
4737,100000,2,1,2,29,0,-1,0,-1,-1,0,37771.92,33760.47,30043.66,32069.63,27510.47,28241.11,7259.62,14814.8,10323.71,5533.03,11451.9,4995.05,0
4738,50000,1,3,2,60,1,2,-1,1,1,0,19704.15,18952.03,15714.25,11426.0,12401.75,9123.89,4040.76,6538.82,2463.21,5802.67,5060.76,5426.61,1
4739,50000,1,3,2,55,-1,1,-1,0,-1,-1,8239.09,8260.38,8055.81,6795.47,6517.44,5827.68,1656.57,3785.8,2313.3,1217.49,2352.3,2452.73,0
4740,100000,2,2,1,46,0,2,-1,1,-1,2,79685.39,79116.18,70753.85,72348.42,62432.53,63623.45,30482.28,10869.11,15349.03,21418.74,20162.37,21103.8,0
4741,100000,1,3,1,25,1,1,0,-1,-1,-1,29365.16,24925.23,21235.95,17789.31,17361.23,12495.92,15903.3,4431.29,3844.82,3433.82,4339.42,5079.26,1
4742,20000,1,2,1,33,-1,1,-1,0,-1,-1,3553.67,3498.08,3657.52,2640.87,2684.98,2650.14,309.19,285.02,1433.33,1204.91,1317.02,875.35,1
4743,10000,2,3,2,50,0,0,0,-1,-1,-1,7236.27,6566.9,5258.59,5011.66,4244.64,4615.5,3673.33,2441.73,2216.35,2077.92,1705.91,2150.41,0
4744,500000,2,2,2,60,-1,0,0,-1,0,-1,244029.81,255389.59,239118.06,259002.43,230521.11,166543.65,52491.73,148344.08,25957.58,29704.91,23641.75,28039.95,0
4745,20000,1,1,2,59,-1,0,-1,0,1,-1,14206.35,12909.64,12012.21,11193.72,10709.56,11428.95,5314.89,4504.23,5392.26,5495.13,4523.2,6781.28,0
4746,10000,2,2,2,30,0,0,0,0,-1,-1,8215.0,8978.75,8990.83,9222.51,8807.83,7642.32,3387.16,1537.61,2838.0,5020.59,675.33,1624.66,0
4747,20000,2,2,2,62,-1,0,-1,-1,1,0,8114.03,7987.83,7323.4,5167.95,3980.34,2824.79,2913.31,3107.36,2501.3,446.15,2335.66,762.4,0
4748,10000,1,2,2,43,0,2,-1,-1,0,0,1435.77,1333.39,1271.81,1226.29,1102.18,925.0,146.26,565.36,583.82,127.23,249.72,539.38,0
4749,50000,1,1,3,31,2,-1,-1,-1,-1,-1,15129.58,14387.23,15430.81,11733.51,9429.63,7747.54,4783.29,5291.91,4436.32,973.04,1082.37,1477.18,1
4750,200000,2,4,2,32,-1,0,-1,-1,0,-1,28171.2,24024.0,20432.05,20011.6,21321.1,17047.97,2381.49,6117.5,7691.69,3858.85,3784.5,2438.07,0
4751,50000,1,1,3,33,-1,-1,0,0,-1,-1,10966.19,11010.51,9156.92,8498.0,7636.2,7876.53,563.86,5575.27,3041.66,4808.72,4373.43,3102.52,0
4752,50000,1,1,1,60,1,-1,0,-1,0,0,38957.88,42422.03,43441.32,34260.56,34487.96,30381.95,6269.85,13590.85,5009.1,5284.45,11091.73,17641.13,1
4753,100000,2,2,1,36,-1,-1,2,-1,0,-1,85313.62,81430.78,83293.14,77796.73,55830.86,45962.53,18223.07,48370.69,23758.31,45028.72,32794.7,27390.26,0
4754,100000,2,2,2,29,-1,-1,-1,0,1,2,64153.05,70421.15,75765.67,73527.91,62693.12,51661.85,27431.05,12946.72,38631.15,15915.81,14370.97,9356.81,0
4755,200000,1,2,3,30,0,2,-1,-1,-1,-1,137091.55,115861.38,126862.08,134582.23,102755.78,112706.98,35831.6,20019.48,8435.84,64074.35,7578.01,24386.73,0
4756,200000,1,2,1,49,2,-1,-1,-1,-1,-1,137037.71,135846.18,124342.15,131247.95,112504.82,106601.39,43735.28,12410.99,8515.01,49342.85,62484.97,51503.86,0
4757,10000,1,2,1,29,-1,0,0,0,1,-1,1986.85,1993.55,1820.57,1956.32,1991.57,1427.23,753.23,537.08,1021.46,336.67,1105.07,192.69,0
4758,200000,2,2,2,53,2,-1,-1,-1,0,-1,27538.0,24605.67,26362.45,27324.21,29257.82,30871.92,1894.27,4592.64,13209.84,14330.93,7143.81,7069.91,1
4759,50000,1,2,2,44,0,1,-1,-1,0,-1,32935.97,29822.52,31558.59,28918.19,30841.23,30553.6,7948.7,15158.08,1639.28,2147.21,12742.28,10826.62,1
4760,500000,2,1,1,55,0,0,-1,0,0,-1,64966.69,70400.57,64249.83,66797.95,49934.71,39183.28,18500.42,23652.84,36236.87,3739.68,9560.62,7173.28,0
4761,50000,2,2,2,31,0,-1,-1,-1,0,-1,37470.19,36855.0,30327.57,29990.63,24610.64,18345.39,7266.22,3061.36,6482.81,8676.51,9690.73,1173.93,0
4762,500000,1,3,3,59,-1,-1,-1,0,-1,2,286455.17,296325.76,288730.1,287335.22,277034.33,235719.64,73538.17,73073.78,85974.14,80649.77,23642.79,14302.15,0
4763,200000,2,1,2,33,-1,-1,-1,2,0,2,38161.65,38840.76,34203.56,26056.65,20361.07,15946.4,12259.67,16802.03,6137.99,10740.69,4895.51,9317.61,0
4764,20000,2,2,1,43,-1,-1,-1,1,-1,-1,12548.69,12339.06,13234.61,10215.17,7360.75,7218.92,4688.5,3914.23,1949.19,686.94,1937.04,2288.08,0
4765,100000,2,3,1,45,-1,-1,-1,-1,0,0,58504.56,47643.86,49637.05,38325.51,41448.01,31903.51,12273.63,11600.47,5834.37,16300.83,9170.25,18651.71,0
4766,500000,1,2,1,36,3,2,0,-1,-1,-1,200523.82,200284.65,214363.08,167989.36,139733.49,127087.21,86998.11,27109.19,92878.47,58761.19,44686.98,32859.42,0
4767,200000,2,2,1,41,0,0,0,-1,1,-1,150835.22,136275.68,112328.53,97412.56,84550.78,80732.37,78926.44,56697.83,6484.81,22400.18,34830.17,40402.6,0
4768,10000,2,4,1,30,0,-1,0,-1,1,-1,3436.87,3233.08,3425.08,2829.67,2289.17,2215.05,423.87,477.74,903.85,882.69,743.97,281.09,0
4769,100000,2,1,2,61,1,2,-1,-1,-1,-1,40232.78,42463.13,41525.79,29883.56,24805.76,24962.01,8433.48,22447.77,12456.06,2579.52,7339.28,2006.57,1
4770,50000,1,1,1,60,3,-1,0,-1,0,0,32864.92,35842.88,30990.76,30669.13,33295.01,30004.36,7901.62,21295.39,6542.31,9029.39,13792.41,7293.8,1
4771,10000,2,3,2,39,3,-1,-1,-1,1,-1,7016.25,7074.38,6298.87,5425.19,4213.82,3305.49,757.24,2504.2,1181.98,1902.38,2171.08,238.61,1
4772,50000,1,3,2,55,1,0,0,0,-1,0,15942.44,13863.46,12989.93,9497.99,8528.93,7128.5,6157.55,1586.21,5040.07,3837.9,2510.28,2263.99,1
4773,20000,1,2,1,48,-1,-1,-1,-1,0,0,2268.58,2031.07,2007.3,2038.66,1947.44,1658.99,376.31,867.37,1014.79,111.75,603.99,665.89,0
4774,200000,2,2,3,61,-1,-1,-1,0,-1,-1,48208.6,40564.32,35283.58,24974.41,19723.58,19229.87,26458.16,4993.15,11576.34,11787.89,10414.72,2205.12,0
4775,50000,2,3,2,22,-1,-1,-1,-1,-1,-1,15527.86,15127.41,13041.53,12049.64,11884.0,11293.78,1954.62,8260.23,5757.57,2595.31,647.56,3191.54,0
4776,200000,2,2,2,50,-1,0,0,0,0,-1,164801.16,177816.32,189845.28,190390.61,185248.2,166354.61,74101.15,66197.78,85836.48,47067.49,51270.88,91677.99,0
4777,10000,2,1,1,60,-1,2,-1,0,0,-1,8148.88,8501.57,8956.97,7604.78,8227.61,7317.21,3353.76,4167.41,4917.75,3514.87,511.98,2642.8,1
4778,50000,2,1,2,60,2,0,-1,-1,-1,-1,31427.91,30267.95,31176.99,28983.03,25625.24,18554.29,9670.46,11916.37,14137.65,17124.39,6588.23,5979.47,1
4779,20000,1,2,1,25,2,0,-1,-1,0,-1,13349.12,14449.35,14857.79,10701.7,9137.96,8917.37,4458.92,4902.65,2956.73,3740.27,1759.45,3605.58,1
4780,20000,2,3,2,58,0,0,-1,0,-1,0,11940.05,12764.21,13144.48,10447.49,8822.23,9013.24,1645.03,4325.47,2029.62,1133.27,3143.45,4845.8,0
4781,10000,1,3,1,62,0,-1,-1,-1,-1,0,7233.48,6570.33,7077.76,6833.11,5778.95,6099.25,476.39,3000.53,3888.92,2719.83,1768.1,3003.65,0
4782,20000,1,4,2,35,0,0,-1,-1,-1,-1,7619.2,7352.03,7742.54,7867.53,5625.74,3984.0,4333.45,4017.23,3651.68,4720.16,598.77,755.18,0
4783,100000,2,3,1,56,-1,0,0,-1,-1,-1,53736.49,47760.37,43775.83,32645.29,25936.3,27231.17,3745.91,8138.95,17244.97,1681.74,8893.06,1867.2,0
4784,50000,2,2,1,23,2,-1,-1,-1,1,-1,31826.36,25544.84,24047.68,26127.76,19543.99,20529.21,11671.55,2877.17,13743.81,2045.87,8433.42,4373.41,1
4785,50000,2,2,2,44,-1,-1,0,-1,0,0,23737.16,22202.71,21789.05,18690.8,19667.25,18983.71,11807.2,1798.71,9155.93,5501.33,1589.36,10355.68,0
4786,50000,2,2,2,61,0,2,-1,-1,0,-1,35906.76,36805.61,34695.91,37118.93,26817.93,21760.51,1896.9,19385.6,13857.53,2139.82,1821.31,6363.5,0
4787,200000,1,2,1,61,-1,-1,-1,1,-1,0,169214.01,167564.34,148978.29,136446.07,115444.35,122023.85,44038.97,19657.55,78644.55,31514.26,61939.08,56403.27,0
4788,300000,1,2,1,32,2,2,2,-1,-1,1,189312.09,204087.07,215994.54,206840.86,162942.37,136709.04,41192.31,80774.85,104440.99,34662.35,58944.68,65082.56,1
4789,50000,2,1,2,28,0,-1,0,1,-1,-1,7986.83,8032.61,8362.23,6442.0,6172.97,5755.76,1315.02,1785.56,1780.5,2441.02,677.71,2243.87,0
4790,50000,1,3,2,34,0,0,-1,-1,0,0,29409.46,24773.86,22716.58,23940.85,19883.74,17425.71,4145.31,8913.73,7375.94,4062.77,8849.07,2667.42,0
4791,20000,1,2,1,38,-1,-1,0,0,-1,-1,13141.05,11564.72,9649.6,7092.33,5011.72,5284.25,3381.25,1118.52,3973.21,1516.06,2611.88,1771.19,0
4792,300000,2,2,2,64,0,1,1,-1,-1,-1,97980.33,82068.56,65774.74,72021.47,76165.21,61177.85,12660.13,30297.68,11820.4,40724.22,44318.64,18931.83,0
4793,10000,1,2,2,40,0,0,1,0,0,-1,3574.14,3711.46,3072.1,2632.14,2512.58,2091.62,562.39,1977.73,1233.72,1074.86,1272.59,840.74,1
4794,50000,1,2,1,43,-1,-1,0,-1,-1,-1,28815.36,31270.68,26468.22,20268.25,14198.95,12256.01,10111.5,6137.42,12058.9,9684.78,6568.06,6256.29,0
4795,50000,2,1,2,25,2,-1,0,0,0,-1,33284.54,28886.97,28810.05,27147.6,26383.94,27489.8,6051.46,6556.14,5635.42,9353.81,14065.27,1868.68,1
4796,50000,2,3,2,21,1,-1,-1,-1,-1,0,39857.2,41039.25,35535.21,37179.79,29243.77,24192.68,3685.36,6975.1,7049.21,4076.02,9303.4,5548.75,1
4797,20000,2,1,2,22,0,1,2,-1,-1,-1,14200.35,13221.96,13095.66,11247.05,12208.09,9955.14,7465.03,1605.28,7809.63,3304.75,3875.82,4613.88,1
4798,200000,2,1,1,36,-1,0,-1,-1,-1,-1,41435.32,37563.78,33750.94,23741.66,20843.81,21227.94,11948.09,3373.89,8477.32,3952.51,8791.35,10670.13,0
4799,20000,2,2,2,25,1,0,-1,0,0,1,7569.46,8296.63,8865.08,9298.63,7339.18,6275.51,3834.12,3473.27,582.12,1810.92,3900.62,936.19,1
4800,100000,2,2,1,42,-1,-1,2,-1,1,0,21901.25,19793.56,18620.25,17363.92,12364.84,11944.0,1718.55,4761.44,2672.22,8905.76,2037.8,2930.07,0
4801,20000,2,4,2,21,-1,0,-1,0,-1,-1,14111.06,14087.2,14113.33,10403.6,7526.91,7905.04,5649.05,4253.55,6558.36,5637.67,2162.06,2572.39,0
4802,10000,1,3,1,32,-1,2,-1,-1,0,-1,3131.59,3174.93,2978.99,3164.92,2286.88,1807.15,1566.37,720.55,1252.9,547.84,1063.84,667.9,1
4803,300000,1,3,2,39,-1,0,-1,-1,-1,-1,59641.8,61544.89,66084.55,66698.2,47528.86,42098.05,25824.75,28272.52,33647.17,19594.0,9765.37,11260.82,0
4804,20000,2,1,2,42,0,-1,0,0,-1,-1,3539.68,3747.11,3770.43,3442.62,3165.12,2832.1,1818.4,1594.33,1553.53,2007.06,255.06,1251.97,0
4805,200000,2,1,1,62,-1,0,-1,-1,-1,-1,38319.33,37164.23,36890.98,32416.38,33669.09,31221.75,4281.25,15465.81,14174.42,12534.72,9311.51,9354.16,0
4806,100000,2,2,2,64,0,0,-1,-1,-1,0,29769.49,29213.37,28561.62,28057.82,23524.28,25109.55,4293.77,13766.66,12676.88,13869.93,13759.6,5839.61,0
4807,10000,2,1,2,37,0,0,-1,-1,0,-1,7258.84,7355.68,8066.12,6814.76,5720.96,6248.67,998.71,2726.26,4400.98,2364.65,2318.96,1771.74,0
4808,300000,2,3,1,33,0,-1,-1,-1,-1,2,87054.68,73532.15,73931.23,71117.42,52742.21,53820.97,34736.66,7609.59,33008.41,22631.14,25198.34,7704.51,0
4809,20000,2,2,2,59,-1,-1,0,-1,0,0,6501.83,5591.68,5738.41,4363.27,3056.36,2176.03,3891.47,1579.91,625.24,1957.85,322.94,281.8,0
4810,200000,2,4,2,48,1,2,-1,-1,2,1,160910.99,165624.56,136559.7,103371.96,111714.29,83430.15,44784.97,37138.56,66595.29,23314.73,38084.84,32749.83,1
4811,20000,1,1,1,23,0,-1,-1,-1,-1,0,9077.04,7629.16,7966.88,6568.09,5800.14,4333.09,5014.74,1818.3,4705.83,2649.93,3086.85,1194.98,0
4812,200000,2,2,3,25,-1,-1,-1,-1,-1,-1,101412.46,102075.72,99933.67,105362.39,104830.91,95673.38,54848.43,16107.54,5151.05,35310.2,55971.15,54339.82,0
4813,10000,1,2,2,56,0,0,-1,-1,1,0,1021.78,827.36,745.45,775.36,812.03,582.43,507.38,114.64,238.89,348.63,478.08,137.82,0
4814,100000,2,1,1,35,-1,0,0,-1,-1,-1,16568.61,14932.69,14552.02,13050.89,9720.12,8793.64,5200.65,4576.82,1018.37,1638.5,4894.99,3547.83,0
4815,200000,2,2,2,37,-1,2,-1,-1,0,-1,138495.43,138311.69,136605.62,127615.63,102736.88,102811.8,31162.65,80799.49,78593.86,53758.42,54524.26,44729.87,0
4816,300000,2,2,1,64,3,-1,-1,-1,0,-1,110031.15,111353.08,97774.33,92987.21,83762.15,68749.52,8891.13,6932.93,56432.83,37304.54,13645.31,33249.85,0
4817,300000,2,2,2,49,-1,0,-1,0,-1,-1,65889.19,65166.72,60678.0,51532.44,42202.7,37466.18,20652.22,13383.76,24058.05,28181.76,2715.45,9410.64,0
4818,200000,2,2,2,24,0,-1,1,-1,-1,-1,88608.99,82624.51,83979.9,82344.81,59396.0,43871.82,47006.26,48014.63,27588.0,21136.29,24384.62,13899.73,0
4819,200000,1,1,1,52,-1,-1,0,0,-1,0,27215.63,23851.82,20697.52,19523.12,20638.77,15015.73,8561.23,5870.98,1417.37,10144.95,8862.5,7212.14,0
4820,20000,1,2,2,63,2,-1,-1,-1,-1,-1,13350.02,13136.28,13804.09,11619.51,9294.87,8491.0,679.46,5385.77,8027.53,804.57,5154.61,4482.02,1
4821,50000,2,1,2,58,-1,0,-1,-1,0,-1,8207.69,7021.62,5780.6,4702.8,3428.87,2416.88,4001.05,1384.47,3376.77,965.28,1222.2,499.47,0
4822,50000,2,1,1,24,-1,0,0,-1,-1,0,7194.99,5886.07,5735.19,6264.56,5443.49,5342.11,870.3,2049.16,2631.17,635.86,1541.85,978.55,0
4823,50000,2,1,2,33,0,-1,1,-1,-1,-1,21788.04,17558.56,16046.88,13057.63,13341.77,10096.62,3061.16,2553.75,1057.57,2450.49,7523.49,2393.38,0
4824,50000,1,1,2,40,0,-1,0,-1,-1,0,28482.98,25074.13,20460.34,15746.71,12083.7,12781.09,5086.37,8682.6,9981.51,3710.53,1926.44,4789.43,0
4825,100000,2,2,2,38,0,0,-1,1,0,0,71111.81,57528.74,59389.57,61399.28,53709.47,55863.6,11155.37,18040.72,21325.19,23984.21,16530.17,28371.77,0
4826,20000,2,1,2,62,0,-1,2,-1,0,-1,3135.38,2742.71,2643.87,2708.21,2096.72,1657.75,1392.61,1396.46,1544.99,230.88,154.99,670.26,1
4827,100000,2,2,1,57,-1,-1,-1,-1,0,-1,36785.58,32622.25,33098.46,26329.92,27047.33,21476.2,20871.25,16057.31,14071.76,4355.3,13173.16,3462.61,0
4828,20000,2,2,1,32,0,0,-1,-1,-1,0,6297.05,5689.26,5200.2,5405.49,4914.32,3512.22,720.34,855.05,2994.01,2429.52,1931.5,275.62,0
4829,50000,2,2,2,45,0,-1,-1,2,0,0,34750.34,35238.37,37278.18,39688.76,36964.11,40417.83,9191.59,19985.53,4000.54,16992.82,7744.92,14384.14,0
4830,100000,2,3,2,50,0,-1,-1,-1,0,0,39554.08,36879.97,30430.1,25339.11,25314.26,18279.85,15061.56,9743.25,14171.76,9308.66,8772.01,8581.06,0
4831,200000,2,2,2,35,-1,0,-1,-1,0,-1,120456.62,131971.1,114815.65,95460.82,102704.52,91597.3,37335.3,10270.69,61483.6,41763.81,43952.24,30037.31,0
4832,100000,2,2,1,56,0,-1,1,-1,-1,0,49150.26,53289.06,55334.35,41632.38,30904.53,32131.19,11895.25,4907.75,22121.31,18603.74,14996.32,8083.73,0
4833,100000,1,3,2,28,2,1,-1,0,1,-1,55572.67,60822.13,66077.39,62398.84,64783.82,49500.55,9611.91,17046.09,22974.9,10290.68,6915.97,7860.72,1
4834,20000,2,2,3,48,1,0,0,-1,-1,0,7850.04,7250.84,7641.9,7470.68,6646.6,6702.61,2779.46,3901.61,3639.78,2557.48,1036.29,2453.12,1
4835,100000,1,2,1,42,-1,-1,2,-1,-1,-1,29140.77,23699.04,20600.59,15025.15,14367.05,11026.95,9603.34,3222.45,10716.9,6675.16,4849.12,4260.44,0
4836,10000,1,2,1,58,0,0,0,0,1,0,1477.92,1563.77,1414.53,1108.37,1153.94,948.36,879.78,491.6,555.66,463.11,508.49,482.67,0
4837,50000,2,2,2,36,0,-1,0,-1,0,-1,11938.77,11108.62,11437.98,9243.8,7678.46,6160.02,3641.98,3847.5,5196.0,2847.23,4100.32,2812.71,0
4838,50000,1,2,1,25,-1,0,1,1,0,-1,11904.02,11812.93,12803.82,11247.19,11784.95,8471.32,6386.34,6381.07,3456.37,3217.43,4119.49,2824.94,1
4839,10000,2,1,1,54,0,0,-1,0,0,-1,8478.73,8928.34,7917.42,8150.8,7764.18,5816.7,4827.32,507.35,1911.24,1547.6,1689.22,2880.74,0
4840,50000,2,1,2,58,0,2,-1,-1,0,-1,42495.23,41738.47,38228.38,30188.76,24501.32,23769.69,9798.83,22523.45,6201.39,7914.45,12784.71,2670.49,1
4841,300000,2,1,3,31,-1,2,1,-1,-1,-1,91392.31,93318.02,75294.74,77029.17,82260.78,60414.9,19600.3,18528.4,29652.23,31897.42,47583.95,10958.38,0
4842,300000,2,2,2,22,-1,0,-1,0,-1,-1,55354.03,48413.99,46057.23,48633.46,35168.5,38342.02,31450.19,25626.41,23020.31,13047.23,6575.91,17802.67,0
4843,50000,1,1,2,45,-1,0,-1,-1,-1,-1,16268.73,13966.97,11542.98,9006.0,8431.58,6782.01,5983.58,3955.61,4789.45,3287.95,3214.06,1911.74,0
4844,10000,2,2,2,45,-1,-1,-1,-1,-1,-1,7371.58,7125.23,5883.14,6454.7,4561.84,3393.33,1146.83,1639.22,1563.93,3675.13,1034.71,1240.57,0
4845,20000,1,2,2,21,-1,1,0,0,-1,-1,15932.26,15794.98,16243.48,14727.99,10790.76,9160.8,3036.75,9389.7,9631.98,1118.07,5640.94,4806.64,1
4846,50000,2,2,1,51,-1,-1,1,-1,0,0,25044.07,26585.14,24011.06,22107.64,16361.16,13259.58,1532.32,12770.46,1282.07,10281.66,4495.22,7433.88,0
4847,300000,2,2,1,25,-1,0,-1,0,-1,-1,159628.57,167038.46,180517.12,170846.9,180705.8,132164.78,36255.44,52926.53,39793.09,76935.68,99866.86,74101.39,0
4848,20000,1,4,1,60,1,-1,-1,-1,0,-1,9339.26,10242.51,10394.36,10613.9,9801.73,9435.57,3656.93,2616.76,6054.72,3476.39,3050.3,2314.71,1
4849,200000,2,2,1,24,1,-1,-1,-1,0,-1,49248.89,53676.66,47687.88,45842.45,36857.54,37265.78,10906.52,12114.49,12492.31,5982.43,16682.95,14546.49,0
4850,20000,2,2,1,25,0,-1,0,-1,0,0,2796.38,2760.18,2772.77,2755.98,2359.82,1653.88,491.28,1188.02,1084.38,678.44,565.35,648.15,0
4851,500000,2,3,1,25,2,-1,-1,-1,-1,0,298558.78,283941.74,300887.37,263542.15,272823.9,253385.89,24571.22,79269.18,54709.74,58077.92,92693.39,52532.22,0
4852,50000,2,2,1,36,-1,-1,-1,0,1,-1,36949.2,37990.9,35362.35,33098.6,30717.02,29433.97,19052.79,15478.48,15188.33,14622.36,13199.95,8881.04,0
4853,200000,1,2,1,38,0,-1,0,-1,-1,2,139895.57,122885.91,119018.88,95076.9,67756.69,74081.18,56800.9,34227.59,48416.89,31045.85,10480.32,20693.7,0
4854,50000,2,1,2,63,-1,-1,0,0,-1,-1,41011.82,37144.93,32139.52,27167.43,28484.81,27462.6,22545.56,9446.38,12515.79,6605.98,4154.52,11686.22,0
4855,100000,2,2,1,37,1,-1,0,-1,-1,-1,75091.84,77354.94,71217.8,67844.38,62103.77,50895.42,4660.08,17981.97,18290.0,27341.4,6075.68,19281.56,0
4856,20000,2,3,2,55,-1,-1,-1,-1,0,-1,6601.22,7162.26,6974.0,4996.2,3889.43,3764.23,3677.31,3978.03,4016.9,956.57,948.02,2068.19,1
4857,20000,1,2,1,38,-1,0,0,-1,0,2,3869.02,4134.46,4070.97,3791.92,3739.15,3031.5,1307.2,1949.4,1644.61,1527.15,1398.85,568.05,0
4858,300000,2,2,2,24,-1,1,-1,-1,-1,-1,133376.12,109616.12,111371.11,102493.61,93633.72,70771.46,16592.05,44976.96,11256.22,60105.22,10251.54,26905.54,0
4859,300000,1,2,3,51,2,0,-1,-1,2,-1,113593.9,98778.41,107392.48,83194.69,64537.1,64316.08,21419.51,41088.93,48865.85,13605.01,8541.51,27983.46,0
4860,200000,1,3,2,51,-1,-1,-1,-1,-1,1,136573.23,120456.14,126667.01,135963.28,130529.54,116634.81,17718.1,18093.64,28595.43,14086.09,63029.23,9641.77,0
4861,100000,2,1,2,29,-1,-1,-1,2,-1,-1,15437.88,14124.99,14908.59,10935.1,10460.1,11304.73,2693.93,7974.48,3452.55,6132.61,3036.79,4521.07,0
4862,200000,2,2,2,51,-1,-1,-1,-1,-1,1,170881.62,140331.02,135735.68,97812.41,105822.16,76708.92,33231.99,15167.95,23644.73,24201.67,10479.82,28898.83,0
4863,10000,2,1,1,25,1,2,-1,-1,0,0,8657.35,7525.53,6345.92,6628.25,5340.42,4762.46,3209.77,1303.63,2578.88,2759.57,1204.07,1074.28,1
4864,50000,2,2,3,56,0,-1,-1,-1,-1,-1,8533.79,8660.46,8579.46,8889.37,8172.42,6541.05,1653.36,548.21,4939.17,2147.45,2487.72,3870.28,0
4865,50000,2,2,2,36,0,0,-1,-1,-1,-1,22358.55,19526.51,18001.05,15453.83,12802.12,11547.34,7161.17,4939.59,9005.04,7821.08,2305.41,3165.08,0
4866,100000,1,1,2,62,0,-1,-1,0,-1,-1,81931.67,88712.54,71817.44,78292.35,64142.74,45991.53,33030.4,19437.17,40092.5,25002.49,27109.06,6707.74,0
4867,50000,2,2,1,61,0,-1,-1,-1,-1,-1,12491.25,11578.27,9939.44,10835.84,9776.71,7001.91,5972.9,5941.63,5585.08,2404.93,4828.12,2483.42,0
4868,20000,1,2,2,36,-1,0,-1,-1,-1,-1,13075.42,10851.37,11152.19,8364.05,8246.48,7541.07,7003.39,4522.6,567.09,4180.58,3926.38,1867.39,0
4869,100000,2,1,2,40,-1,-1,0,0,-1,0,66897.13,70429.42,69675.93,62136.22,58527.69,49238.17,9190.55,34238.81,27409.06,11963.53,21201.62,8750.08,0
4870,200000,1,2,2,50,1,-1,-1,-1,-1,-1,57375.54,61658.64,67425.53,48637.2,36328.79,25763.74,23197.35,8125.9,37862.71,21855.03,10927.67,6048.2,0
4871,50000,1,1,2,46,0,1,0,-1,0,-1,5246.65,5658.17,6094.04,5137.9,5492.16,5181.74,588.52,2059.64,2152.87,1182.76,3073.74,2351.41,0
4872,20000,2,2,1,51,3,-1,0,0,-1,2,12631.5,11976.92,11716.76,8537.62,8396.73,7368.76,2261.65,3825.29,4969.1,2526.94,948.63,1581.97,1
4873,20000,1,2,1,35,1,0,1,-1,-1,-1,11876.1,12780.51,10818.48,8268.71,7704.21,8403.71,4317.21,3636.46,3139.56,3261.58,2550.02,3083.37,1
4874,20000,1,2,1,61,0,-1,-1,-1,-1,-1,12395.35,12553.47,11309.47,11954.91,9058.16,9357.02,7078.13,7485.74,5864.17,4898.26,2052.57,470.07,0
4875,50000,2,2,1,58,0,2,-1,0,-1,-1,11257.74,9666.85,8409.22,8726.54,6579.42,6527.22,4331.56,2857.52,1175.84,2680.29,1940.62,736.09,0
4876,100000,1,2,1,58,1,0,0,-1,-1,-1,58298.74,55964.33,52671.1,54945.08,44911.24,40047.23,30999.92,6088.23,5302.16,7109.27,18051.91,18422.8,1
4877,100000,1,1,1,63,-1,-1,-1,-1,-1,0,53333.97,49592.75,51585.0,36783.32,39330.12,35159.37,22372.23,3383.56,13151.41,17071.09,14468.45,5732.91,0
4878,100000,1,3,1,40,-1,1,-1,-1,-1,0,46204.42,43215.73,45227.62,41956.53,31836.17,34256.39,21351.68,21128.53,4223.66,22523.58,14085.4,16661.56,1
4879,50000,2,2,2,55,0,-1,2,-1,-1,0,36076.91,33335.02,28448.76,28722.77,27627.48,27424.3,6198.32,1843.72,3637.86,15916.92,1659.79,5527.0,0
4880,200000,2,1,1,43,-1,-1,1,0,0,-1,82127.7,70020.62,67550.73,65974.26,63200.07,46520.6,26067.79,38852.35,9228.78,6875.4,19857.13,7661.96,0
4881,20000,2,3,2,64,-1,0,0,0,-1,0,7652.27,7017.21,7038.4,6336.26,4668.42,4081.76,3768.16,1155.65,371.08,2820.49,2009.22,1747.65,0
4882,50000,2,1,2,59,2,0,-1,-1,-1,-1,26640.22,25404.13,23346.13,17479.17,17180.87,14900.08,11010.02,13587.21,11620.65,2877.87,8366.29,1552.38,1
4883,200000,1,2,2,45,1,0,0,0,-1,-1,171070.76,151517.77,162371.13,163927.38,145975.13,108746.14,11483.69,73760.78,87821.73,17430.18,16451.41,27128.32,0
4884,20000,2,2,1,42,0,0,-1,-1,0,-1,7508.12,6404.84,5813.71,6139.02,5526.98,5738.25,3134.3,1060.89,418.85,547.09,1240.04,524.87,0
4885,20000,1,2,2,28,0,-1,2,0,-1,-1,9125.28,7842.91,7427.55,5996.67,4210.84,3421.79,1420.33,3999.63,1323.35,314.17,1565.67,550.83,0
4886,200000,2,3,2,29,-1,2,0,0,-1,1,62611.67,53713.99,52427.58,48015.17,50834.58,43183.33,35189.51,12174.1,12456.7,26753.56,13315.05,5877.6,0
4887,50000,2,2,3,35,0,0,-1,-1,0,1,32184.5,30061.13,27902.91,25005.62,23609.0,25778.32,18056.18,4950.4,13645.39,9571.16,6246.8,12746.62,0
4888,100000,2,1,2,40,0,0,-1,-1,-1,2,39126.82,33755.64,36762.94,36515.27,34390.49,33455.89,20136.98,5668.7,6554.59,13942.43,4778.58,12320.81,0
4889,10000,1,3,2,55,1,-1,0,0,0,-1,6541.57,6640.99,6827.87,7308.68,6253.65,6393.37,1029.76,3523.31,1840.65,3626.96,1066.31,3204.71,1
4890,100000,1,3,2,57,2,0,0,0,0,0,21656.82,19506.04,20456.47,18027.14,17679.32,13119.93,2442.39,1131.98,11978.63,9445.47,3615.5,7824.43,1
4891,50000,2,2,1,23,-1,0,0,0,2,0,15550.57,16822.85,17256.69,15272.13,15779.33,14453.94,8396.55,7686.38,8719.16,801.93,7015.75,5133.66,0
4892,10000,1,2,1,54,-1,2,2,-1,0,0,2650.45,2170.24,2119.09,1675.01,1504.16,1483.44,836.07,1066.42,222.11,778.97,418.79,857.6,1
4893,100000,2,1,2,54,0,-1,-1,-1,-1,-1,72192.21,64466.62,52117.99,40219.32,36922.67,37856.84,38440.95,16361.9,11765.5,10615.16,6117.53,3907.65,0
4894,20000,2,2,1,56,0,0,-1,-1,-1,0,3433.08,3506.91,3610.1,2582.8,2023.21,2132.32,1787.42,1537.01,1326.08,594.89,170.98,242.89,0
4895,50000,2,1,1,55,-1,2,0,-1,-1,-1,15077.84,15159.79,14914.32,15317.49,12886.32,9483.69,7880.95,8304.4,6347.34,7038.84,4623.44,3078.24,0
4896,10000,1,1,2,29,1,-1,-1,0,-1,0,5059.12,4685.71,3862.05,3325.04,2950.19,2937.54,896.68,1634.75,1562.41,952.95,480.96,351.14,1
4897,20000,2,2,1,50,3,0,2,0,-1,0,3405.2,3613.12,3019.03,2201.76,2123.62,1569.91,1404.22,1478.78,291.09,1304.33,795.14,868.12,1
4898,50000,2,1,2,46,2,2,0,-1,-1,0,5442.21,4470.29,4221.56,3885.76,4168.25,3591.61,3082.33,1945.42,2517.17,1995.73,1458.39,1175.91,1
4899,10000,2,1,2,32,1,0,2,-1,-1,0,6529.14,6220.5,6567.93,5478.57,4135.4,3632.87,1530.26,3601.07,989.29,851.51,972.33,1935.43,1
4900,300000,1,2,1,44,3,0,-1,-1,-1,-1,177258.98,152464.73,147299.91,160348.87,146176.17,119084.1,73145.54,42837.69,21605.85,53290.97,26148.93,20322.41,0
4901,10000,1,1,1,61,2,-1,-1,-1,0,1,1067.32,973.59,1047.47,920.85,869.64,909.06,268.36,348.12,191.73,402.71,252.35,372.52,0
4902,50000,1,1,1,39,0,0,-1,-1,0,-1,6941.42,7008.89,7322.15,5426.55,5590.43,5224.5,1356.01,2151.27,2020.13,1265.08,1311.62,1037.57,0
4903,20000,1,1,1,64,-1,-1,-1,0,-1,-1,5509.93,4571.55,4522.33,4320.17,4481.88,3389.25,2743.52,1022.34,1024.19,614.8,1046.58,1212.51,0
4904,50000,2,1,1,36,-1,-1,0,0,-1,-1,41247.16,33539.36,29984.48,30505.44,29415.64,24976.45,6352.91,19073.92,9943.26,8916.03,16712.31,13172.08,0
4905,300000,2,2,1,46,-1,0,-1,-1,0,0,186654.47,172888.53,182539.19,170222.05,132407.41,96859.71,20472.17,55185.63,100561.22,20105.8,49624.62,20068.16,0
4906,20000,1,3,1,43,0,-1,0,0,-1,0,14880.0,13115.63,13086.22,13216.16,13373.76,12007.4,2991.43,7369.81,945.65,2373.76,5525.66,3708.55,0
4907,300000,2,2,1,53,1,1,-1,-1,-1,2,212274.76,215704.27,208333.57,170809.51,159095.39,133947.96,62823.37,128358.82,54752.51,76199.63,24900.75,44533.07,0
4908,20000,1,2,2,62,0,0,0,-1,-1,-1,17728.4,14531.35,13807.5,12599.46,13664.54,11324.24,8684.89,7577.68,8176.95,3438.57,3691.4,4411.72,0
4909,100000,1,1,2,50,-1,0,0,-1,-1,-1,86012.57,93749.54,80984.95,83480.08,90265.89,93630.88,15333.96,13204.67,15094.01,24324.12,17343.34,45834.76,0
4910,100000,1,1,2,43,-1,-1,2,-1,-1,-1,15384.5,15172.59,12209.71,8913.94,8206.75,8533.98,8445.26,1079.19,6107.08,3529.72,4590.06,997.5,0
4911,200000,1,1,2,30,-1,-1,-1,2,1,0,23630.13,22457.6,22793.39,18320.73,19737.73,19180.19,8327.62,7810.39,6053.78,4758.13,5966.37,6610.0,0
4912,100000,2,2,1,56,-1,-1,-1,0,-1,-1,49765.49,45971.61,49460.09,47024.49,33401.2,35663.14,22012.35,15905.44,27234.64,13876.27,18476.81,4568.74,0
4913,100000,1,2,2,51,-1,-1,0,-1,2,0,31738.03,32522.01,27809.53,25095.79,26757.18,25737.24,5970.83,12444.82,11132.86,11660.77,8730.07,3844.99,0
4914,20000,2,2,1,63,-1,1,-1,0,-1,2,10073.06,9135.23,9869.86,9947.35,10801.07,10235.11,5173.92,743.17,5342.57,3364.31,6332.02,3278.8,1
4915,20000,2,2,1,42,-1,0,-1,-1,0,-1,3450.77,3564.94,2928.86,2258.92,2465.9,1818.54,231.87,745.97,1168.87,1151.51,1058.79,174.08,1
4916,300000,2,1,2,63,0,1,1,0,-1,0,248127.01,251404.21,242790.99,252243.53,255068.42,179613.08,41239.81,81307.24,131022.81,104174.39,94317.64,17609.97,0
4917,50000,1,2,1,63,-1,0,-1,0,-1,-1,35963.99,34719.81,28979.5,27455.78,21203.12,16622.16,17225.73,11558.0,15859.24,8367.26,8641.28,2469.48,0
4918,50000,1,2,1,58,0,0,-1,-1,-1,-1,27084.66,28888.55,30816.32,24077.57,26241.26,26627.3,2320.39,16484.33,6618.42,13271.75,2759.53,8248.4,0
4919,200000,1,2,2,22,0,0,-1,-1,0,-1,94411.36,85328.58,70905.67,51236.44,44636.27,47835.73,35516.18,49578.41,36257.26,14298.05,17590.99,7211.94,0
4920,50000,2,2,2,43,-1,-1,-1,1,0,0,23739.76,19403.82,16984.48,18560.38,16490.77,13058.26,10627.03,10463.96,8696.45,10690.1,3568.98,3372.22,0
4921,300000,1,2,1,55,0,0,0,-1,-1,-1,177952.29,162445.59,169232.6,148516.15,104859.89,80473.79,64971.74,30488.14,74088.26,79644.77,49936.63,42467.93,0
4922,100000,2,3,1,57,-1,-1,-1,-1,-1,-1,53627.28,56984.38,57357.4,46289.32,38759.49,40086.28,5671.57,22936.86,10475.2,10234.39,10507.92,22453.06,0
4923,100000,2,3,2,52,-1,0,0,0,0,1,48579.04,39990.01,36648.38,28296.78,22718.3,19351.88,18417.09,8028.33,4006.32,1764.94,12032.93,6855.15,0
4924,200000,2,2,2,63,2,-1,-1,-1,1,-1,128681.08,132405.87,139162.64,111007.5,97678.36,106582.17,49697.36,75849.32,54261.67,22816.86,24441.95,63228.15,0
4925,10000,2,2,1,32,0,0,0,0,-1,0,7119.85,7458.59,7389.3,6620.04,5346.83,5797.73,2256.02,2449.09,3027.07,2011.5,1101.99,2539.49,0
4926,50000,1,1,2,55,0,-1,-1,0,-1,0,30718.15,28518.29,25037.16,26067.74,22911.27,19101.96,7693.7,14418.86,14612.23,14174.19,7510.12,2375.39,0
4927,50000,2,3,3,61,1,-1,0,0,-1,-1,20655.49,17729.76,18121.25,14196.09,10775.2,9955.6,3799.77,4718.82,4874.39,2278.47,3255.09,4546.56,1
4928,20000,2,2,1,23,2,0,1,-1,-1,-1,8629.18,7823.69,7040.68,5965.41,6447.48,6266.25,795.63,2032.66,3150.68,3436.4,522.98,2604.41,1
4929,100000,2,1,2,54,-1,-1,0,0,-1,-1,17882.54,16443.74,17179.13,17504.01,16902.79,16158.9,1240.46,1126.99,9165.68,10319.45,7988.53,8498.75,0
4930,300000,2,2,3,58,1,-1,-1,-1,-1,2,129490.9,139808.43,144628.7,139676.41,152998.93,166796.17,62843.66,42322.14,70774.21,43503.76,40544.94,54311.55,0
4931,50000,2,1,1,44,1,-1,-1,-1,-1,-1,36431.69,32256.14,28790.39,20483.84,14378.16,12129.98,12351.75,13031.25,7841.16,2672.46,4348.04,4531.21,1
4932,50000,1,2,2,58,-1,-1,-1,-1,-1,0,7658.82,8361.78,6949.44,5560.4,5751.26,5695.83,1005.18,1015.34,1262.75,2597.97,2535.81,1521.58,0
4933,300000,1,2,1,37,0,1,0,-1,1,0,72124.65,60054.31,62831.01,47183.57,34618.98,32278.58,7349.39,9108.18,4246.99,11405.82,2650.58,1920.43,0
4934,50000,1,1,2,60,-1,0,-1,-1,0,-1,38704.66,42273.58,38440.83,27543.54,27806.23,25254.74,3873.73,24704.66,17949.88,6376.06,5238.59,9628.31,0
4935,50000,1,1,2,21,0,1,0,-1,-1,0,27717.9,24031.3,21570.42,23271.78,24877.27,18890.41,3585.27,10871.27,5643.49,2445.5,4258.18,10809.16,0
4936,50000,1,3,1,28,0,-1,2,-1,-1,-1,31847.96,27081.21,21812.77,20687.19,15645.13,15667.76,2092.02,14886.48,7111.45,12141.62,5316.79,2211.75,0
4937,300000,2,2,2,35,-1,-1,-1,-1,-1,-1,107174.17,89600.83,91192.32,83597.04,90490.31,77733.56,50454.7,27944.88,53827.01,45285.27,47093.14,11242.99,0
4938,100000,2,3,2,45,2,0,-1,-1,0,-1,49103.93,43942.01,38766.54,40473.51,35394.28,26606.19,12361.46,6527.4,2040.28,8597.16,11061.58,7343.89,1
4939,200000,2,2,1,28,1,-1,1,-1,-1,1,141852.21,139719.96,130045.98,121799.71,102029.56,71886.43,29538.85,19771.07,26208.45,10381.01,22336.22,36947.1,1
4940,200000,2,2,1,52,2,-1,-1,0,-1,2,160166.94,160150.77,171351.48,159541.08,162461.7,123375.99,48619.01,55717.57,101029.68,50584.67,17254.81,46005.83,0
4941,50000,2,2,1,33,-1,0,-1,1,-1,-1,43968.26,40054.49,33549.32,26193.93,27273.95,26623.65,9713.4,17762.72,10681.4,3832.96,1404.09,8802.14,0
4942,50000,1,1,2,35,-1,0,0,-1,-1,-1,39041.02,33935.53,27535.68,26108.11,27011.65,26998.21,16923.64,18791.42,15577.29,8380.97,5551.5,14192.35,0
4943,200000,1,1,3,26,1,-1,-1,0,-1,0,30797.31,33831.11,32753.67,31679.39,30083.03,21610.1,6579.78,9267.66,16975.29,15096.54,9187.14,3464.34,0
4944,50000,2,1,2,53,-1,-1,2,1,-1,-1,18734.27,16508.19,16672.55,17548.66,14363.22,10943.43,7332.89,3780.66,7359.41,4485.12,3536.4,6289.35,0
4945,200000,1,1,1,27,0,0,0,-1,0,0,139822.34,127725.91,122419.04,106521.29,86348.09,94955.68,35775.05,72066.66,54177.9,39143.89,26124.06,55028.08,0
4946,300000,1,4,2,53,1,-1,-1,0,-1,-1,130308.78,123049.78,110975.31,86735.02,68647.49,59417.48,35840.86,36851.78,5831.78,30534.87,20035.43,29571.73,0
4947,100000,1,1,1,49,-1,1,-1,1,-1,-1,44909.67,45892.13,41689.75,38675.97,29339.17,31040.93,21586.98,15432.47,8899.08,10481.22,8731.14,6583.4,0
4948,100000,1,2,1,58,-1,2,1,-1,-1,0,73545.09,62191.82,52545.52,57223.28,49042.06,42309.65,24655.66,18475.89,15368.24,33327.76,20547.48,10852.42,1
4949,200000,2,2,2,57,0,1,0,-1,-1,-1,153347.02,134920.88,120553.79,88019.02,91752.72,83643.42,41869.42,63754.27,40493.13,20916.19,23355.57,22741.35,0
4950,200000,2,1,2,64,-1,-1,-1,1,-1,-1,146625.33,161151.75,165610.14,116157.11,127594.98,134005.82,33782.36,14365.63,48708.62,7972.42,63921.9,19278.93,0
4951,50000,2,2,2,52,0,-1,-1,-1,-1,-1,19184.98,20097.19,19087.15,13635.2,13327.56,14606.27,7876.72,10249.96,5536.54,7026.51,6537.7,1097.43,0
4952,10000,2,1,3,23,-1,2,-1,-1,-1,-1,2824.11,2635.35,2812.52,2904.04,2214.21,1612.83,1114.62,699.85,1474.99,1632.01,392.62,138.37,1
4953,50000,1,2,2,40,-1,-1,2,-1,0,0,19349.71,16110.7,13700.54,9596.53,9303.12,8864.86,1854.22,9364.38,7991.28,3042.76,1042.43,3444.78,1
4954,100000,1,1,2,34,1,-1,-1,-1,-1,0,66110.68,70078.16,65363.77,51547.22,41760.64,37057.76,27836.88,15085.18,33719.13,4901.77,22871.27,21590.39,1
4955,50000,1,2,1,48,0,-1,-1,1,-1,-1,19588.58,20272.25,20484.75,22381.89,22092.13,20229.32,5850.29,6257.24,8811.19,2212.44,3186.49,1950.37,0
4956,100000,1,2,3,58,0,-1,2,-1,1,-1,14430.59,14058.37,12395.07,12374.37,9831.62,7675.43,8451.8,3968.92,5639.27,4485.2,3998.12,3083.27,0
4957,50000,2,3,2,24,-1,0,-1,-1,0,0,37030.28,34117.37,30025.12,23645.41,18103.54,19148.87,11391.94,16744.25,13677.39,2727.57,9526.24,2224.24,0
4958,100000,2,3,2,35,0,1,-1,0,2,0,15074.18,16290.43,13548.43,10686.45,10192.62,8304.1,8574.83,6831.59,6636.53,1687.17,538.47,3049.92,0
4959,20000,2,2,1,37,3,0,2,0,-1,-1,17938.14,15941.59,17023.7,15037.68,14647.61,11069.8,8828.1,6468.65,1374.72,7211.49,2878.07,3250.75,1
4960,100000,1,2,2,57,0,0,-1,1,-1,0,78925.37,70738.78,60252.37,44007.95,34058.14,33497.6,45955.71,31328.69,5490.87,7570.6,7103.91,2316.59,0
4961,100000,2,2,2,44,0,-1,2,-1,-1,-1,86506.99,91927.55,100296.46,96407.42,87229.75,95269.68,14121.82,53087.28,10386.38,25268.72,37467.16,23471.9,0
4962,20000,2,2,1,58,-1,0,-1,2,0,0,15332.1,15146.62,14156.81,12721.88,13386.73,10657.85,3568.93,4739.01,7802.54,3240.21,5421.49,5138.76,0
4963,50000,2,3,2,62,0,-1,-1,-1,-1,-1,9042.78,9813.85,10741.61,9320.55,9077.54,8057.12,3378.34,4008.24,4210.58,2722.42,3215.19,1271.3,0
4964,100000,2,1,2,61,1,-1,-1,0,-1,0,43500.41,43217.81,35097.44,31451.21,30518.75,22153.84,4504.36,18416.95,10544.22,8842.39,16848.42,7419.46,1
4965,50000,2,2,1,56,1,-1,2,-1,0,-1,41317.39,33462.84,32463.24,26254.46,25976.73,21648.75,18232.47,17447.32,15375.53,8849.27,15400.52,4127.1,1
4966,20000,2,2,1,61,0,0,-1,1,0,-1,3454.07,2946.46,2967.82,2330.98,1958.05,2001.74,683.97,614.39,507.67,796.98,171.05,1118.9,0
4967,300000,2,2,2,28,2,-1,-1,0,1,-1,103258.97,91336.96,87218.09,63444.0,49637.21,52249.23,13650.24,45073.36,42977.4,10998.05,26276.68,29258.72,0
4968,100000,1,1,1,23,-1,2,-1,-1,2,-1,47367.89,50218.41,48763.62,46334.88,46029.11,36535.36,3904.06,16300.47,11714.08,6127.84,7701.9,16426.61,0
4969,300000,2,2,2,50,0,2,-1,-1,0,-1,137979.47,144775.87,139204.91,124954.36,128050.27,117674.7,38395.37,8525.58,55537.16,19023.64,17258.73,50578.69,0
4970,50000,1,2,2,42,-1,-1,0,0,-1,-1,42756.05,44342.22,37461.96,36878.44,39029.28,39572.98,5131.12,5950.32,22218.69,5988.03,18716.94,13991.68,0
4971,50000,1,4,1,53,0,-1,0,0,-1,0,20804.74,20098.66,19286.11,20399.95,20769.1,14692.02,6750.47,10283.45,1726.74,10231.58,8269.69,7077.1,0
4972,200000,2,2,2,45,-1,0,0,-1,-1,0,58233.8,49014.69,47177.57,51763.92,43400.72,34066.17,16012.88,9683.14,27203.52,29069.47,3597.64,20129.81,0
4973,100000,2,1,2,50,2,2,0,-1,-1,0,45594.76,38270.43,34698.82,27446.04,24338.85,17400.71,24118.36,8164.92,16387.8,12527.21,4098.92,10073.9,1
4974,100000,1,1,2,57,1,1,0,0,-1,1,41679.5,34920.23,34300.23,26314.43,26629.26,19991.37,3755.99,15865.48,10118.11,1917.55,11759.41,9891.79,1
4975,50000,2,1,2,23,-1,-1,0,-1,-1,-1,29932.11,31619.79,29203.13,31096.74,28454.7,21940.44,15650.05,13509.57,3106.97,11806.84,1590.18,2740.15,0
4976,50000,1,2,2,24,0,-1,-1,-1,-1,0,44765.89,37713.79,38714.96,33319.46,30749.29,21888.35,19842.22,11226.65,4314.17,15973.74,6357.2,11464.6,0
4977,20000,2,2,1,49,1,-1,2,0,2,0,10822.68,11283.27,9155.96,9351.67,10071.92,8814.46,4386.52,5094.8,3390.79,3149.99,3003.43,3311.04,1
4978,20000,2,1,1,52,-1,-1,-1,-1,0,-1,9395.63,9897.59,7947.62,5993.55,6491.28,5615.08,5509.58,3817.73,2694.22,563.41,3582.74,1927.9,0
4979,10000,2,2,1,43,-1,-1,-1,-1,-1,-1,5750.82,4781.86,4577.09,3743.76,3760.55,3071.14,443.14,720.45,1576.66,1241.49,1946.86,1074.06,0
4980,10000,2,2,1,39,-1,0,0,-1,-1,-1,8838.39,9462.39,10378.04,7310.58,7484.77,6192.09,2826.43,1913.68,2105.4,2928.22,1267.18,1175.51,0
4981,500000,1,1,2,35,-1,-1,1,0,0,2,299919.96,320692.86,299411.15,328140.57,264412.82,241898.95,135293.34,27359.29,30083.11,119201.82,57733.49,39603.4,0
4982,20000,2,1,2,36,0,1,-1,-1,-1,-1,3966.95,3933.09,3160.49,2219.47,2080.82,2126.44,1364.38,1627.67,1547.67,991.87,697.31,630.82,1
4983,100000,1,4,2,43,0,-1,1,-1,-1,-1,83015.04,79188.28,70883.95,54485.63,48555.97,52928.3,18782.34,6373.77,12189.99,10731.4,14077.42,21075.0,0
4984,200000,2,2,1,60,0,-1,-1,-1,1,-1,114531.48,113866.25,107054.23,98811.5,70790.46,72683.46,7377.23,52207.35,43353.11,42850.35,33491.63,29662.78,0
4985,100000,2,2,1,57,0,-1,-1,-1,-1,-1,22648.43,20869.28,22337.2,23234.04,24475.06,20948.89,9255.34,7159.06,5599.08,5417.45,14028.76,7075.04,0
4986,20000,2,2,2,21,3,-1,-1,-1,1,0,5687.87,5554.76,4645.92,4727.81,3868.7,4062.96,2992.03,1618.24,1852.4,2090.42,1515.97,2037.96,1
4987,100000,1,2,1,39,1,0,0,-1,-1,0,19642.83,21427.53,23084.24,18496.57,19841.4,20430.17,8742.75,8105.03,10922.92,5893.68,2215.83,11386.97,1
4988,100000,1,2,2,57,0,-1,-1,-1,1,-1,86860.82,72440.79,78384.27,82467.75,78723.68,83831.99,6783.44,28306.65,12281.93,39633.88,23057.96,14107.07,0
4989,100000,1,2,1,55,-1,1,-1,-1,-1,-1,15667.99,13633.3,13528.15,9846.49,10094.82,7331.09,6824.22,5063.98,778.53,3213.66,3542.67,3340.11,1
4990,200000,2,3,2,50,-1,2,-1,-1,-1,-1,142308.42,136221.47,118179.59,98412.34,86948.06,73157.88,64840.43,60248.27,24050.58,20491.71,50025.08,13014.03,0
4991,500000,2,3,2,37,-1,1,-1,-1,-1,-1,185063.4,162408.41,156076.51,125674.52,97393.48,69988.13,76769.95,64936.88,90322.07,74698.82,23356.41,36031.69,0
4992,100000,1,2,2,59,0,0,-1,1,-1,-1,16489.01,18102.15,18916.65,18204.3,19112.47,15836.15,6165.86,5714.76,2850.93,3334.45,7993.74,5211.34,0
4993,50000,2,1,1,46,-1,0,-1,0,-1,0,22353.89,22713.36,20610.43,14742.75,14935.16,12130.94,9741.54,11498.54,6396.17,4001.8,839.38,3089.21,0
4994,100000,2,2,2,33,-1,-1,-1,0,-1,-1,10021.58,9322.0,9989.4,10406.36,10425.27,11094.29,3676.74,5458.21,2550.96,4957.17,3025.26,5221.47,0
4995,10000,1,2,2,42,2,0,-1,2,-1,-1,7538.18,8072.05,6668.14,7231.89,5677.87,6120.56,2363.29,3123.27,1468.63,2421.31,410.31,553.16,1
4996,200000,2,2,2,43,0,2,-1,-1,2,-1,106706.35,89989.1,80284.26,63786.12,57959.83,56686.37,36814.33,39744.12,36289.03,27153.4,10453.77,20581.35,0
4997,20000,2,1,1,64,2,-1,-1,-1,-1,-1,9227.94,8179.39,8980.63,9526.55,7898.0,6422.01,827.19,2696.31,4013.64,3033.08,2433.45,2249.15,1
4998,50000,2,1,1,63,2,0,-1,-1,-1,-1,38169.1,41481.41,40451.11,42979.2,40620.1,28546.55,12941.23,11220.1,19379.03,16580.5,15018.9,15051.09,1
4999,200000,1,2,1,53,-1,1,-1,-1,0,0,103091.25,99698.68,97415.83,92598.5,84539.74,81853.23,45049.34,52186.69,23043.28,30718.29,44989.27,18415.88,0
5000,100000,1,1,1,47,2,2,-1,0,-1,-1,57623.86,62014.74,54074.43,48818.14,37636.49,33863.8,18528.66,9740.53,13386.88,29067.75,5707.3,7356.87,1
